timestamp,view_count,like_count,comment_count,title
2026-02-14 08:00:00,0,0,0,"최대 큰손 국민연금, 본격 코스닥 투자 임박? | 김성주 국민연금공단 이사장 [더 피플]"
2026-02-14 09:20:00,2324,150,22,"최대 큰손 국민연금, 본격 코스닥 투자 임박? | 김성주 국민연금공단 이사장 [더 피플]"
2026-02-14 12:20:13,9617,653,48,"최대 큰손 국민연금, 본격 코스닥 투자 임박? | 김성주 국민연금공단 이사장 [더 피플]"
2026-02-14 12:24:45,10025,660,48,"최대 큰손 국민연금, 본격 코스닥 투자 임박? | 김성주 국민연금공단 이사장 [더 피플]"
2026-02-14 12:24:50,10025,660,48,"최대 큰손 국민연금, 본격 코스닥 투자 임박? | 김성주 국민연금공단 이사장 [더 피플]"
2026-02-14 12:27:51,10218,662,48,"최대 큰손 국민연금, 본격 코스닥 투자 임박? | 김성주 국민연금공단 이사장 [더 피플]"
2026-02-14 12:29:33,10228,664,48,"최대 큰손 국민연금, 본격 코스닥 투자 임박? | 김성주 국민연금공단 이사장 [더 피플]"
2026-02-14 12:29:35,10228,664,48,"최대 큰손 국민연금, 본격 코스닥 투자 임박? | 김성주 국민연금공단 이사장 [더 피플]"
2026-02-14 12:29:44,10228,664,48,"최대 큰손 국민연금, 본격 코스닥 투자 임박? | 김성주 국민연금공단 이사장 [더 피플]"
2026-02-14 12:29:48,10228,664,48,"최대 큰손 국민연금, 본격 코스닥 투자 임박? | 김성주 국민연금공단 이사장 [더 피플]"
2026-02-14 12:29:50,10228,664,48,"최대 큰손 국민연금, 본격 코스닥 투자 임박? | 김성주 국민연금공단 이사장 [더 피플]"
2026-02-14 12:33:04,10243,675,48,"최대 큰손 국민연금, 본격 코스닥 투자 임박? | 김성주 국민연금공단 이사장 [더 피플]"
2026-02-14 12:33:08,10243,675,48,"최대 큰손 국민연금, 본격 코스닥 투자 임박? | 김성주 국민연금공단 이사장 [더 피플]"
2026-02-14 12:33:09,10243,675,48,"최대 큰손 국민연금, 본격 코스닥 투자 임박? | 김성주 국민연금공단 이사장 [더 피플]"
2026-02-14 12:35:20,10433,677,48,"최대 큰손 국민연금, 본격 코스닥 투자 임박? | 김성주 국민연금공단 이사장 [더 피플]"
2026-02-14 12:35:34,10433,677,48,"최대 큰손 국민연금, 본격 코스닥 투자 임박? | 김성주 국민연금공단 이사장 [더 피플]"
2026-02-14 12:35:49,10435,677,48,"최대 큰손 국민연금, 본격 코스닥 투자 임박? | 김성주 국민연금공단 이사장 [더 피플]"
2026-02-14 12:35:51,10435,677,48,"최대 큰손 국민연금, 본격 코스닥 투자 임박? | 김성주 국민연금공단 이사장 [더 피플]"
2026-02-14 12:35:51,10435,677,48,"최대 큰손 국민연금, 본격 코스닥 투자 임박? | 김성주 국민연금공단 이사장 [더 피플]"
2026-02-14 12:40:26,10642,687,48,"최대 큰손 국민연금, 본격 코스닥 투자 임박? | 김성주 국민연금공단 이사장 [더 피플]"
2026-02-14 12:40:30,10642,687,48,"최대 큰손 국민연금, 본격 코스닥 투자 임박? | 김성주 국민연금공단 이사장 [더 피플]"
2026-02-14 12:41:38,10652,688,49,"최대 큰손 국민연금, 본격 코스닥 투자 임박? | 김성주 국민연금공단 이사장 [더 피플]"
2026-02-14 12:41:42,10652,688,49,"최대 큰손 국민연금, 본격 코스닥 투자 임박? | 김성주 국민연금공단 이사장 [더 피플]"
2026-02-14 12:48:54,11289,701,52,"최대 큰손 국민연금, 본격 코스닥 투자 임박? | 김성주 국민연금공단 이사장 [더 피플]"
2026-02-14 13:08:23,12217,737,56,"최대 큰손 국민연금, 본격 코스닥 투자 임박? | 김성주 국민연금공단 이사장 [더 피플]"
2026-02-14 13:49:18,14158,804,62,"최대 큰손 국민연금, 본격 코스닥 투자 임박? | 김성주 국민연금공단 이사장 [더 피플]"
2026-02-14 14:05:10,14922,829,65,"최대 큰손 국민연금, 본격 코스닥 투자 임박? | 김성주 국민연금공단 이사장 [더 피플]"
2026-02-14 14:10:51,15057,841,66,"최대 큰손 국민연금, 본격 코스닥 투자 임박? | 김성주 국민연금공단 이사장 [더 피플]"
2026-02-14 15:24:03,18782,928,74,"최대 큰손 국민연금, 본격 코스닥 투자 임박? | 김성주 국민연금공단 이사장 [더 피플]"
2026-02-14 15:24:53,18782,931,74,"최대 큰손 국민연금, 본격 코스닥 투자 임박? | 김성주 국민연금공단 이사장 [더 피플]"
2026-02-14 16:07:11,20445,974,76,"최대 큰손 국민연금, 본격 코스닥 투자 임박? | 김성주 국민연금공단 이사장 [더 피플]"
2026-02-14 16:44:39,22026,1009,84,"최대 큰손 국민연금, 본격 코스닥 투자 임박? | 김성주 국민연금공단 이사장 [더 피플]"
2026-02-14 17:00:12,22497,1021,87,"최대 큰손 국민연금, 본격 코스닥 투자 임박? | 김성주 국민연금공단 이사장 [더 피플]"
2026-02-14 17:36:43,23530,1051,90,"최대 큰손 국민연금, 본격 코스닥 투자 임박? | 김성주 국민연금공단 이사장 [더 피플]"
2026-02-14 18:01:50,24295,1070,95,"최대 큰손 국민연금, 본격 코스닥 투자 임박? | 김성주 국민연금공단 이사장 [더 피플]"
2026-02-14 18:38:04,25296,1099,99,"최대 큰손 국민연금, 본격 코스닥 투자 임박? | 김성주 국민연금공단 이사장 [더 피플]"
2026-02-14 18:57:09,25783,1109,99,"최대 큰손 국민연금, 본격 코스닥 투자 임박? | 김성주 국민연금공단 이사장 [더 피플]"
2026-02-14 19:20:59,26456,1120,102,"최대 큰손 국민연금, 본격 코스닥 투자 임박? | 김성주 국민연금공단 이사장 [더 피플]"
2026-02-14 19:49:25,27249,1132,104,"최대 큰손 국민연금, 본격 코스닥 투자 임박? | 김성주 국민연금공단 이사장 [더 피플]"
2026-02-14 20:03:00,27539,1142,105,"최대 큰손 국민연금, 본격 코스닥 투자 임박? | 김성주 국민연금공단 이사장 [더 피플]"
2026-02-14 20:30:57,27957,1153,104,"최대 큰손 국민연금, 본격 코스닥 투자 임박? | 김성주 국민연금공단 이사장 [더 피플]"
2026-02-14 20:47:46,28200,1158,105,"최대 큰손 국민연금, 본격 코스닥 투자 임박? | 김성주 국민연금공단 이사장 [더 피플]"
2026-02-14 20:57:58,28395,1159,105,"최대 큰손 국민연금, 본격 코스닥 투자 임박? | 김성주 국민연금공단 이사장 [더 피플]"
2026-02-14 21:40:44,28843,1175,111,"최대 큰손 국민연금, 본격 코스닥 투자 임박? | 김성주 국민연금공단 이사장 [더 피플]"
2026-02-14 22:30:45,29510,1202,117,"최대 큰손 국민연금, 본격 코스닥 투자 임박? | 김성주 국민연금공단 이사장 [더 피플]"
2026-02-14 22:46:31,29676,1209,118,"최대 큰손 국민연금, 본격 코스닥 투자 임박? | 김성주 국민연금공단 이사장 [더 피플]"
2026-02-14 22:47:30,29676,1209,118,"최대 큰손 국민연금, 본격 코스닥 투자 임박? | 김성주 국민연금공단 이사장 [더 피플]"
2026-02-14 22:56:25,29817,1213,119,"최대 큰손 국민연금, 본격 코스닥 투자 임박? | 김성주 국민연금공단 이사장 [더 피플]"
2026-02-14 23:08:33,30009,1217,123,"최대 큰손 국민연금, 본격 코스닥 투자 임박? | 김성주 국민연금공단 이사장 [더 피플]"
2026-02-14 23:18:25,30088,1220,123,"최대 큰손 국민연금, 본격 코스닥 투자 임박? | 김성주 국민연금공단 이사장 [더 피플]"
2026-02-14 23:26:58,30154,1225,123,"최대 큰손 국민연금, 본격 코스닥 투자 임박? | 김성주 국민연금공단 이사장 [더 피플]"
2026-02-14 23:31:59,30267,1228,123,"최대 큰손 국민연금, 본격 코스닥 투자 임박? | 김성주 국민연금공단 이사장 [더 피플]"
2026-02-14 23:54:46,30700,1237,124,"최대 큰손 국민연금, 본격 코스닥 투자 임박? | 김성주 국민연금공단 이사장 [더 피플]"
2026-02-15 00:15:01,31031,1244,124,"최대 큰손 국민연금, 본격 코스닥 투자 임박? | 김성주 국민연금공단 이사장 [더 피플]"
2026-02-15 00:42:33,31432,1257,127,"최대 큰손 국민연금, 본격 코스닥 투자 임박? | 김성주 국민연금공단 이사장 [더 피플]"
2026-02-15 00:57:19,31704,1261,127,"최대 큰손 국민연금, 본격 코스닥 투자 임박? | 김성주 국민연금공단 이사장 [더 피플]"
2026-02-15 01:22:10,32040,1264,127,"최대 큰손 국민연금, 본격 코스닥 투자 임박? | 김성주 국민연금공단 이사장 [더 피플]"
2026-02-15 01:52:16,32467,1270,127,"최대 큰손 국민연금, 본격 코스닥 투자 임박? | 김성주 국민연금공단 이사장 [더 피플]"
2026-02-15 02:15:04,32650,1277,127,"최대 큰손 국민연금, 본격 코스닥 투자 임박? | 김성주 국민연금공단 이사장 [더 피플]"
2026-02-15 02:43:21,33013,1281,127,"최대 큰손 국민연금, 본격 코스닥 투자 임박? | 김성주 국민연금공단 이사장 [더 피플]"
2026-02-15 02:57:24,33146,1280,127,"최대 큰손 국민연금, 본격 코스닥 투자 임박? | 김성주 국민연금공단 이사장 [더 피플]"
2026-02-15 03:26:40,33561,1289,127,"최대 큰손 국민연금, 본격 코스닥 투자 임박? | 김성주 국민연금공단 이사장 [더 피플]"
2026-02-15 03:58:48,33876,1294,129,"최대 큰손 국민연금, 본격 코스닥 투자 임박? | 김성주 국민연금공단 이사장 [더 피플]"
2026-02-15 04:22:37,34036,1299,129,"최대 큰손 국민연금, 본격 코스닥 투자 임박? | 김성주 국민연금공단 이사장 [더 피플]"
2026-02-15 04:41:50,34236,1303,129,"최대 큰손 국민연금, 본격 코스닥 투자 임박? | 김성주 국민연금공단 이사장 [더 피플]"
2026-02-15 04:53:52,34372,1306,129,"최대 큰손 국민연금, 본격 코스닥 투자 임박? | 김성주 국민연금공단 이사장 [더 피플]"
2026-02-15 05:00:07,34426,1309,129,"최대 큰손 국민연금, 본격 코스닥 투자 임박? | 김성주 국민연금공단 이사장 [더 피플]"
2026-02-15 05:29:14,34651,1313,130,"최대 큰손 국민연금, 본격 코스닥 투자 임박? | 김성주 국민연금공단 이사장 [더 피플]"
2026-02-15 05:51:23,34763,1319,130,"최대 큰손 국민연금, 본격 코스닥 투자 임박? | 김성주 국민연금공단 이사장 [더 피플]"
2026-02-15 06:02:58,34841,1323,130,"최대 큰손 국민연금, 본격 코스닥 투자 임박? | 김성주 국민연금공단 이사장 [더 피플]"
2026-02-15 06:34:10,35085,1334,130,"최대 큰손 국민연금, 본격 코스닥 투자 임박? | 김성주 국민연금공단 이사장 [더 피플]"
2026-02-15 06:51:25,35228,1342,130,"최대 큰손 국민연금, 본격 코스닥 투자 임박? | 김성주 국민연금공단 이사장 [더 피플]"
2026-02-15 07:00:13,35324,1347,130,"최대 큰손 국민연금, 본격 코스닥 투자 임박? | 김성주 국민연금공단 이사장 [더 피플]"
2026-02-15 07:26:53,35551,1373,130,"최대 큰손 국민연금, 본격 코스닥 투자 임박? | 김성주 국민연금공단 이사장 [더 피플]"
2026-02-15 07:49:04,35866,1378,130,"최대 큰손 국민연금, 본격 코스닥 투자 임박? | 김성주 국민연금공단 이사장 [더 피플]"
2026-02-15 08:01:29,35979,1382,132,"최대 큰손 국민연금, 본격 코스닥 투자 임박? | 김성주 국민연금공단 이사장 [더 피플]"
2026-02-15 08:32:01,36364,1403,133,"최대 큰손 국민연금, 본격 코스닥 투자 임박? | 김성주 국민연금공단 이사장 [더 피플]"
2026-02-15 08:50:23,36670,1417,136,"최대 큰손 국민연금, 본격 코스닥 투자 임박? | 김성주 국민연금공단 이사장 [더 피플]"
2026-02-15 09:00:19,36884,1421,136,"최대 큰손 국민연금, 본격 코스닥 투자 임박? | 김성주 국민연금공단 이사장 [더 피플]"
2026-02-15 11:34:43,39537,1482,136,"최대 큰손 국민연금, 본격 코스닥 투자 임박? | 김성주 국민연금공단 이사장 [더 피플]"
2026-02-15 13:35:55,40804,1519,141,"최대 큰손 국민연금, 본격 코스닥 투자 임박? | 김성주 국민연금공단 이사장 [더 피플]"
2026-02-15 14:42:38,41281,1539,143,"최대 큰손 국민연금, 본격 코스닥 투자 임박? | 김성주 국민연금공단 이사장 [더 피플]"
2026-02-15 15:31:40,41721,1550,143,"최대 큰손 국민연금, 본격 코스닥 투자 임박? | 김성주 국민연금공단 이사장 [더 피플]"
2026-02-15 16:22:56,42060,1574,146,"최대 큰손 국민연금, 본격 코스닥 투자 임박? | 김성주 국민연금공단 이사장 [더 피플]"
2026-02-15 16:53:08,42431,1587,147,"최대 큰손 국민연금, 본격 코스닥 투자 임박? | 김성주 국민연금공단 이사장 [더 피플]"
2026-02-15 17:17:18,42572,1597,147,"최대 큰손 국민연금, 본격 코스닥 투자 임박? | 김성주 국민연금공단 이사장 [더 피플]"
2026-02-15 17:52:19,42909,1610,147,"최대 큰손 국민연금, 본격 코스닥 투자 임박? | 김성주 국민연금공단 이사장 [더 피플]"
2026-02-15 18:17:43,43151,1618,147,"최대 큰손 국민연금, 본격 코스닥 투자 임박? | 김성주 국민연금공단 이사장 [더 피플]"
2026-02-15 18:48:59,43541,1622,147,"최대 큰손 국민연금, 본격 코스닥 투자 임박? | 김성주 국민연금공단 이사장 [더 피플]"
2026-02-15 19:01:11,43640,1624,147,"최대 큰손 국민연금, 본격 코스닥 투자 임박? | 김성주 국민연금공단 이사장 [더 피플]"
2026-02-15 19:33:08,43948,1627,147,"최대 큰손 국민연금, 본격 코스닥 투자 임박? | 김성주 국민연금공단 이사장 [더 피플]"
2026-02-15 19:56:28,44202,1630,147,"최대 큰손 국민연금, 본격 코스닥 투자 임박? | 김성주 국민연금공단 이사장 [더 피플]"
2026-02-15 20:17:21,44309,1634,148,"최대 큰손 국민연금, 본격 코스닥 투자 임박? | 김성주 국민연금공단 이사장 [더 피플]"
2026-02-15 20:39:39,44488,1640,148,"최대 큰손 국민연금, 본격 코스닥 투자 임박? | 김성주 국민연금공단 이사장 [더 피플]"
2026-02-15 20:53:01,44613,1641,148,"최대 큰손 국민연금, 본격 코스닥 투자 임박? | 김성주 국민연금공단 이사장 [더 피플]"
2026-02-15 21:00:15,44636,1640,148,"최대 큰손 국민연금, 본격 코스닥 투자 임박? | 김성주 국민연금공단 이사장 [더 피플]"
2026-02-15 21:57:42,44911,1650,148,"최대 큰손 국민연금, 본격 코스닥 투자 임박? | 김성주 국민연금공단 이사장 [더 피플]"
2026-02-15 22:42:23,45131,1660,148,"최대 큰손 국민연금, 본격 코스닥 투자 임박? | 김성주 국민연금공단 이사장 [더 피플]"
2026-02-15 23:05:11,45277,1665,148,"최대 큰손 국민연금, 본격 코스닥 투자 임박? | 김성주 국민연금공단 이사장 [더 피플]"
2026-02-15 23:39:17,45471,1669,148,"최대 큰손 국민연금, 본격 코스닥 투자 임박? | 김성주 국민연금공단 이사장 [더 피플]"
2026-02-15 23:58:51,45564,1671,149,"최대 큰손 국민연금, 본격 코스닥 투자 임박? | 김성주 국민연금공단 이사장 [더 피플]"
2026-02-16 00:25:26,45711,1677,150,"최대 큰손 국민연금, 본격 코스닥 투자 임박? | 김성주 국민연금공단 이사장 [더 피플]"
2026-02-16 00:46:04,45854,1679,150,"최대 큰손 국민연금, 본격 코스닥 투자 임박? | 김성주 국민연금공단 이사장 [더 피플]"
2026-02-16 00:59:18,45973,1680,150,"최대 큰손 국민연금, 본격 코스닥 투자 임박? | 김성주 국민연금공단 이사장 [더 피플]"
2026-02-16 01:31:39,46153,1681,151,"최대 큰손 국민연금, 본격 코스닥 투자 임박? | 김성주 국민연금공단 이사장 [더 피플]"
2026-02-16 01:58:25,46345,1681,151,"최대 큰손 국민연금, 본격 코스닥 투자 임박? | 김성주 국민연금공단 이사장 [더 피플]"
2026-02-16 02:24:33,46470,1683,152,"최대 큰손 국민연금, 본격 코스닥 투자 임박? | 김성주 국민연금공단 이사장 [더 피플]"
2026-02-16 02:47:46,46614,1684,152,"최대 큰손 국민연금, 본격 코스닥 투자 임박? | 김성주 국민연금공단 이사장 [더 피플]"
2026-02-16 03:00:41,46711,1684,152,"최대 큰손 국민연금, 본격 코스닥 투자 임박? | 김성주 국민연금공단 이사장 [더 피플]"
2026-02-16 03:42:02,46879,1687,152,"최대 큰손 국민연금, 본격 코스닥 투자 임박? | 김성주 국민연금공단 이사장 [더 피플]"
2026-02-16 04:05:46,46993,1689,154,"최대 큰손 국민연금, 본격 코스닥 투자 임박? | 김성주 국민연금공단 이사장 [더 피플]"
2026-02-16 04:35:35,47094,1694,154,"최대 큰손 국민연금, 본격 코스닥 투자 임박? | 김성주 국민연금공단 이사장 [더 피플]"
2026-02-16 04:50:43,47179,1695,154,"최대 큰손 국민연금, 본격 코스닥 투자 임박? | 김성주 국민연금공단 이사장 [더 피플]"
2026-02-16 04:59:12,47204,1696,154,"최대 큰손 국민연금, 본격 코스닥 투자 임박? | 김성주 국민연금공단 이사장 [더 피플]"
2026-02-16 05:27:39,47306,1699,155,"최대 큰손 국민연금, 본격 코스닥 투자 임박? | 김성주 국민연금공단 이사장 [더 피플]"
2026-02-16 05:50:23,47415,1706,156,"최대 큰손 국민연금, 본격 코스닥 투자 임박? | 김성주 국민연금공단 이사장 [더 피플]"
2026-02-16 06:03:01,47501,1709,156,"최대 큰손 국민연금, 본격 코스닥 투자 임박? | 김성주 국민연금공단 이사장 [더 피플]"
2026-02-16 06:33:56,47643,1714,156,"최대 큰손 국민연금, 본격 코스닥 투자 임박? | 김성주 국민연금공단 이사장 [더 피플]"
2026-02-16 06:51:22,47707,1716,156,"최대 큰손 국민연금, 본격 코스닥 투자 임박? | 김성주 국민연금공단 이사장 [더 피플]"
2026-02-16 07:00:14,47755,1719,156,"최대 큰손 국민연금, 본격 코스닥 투자 임박? | 김성주 국민연금공단 이사장 [더 피플]"
2026-02-16 07:29:34,47927,1729,156,"최대 큰손 국민연금, 본격 코스닥 투자 임박? | 김성주 국민연금공단 이사장 [더 피플]"
2026-02-16 07:51:43,48043,1735,158,"최대 큰손 국민연금, 본격 코스닥 투자 임박? | 김성주 국민연금공단 이사장 [더 피플]"
2026-02-16 08:13:30,48239,1741,160,"최대 큰손 국민연금, 본격 코스닥 투자 임박? | 김성주 국민연금공단 이사장 [더 피플]"
2026-02-16 08:42:10,48381,1752,161,"최대 큰손 국민연금, 본격 코스닥 투자 임박? | 김성주 국민연금공단 이사장 [더 피플]"
2026-02-16 08:58:31,48571,1755,161,"최대 큰손 국민연금, 본격 코스닥 투자 임박? | 김성주 국민연금공단 이사장 [더 피플]"
2026-02-16 10:30:30,49449,1774,164,"최대 큰손 국민연금, 본격 코스닥 투자 임박? | 김성주 국민연금공단 이사장 [더 피플]"
2026-02-16 11:01:39,49718,1787,164,"최대 큰손 국민연금, 본격 코스닥 투자 임박? | 김성주 국민연금공단 이사장 [더 피플]"
2026-02-16 13:31:01,50811,1812,166,"최대 큰손 국민연금, 본격 코스닥 투자 임박? | 김성주 국민연금공단 이사장 [더 피플]"
2026-02-16 14:51:12,51251,1817,166,"최대 큰손 국민연금, 본격 코스닥 투자 임박? | 김성주 국민연금공단 이사장 [더 피플]"
2026-02-16 15:46:41,51540,1821,166,"최대 큰손 국민연금, 본격 코스닥 투자 임박? | 김성주 국민연금공단 이사장 [더 피플]"
2026-02-16 16:42:17,51785,1827,166,"최대 큰손 국민연금, 본격 코스닥 투자 임박? | 김성주 국민연금공단 이사장 [더 피플]"
2026-02-16 17:27:18,51967,1835,166,"최대 큰손 국민연금, 본격 코스닥 투자 임박? | 김성주 국민연금공단 이사장 [더 피플]"
2026-02-16 18:11:47,52135,1839,166,"최대 큰손 국민연금, 본격 코스닥 투자 임박? | 김성주 국민연금공단 이사장 [더 피플]"
2026-02-16 19:10:14,52459,1848,166,"최대 큰손 국민연금, 본격 코스닥 투자 임박? | 김성주 국민연금공단 이사장 [더 피플]"
2026-02-16 20:05:35,52705,1855,166,"최대 큰손 국민연금, 본격 코스닥 투자 임박? | 김성주 국민연금공단 이사장 [더 피플]"
2026-02-16 20:49:43,52883,1855,167,"최대 큰손 국민연금, 본격 코스닥 투자 임박? | 김성주 국민연금공단 이사장 [더 피플]"
2026-02-16 21:28:41,52991,1860,169,"최대 큰손 국민연금, 본격 코스닥 투자 임박? | 김성주 국민연금공단 이사장 [더 피플]"
2026-02-16 22:44:58,53278,1874,170,"최대 큰손 국민연금, 본격 코스닥 투자 임박? | 김성주 국민연금공단 이사장 [더 피플]"
2026-02-16 23:29:51,53468,1877,170,"최대 큰손 국민연금, 본격 코스닥 투자 임박? | 김성주 국민연금공단 이사장 [더 피플]"
2026-02-17 00:09:16,53657,1878,170,"최대 큰손 국민연금, 본격 코스닥 투자 임박? | 김성주 국민연금공단 이사장 [더 피플]"
2026-02-17 00:55:10,53887,1880,170,"최대 큰손 국민연금, 본격 코스닥 투자 임박? | 김성주 국민연금공단 이사장 [더 피플]"
2026-02-17 01:30:52,54037,1881,170,"최대 큰손 국민연금, 본격 코스닥 투자 임박? | 김성주 국민연금공단 이사장 [더 피플]"
2026-02-17 02:11:53,54175,1883,170,"최대 큰손 국민연금, 본격 코스닥 투자 임박? | 김성주 국민연금공단 이사장 [더 피플]"
2026-02-17 02:54:42,54337,1885,170,"최대 큰손 국민연금, 본격 코스닥 투자 임박? | 김성주 국민연금공단 이사장 [더 피플]"
2026-02-17 03:27:29,54392,1886,170,"최대 큰손 국민연금, 본격 코스닥 투자 임박? | 김성주 국민연금공단 이사장 [더 피플]"
2026-02-17 04:08:20,54486,1887,170,"최대 큰손 국민연금, 본격 코스닥 투자 임박? | 김성주 국민연금공단 이사장 [더 피플]"
2026-02-17 04:42:24,54545,1890,170,"최대 큰손 국민연금, 본격 코스닥 투자 임박? | 김성주 국민연금공단 이사장 [더 피플]"
2026-02-17 04:58:37,54581,1892,170,"최대 큰손 국민연금, 본격 코스닥 투자 임박? | 김성주 국민연금공단 이사장 [더 피플]"
2026-02-17 05:29:36,54631,1894,170,"최대 큰손 국민연금, 본격 코스닥 투자 임박? | 김성주 국민연금공단 이사장 [더 피플]"
2026-02-17 05:56:38,54667,1896,170,"최대 큰손 국민연금, 본격 코스닥 투자 임박? | 김성주 국민연금공단 이사장 [더 피플]"
2026-02-17 06:22:53,54716,1902,170,"최대 큰손 국민연금, 본격 코스닥 투자 임박? | 김성주 국민연금공단 이사장 [더 피플]"
2026-02-17 06:49:13,54788,1905,170,"최대 큰손 국민연금, 본격 코스닥 투자 임박? | 김성주 국민연금공단 이사장 [더 피플]"
2026-02-17 07:01:45,54812,1907,170,"최대 큰손 국민연금, 본격 코스닥 투자 임박? | 김성주 국민연금공단 이사장 [더 피플]"
2026-02-17 07:37:07,54905,1914,170,"최대 큰손 국민연금, 본격 코스닥 투자 임박? | 김성주 국민연금공단 이사장 [더 피플]"
2026-02-17 08:00:41,54983,1921,170,"최대 큰손 국민연금, 본격 코스닥 투자 임박? | 김성주 국민연금공단 이사장 [더 피플]"
2026-02-17 08:34:12,55077,1924,170,"최대 큰손 국민연금, 본격 코스닥 투자 임박? | 김성주 국민연금공단 이사장 [더 피플]"
2026-02-17 08:56:28,55151,1931,173,"최대 큰손 국민연금, 본격 코스닥 투자 임박? | 김성주 국민연금공단 이사장 [더 피플]"
2026-02-17 10:22:11,55582,1943,174,"최대 큰손 국민연금, 본격 코스닥 투자 임박? | 김성주 국민연금공단 이사장 [더 피플]"
2026-02-17 12:46:03,56190,1961,178,"최대 큰손 국민연금, 본격 코스닥 투자 임박? | 김성주 국민연금공단 이사장 [더 피플]"
2026-02-17 14:13:15,56489,1966,178,"최대 큰손 국민연금, 본격 코스닥 투자 임박? | 김성주 국민연금공단 이사장 [더 피플]"
2026-02-17 15:10:43,56626,1974,178,"최대 큰손 국민연금, 본격 코스닥 투자 임박? | 김성주 국민연금공단 이사장 [더 피플]"
2026-02-17 16:14:57,56803,1979,178,"최대 큰손 국민연금, 본격 코스닥 투자 임박? | 김성주 국민연금공단 이사장 [더 피플]"
2026-02-17 16:59:07,56914,1980,178,"최대 큰손 국민연금, 본격 코스닥 투자 임박? | 김성주 국민연금공단 이사장 [더 피플]"
2026-02-17 17:46:39,57013,1982,178,"최대 큰손 국민연금, 본격 코스닥 투자 임박? | 김성주 국민연금공단 이사장 [더 피플]"
2026-02-17 18:33:56,57141,1985,178,"최대 큰손 국민연금, 본격 코스닥 투자 임박? | 김성주 국민연금공단 이사장 [더 피플]"
2026-02-17 19:28:01,57279,1989,178,"최대 큰손 국민연금, 본격 코스닥 투자 임박? | 김성주 국민연금공단 이사장 [더 피플]"
2026-02-17 20:12:05,57363,1991,178,"최대 큰손 국민연금, 본격 코스닥 투자 임박? | 김성주 국민연금공단 이사장 [더 피플]"
2026-02-17 20:53:41,57452,1997,178,"최대 큰손 국민연금, 본격 코스닥 투자 임박? | 김성주 국민연금공단 이사장 [더 피플]"
2026-02-17 21:30:27,57532,1999,178,"최대 큰손 국민연금, 본격 코스닥 투자 임박? | 김성주 국민연금공단 이사장 [더 피플]"
2026-02-17 22:46:11,57720,2011,179,"최대 큰손 국민연금, 본격 코스닥 투자 임박? | 김성주 국민연금공단 이사장 [더 피플]"
2026-02-17 23:34:50,57868,2014,179,"최대 큰손 국민연금, 본격 코스닥 투자 임박? | 김성주 국민연금공단 이사장 [더 피플]"
2026-02-18 00:29:13,57993,2021,179,"최대 큰손 국민연금, 본격 코스닥 투자 임박? | 김성주 국민연금공단 이사장 [더 피플]"
2026-02-18 01:29:48,58163,2024,179,"최대 큰손 국민연금, 본격 코스닥 투자 임박? | 김성주 국민연금공단 이사장 [더 피플]"
2026-02-18 02:33:06,58313,2026,180,"최대 큰손 국민연금, 본격 코스닥 투자 임박? | 김성주 국민연금공단 이사장 [더 피플]"
2026-02-18 03:30:20,58454,2029,180,"최대 큰손 국민연금, 본격 코스닥 투자 임박? | 김성주 국민연금공단 이사장 [더 피플]"
2026-02-18 04:29:18,58543,2031,180,"최대 큰손 국민연금, 본격 코스닥 투자 임박? | 김성주 국민연금공단 이사장 [더 피플]"
2026-02-18 04:59:13,58605,2035,180,"최대 큰손 국민연금, 본격 코스닥 투자 임박? | 김성주 국민연금공단 이사장 [더 피플]"
2026-02-18 05:38:27,58669,2038,180,"최대 큰손 국민연금, 본격 코스닥 투자 임박? | 김성주 국민연금공단 이사장 [더 피플]"
2026-02-18 06:07:17,58702,2039,180,"최대 큰손 국민연금, 본격 코스닥 투자 임박? | 김성주 국민연금공단 이사장 [더 피플]"
2026-02-18 06:47:09,58742,2048,180,"최대 큰손 국민연금, 본격 코스닥 투자 임박? | 김성주 국민연금공단 이사장 [더 피플]"
2026-02-18 07:03:31,58783,2048,180,"최대 큰손 국민연금, 본격 코스닥 투자 임박? | 김성주 국민연금공단 이사장 [더 피플]"
2026-02-18 07:43:58,58863,2051,180,"최대 큰손 국민연금, 본격 코스닥 투자 임박? | 김성주 국민연금공단 이사장 [더 피플]"
2026-02-18 08:03:09,58914,2053,181,"최대 큰손 국민연금, 본격 코스닥 투자 임박? | 김성주 국민연금공단 이사장 [더 피플]"
2026-02-18 08:38:49,58994,2057,181,"최대 큰손 국민연금, 본격 코스닥 투자 임박? | 김성주 국민연금공단 이사장 [더 피플]"
2026-02-18 08:58:47,59061,2062,181,"최대 큰손 국민연금, 본격 코스닥 투자 임박? | 김성주 국민연금공단 이사장 [더 피플]"
2026-02-18 11:06:41,59490,2073,183,"최대 큰손 국민연금, 본격 코스닥 투자 임박? | 김성주 국민연금공단 이사장 [더 피플]"
2026-02-18 13:28:24,59763,2082,183,"최대 큰손 국민연금, 본격 코스닥 투자 임박? | 김성주 국민연금공단 이사장 [더 피플]"
2026-02-18 14:43:45,59969,2089,183,"최대 큰손 국민연금, 본격 코스닥 투자 임박? | 김성주 국민연금공단 이사장 [더 피플]"
2026-02-18 15:42:23,60263,2093,183,"최대 큰손 국민연금, 본격 코스닥 투자 임박? | 김성주 국민연금공단 이사장 [더 피플]"
2026-02-18 16:38:21,60515,2098,184,"최대 큰손 국민연금, 본격 코스닥 투자 임박? | 김성주 국민연금공단 이사장 [더 피플]"
2026-02-18 17:07:45,60586,2101,184,"최대 큰손 국민연금, 본격 코스닥 투자 임박? | 김성주 국민연금공단 이사장 [더 피플]"
2026-02-18 18:00:50,60730,2106,184,"최대 큰손 국민연금, 본격 코스닥 투자 임박? | 김성주 국민연금공단 이사장 [더 피플]"
2026-02-18 18:55:36,60897,2109,184,"최대 큰손 국민연금, 본격 코스닥 투자 임박? | 김성주 국민연금공단 이사장 [더 피플]"
2026-02-18 19:34:11,61042,2111,184,"최대 큰손 국민연금, 본격 코스닥 투자 임박? | 김성주 국민연금공단 이사장 [더 피플]"
2026-02-18 20:24:30,61162,2113,184,"최대 큰손 국민연금, 본격 코스닥 투자 임박? | 김성주 국민연금공단 이사장 [더 피플]"
2026-02-18 20:57:43,61244,2115,184,"최대 큰손 국민연금, 본격 코스닥 투자 임박? | 김성주 국민연금공단 이사장 [더 피플]"
2026-02-18 21:56:38,61370,2117,184,"최대 큰손 국민연금, 본격 코스닥 투자 임박? | 김성주 국민연금공단 이사장 [더 피플]"
2026-02-18 23:03:38,61512,2124,184,"최대 큰손 국민연금, 본격 코스닥 투자 임박? | 김성주 국민연금공단 이사장 [더 피플]"
2026-02-18 23:56:44,61637,2127,184,"최대 큰손 국민연금, 본격 코스닥 투자 임박? | 김성주 국민연금공단 이사장 [더 피플]"
2026-02-19 00:44:07,61733,2132,184,"최대 큰손 국민연금, 본격 코스닥 투자 임박? | 김성주 국민연금공단 이사장 [더 피플]"
2026-02-19 01:44:33,61872,2135,184,"최대 큰손 국민연금, 본격 코스닥 투자 임박? | 김성주 국민연금공단 이사장 [더 피플]"
2026-02-19 02:41:13,62019,2136,184,"최대 큰손 국민연금, 본격 코스닥 투자 임박? | 김성주 국민연금공단 이사장 [더 피플]"
2026-02-19 03:29:25,62102,2136,184,"최대 큰손 국민연금, 본격 코스닥 투자 임박? | 김성주 국민연금공단 이사장 [더 피플]"
2026-02-19 04:28:55,62171,2139,185,"최대 큰손 국민연금, 본격 코스닥 투자 임박? | 김성주 국민연금공단 이사장 [더 피플]"
2026-02-19 05:02:49,62207,2142,185,"최대 큰손 국민연금, 본격 코스닥 투자 임박? | 김성주 국민연금공단 이사장 [더 피플]"
2026-02-19 05:51:43,62258,2143,185,"최대 큰손 국민연금, 본격 코스닥 투자 임박? | 김성주 국민연금공단 이사장 [더 피플]"
2026-02-19 06:24:16,62296,2147,185,"최대 큰손 국민연금, 본격 코스닥 투자 임박? | 김성주 국민연금공단 이사장 [더 피플]"
2026-02-19 06:53:05,62337,2151,185,"최대 큰손 국민연금, 본격 코스닥 투자 임박? | 김성주 국민연금공단 이사장 [더 피플]"
2026-02-19 07:19:34,62388,2151,185,"최대 큰손 국민연금, 본격 코스닥 투자 임박? | 김성주 국민연금공단 이사장 [더 피플]"
2026-02-19 07:55:35,62436,2154,185,"최대 큰손 국민연금, 본격 코스닥 투자 임박? | 김성주 국민연금공단 이사장 [더 피플]"
2026-02-19 08:20:02,62494,2156,185,"최대 큰손 국민연금, 본격 코스닥 투자 임박? | 김성주 국민연금공단 이사장 [더 피플]"
2026-02-19 08:48:09,62561,2158,185,"최대 큰손 국민연금, 본격 코스닥 투자 임박? | 김성주 국민연금공단 이사장 [더 피플]"
2026-02-19 09:03:08,62603,2159,185,"최대 큰손 국민연금, 본격 코스닥 투자 임박? | 김성주 국민연금공단 이사장 [더 피플]"
2026-02-19 11:54:18,62897,2169,185,"최대 큰손 국민연금, 본격 코스닥 투자 임박? | 김성주 국민연금공단 이사장 [더 피플]"
2026-02-19 13:45:30,63101,2184,185,"최대 큰손 국민연금, 본격 코스닥 투자 임박? | 김성주 국민연금공단 이사장 [더 피플]"
2026-02-19 14:47:04,63221,2190,185,"최대 큰손 국민연금, 본격 코스닥 투자 임박? | 김성주 국민연금공단 이사장 [더 피플]"
2026-02-19 15:42:22,63326,2192,187,"최대 큰손 국민연금, 본격 코스닥 투자 임박? | 김성주 국민연금공단 이사장 [더 피플]"
2026-02-19 16:37:27,63445,2194,187,"최대 큰손 국민연금, 본격 코스닥 투자 임박? | 김성주 국민연금공단 이사장 [더 피플]"
2026-02-19 17:06:58,63509,2201,187,"최대 큰손 국민연금, 본격 코스닥 투자 임박? | 김성주 국민연금공단 이사장 [더 피플]"
2026-02-19 18:00:23,63617,2207,187,"최대 큰손 국민연금, 본격 코스닥 투자 임박? | 김성주 국민연금공단 이사장 [더 피플]"
2026-02-19 18:52:30,63732,2212,187,"최대 큰손 국민연금, 본격 코스닥 투자 임박? | 김성주 국민연금공단 이사장 [더 피플]"
2026-02-19 19:30:18,63858,2213,187,"최대 큰손 국민연금, 본격 코스닥 투자 임박? | 김성주 국민연금공단 이사장 [더 피플]"
2026-02-19 20:13:41,63967,2215,187,"최대 큰손 국민연금, 본격 코스닥 투자 임박? | 김성주 국민연금공단 이사장 [더 피플]"
2026-02-19 20:54:39,64033,2216,187,"최대 큰손 국민연금, 본격 코스닥 투자 임박? | 김성주 국민연금공단 이사장 [더 피플]"
2026-02-19 21:33:53,64103,2218,187,"최대 큰손 국민연금, 본격 코스닥 투자 임박? | 김성주 국민연금공단 이사장 [더 피플]"
2026-02-19 22:51:25,64214,2219,188,"최대 큰손 국민연금, 본격 코스닥 투자 임박? | 김성주 국민연금공단 이사장 [더 피플]"
2026-02-19 23:38:52,64281,2224,188,"최대 큰손 국민연금, 본격 코스닥 투자 임박? | 김성주 국민연금공단 이사장 [더 피플]"
2026-02-20 00:28:20,64371,2223,188,"최대 큰손 국민연금, 본격 코스닥 투자 임박? | 김성주 국민연금공단 이사장 [더 피플]"
2026-02-20 01:12:11,64435,2223,188,"최대 큰손 국민연금, 본격 코스닥 투자 임박? | 김성주 국민연금공단 이사장 [더 피플]"
2026-02-20 02:12:47,64526,2224,188,"최대 큰손 국민연금, 본격 코스닥 투자 임박? | 김성주 국민연금공단 이사장 [더 피플]"
2026-02-20 03:04:20,64602,2224,188,"최대 큰손 국민연금, 본격 코스닥 투자 임박? | 김성주 국민연금공단 이사장 [더 피플]"
2026-02-20 04:03:59,64646,2225,188,"최대 큰손 국민연금, 본격 코스닥 투자 임박? | 김성주 국민연금공단 이사장 [더 피플]"
2026-02-20 04:43:20,64680,2229,188,"최대 큰손 국민연금, 본격 코스닥 투자 임박? | 김성주 국민연금공단 이사장 [더 피플]"
2026-02-20 05:04:00,64697,2232,188,"최대 큰손 국민연금, 본격 코스닥 투자 임박? | 김성주 국민연금공단 이사장 [더 피플]"
2026-02-20 05:43:28,64735,2232,188,"최대 큰손 국민연금, 본격 코스닥 투자 임박? | 김성주 국민연금공단 이사장 [더 피플]"
2026-02-20 06:04:50,64750,2233,188,"최대 큰손 국민연금, 본격 코스닥 투자 임박? | 김성주 국민연금공단 이사장 [더 피플]"
2026-02-20 06:44:27,64780,2234,188,"최대 큰손 국민연금, 본격 코스닥 투자 임박? | 김성주 국민연금공단 이사장 [더 피플]"
2026-02-20 07:03:00,64805,2235,188,"최대 큰손 국민연금, 본격 코스닥 투자 임박? | 김성주 국민연금공단 이사장 [더 피플]"
2026-02-20 07:42:02,64847,2236,188,"최대 큰손 국민연금, 본격 코스닥 투자 임박? | 김성주 국민연금공단 이사장 [더 피플]"
2026-02-20 08:04:12,64870,2237,188,"최대 큰손 국민연금, 본격 코스닥 투자 임박? | 김성주 국민연금공단 이사장 [더 피플]"
2026-02-20 08:39:58,64898,2237,188,"최대 큰손 국민연금, 본격 코스닥 투자 임박? | 김성주 국민연금공단 이사장 [더 피플]"
2026-02-20 08:58:49,64898,2237,188,"최대 큰손 국민연금, 본격 코스닥 투자 임박? | 김성주 국민연금공단 이사장 [더 피플]"
2026-02-20 11:00:30,65109,2243,188,"최대 큰손 국민연금, 본격 코스닥 투자 임박? | 김성주 국민연금공단 이사장 [더 피플]"
2026-02-20 13:18:41,65249,2247,189,"최대 큰손 국민연금, 본격 코스닥 투자 임박? | 김성주 국민연금공단 이사장 [더 피플]"
2026-02-20 14:33:27,65351,2253,189,"최대 큰손 국민연금, 본격 코스닥 투자 임박? | 김성주 국민연금공단 이사장 [더 피플]"
2026-02-20 15:31:40,65425,2258,189,"최대 큰손 국민연금, 본격 코스닥 투자 임박? | 김성주 국민연금공단 이사장 [더 피플]"
2026-02-20 16:31:35,65511,2260,189,"최대 큰손 국민연금, 본격 코스닥 투자 임박? | 김성주 국민연금공단 이사장 [더 피플]"
2026-02-20 17:03:41,65561,2262,189,"최대 큰손 국민연금, 본격 코스닥 투자 임박? | 김성주 국민연금공단 이사장 [더 피플]"
2026-02-20 17:54:12,65629,2264,189,"최대 큰손 국민연금, 본격 코스닥 투자 임박? | 김성주 국민연금공단 이사장 [더 피플]"
2026-02-20 18:28:38,65695,2268,189,"최대 큰손 국민연금, 본격 코스닥 투자 임박? | 김성주 국민연금공단 이사장 [더 피플]"
2026-02-20 19:04:49,65795,2270,189,"최대 큰손 국민연금, 본격 코스닥 투자 임박? | 김성주 국민연금공단 이사장 [더 피플]"
2026-02-20 19:52:11,65866,2272,189,"최대 큰손 국민연금, 본격 코스닥 투자 임박? | 김성주 국민연금공단 이사장 [더 피플]"
2026-02-20 20:21:02,65916,2274,189,"최대 큰손 국민연금, 본격 코스닥 투자 임박? | 김성주 국민연금공단 이사장 [더 피플]"
2026-02-20 20:48:59,65950,2275,189,"최대 큰손 국민연금, 본격 코스닥 투자 임박? | 김성주 국민연금공단 이사장 [더 피플]"
2026-02-20 21:03:51,65962,2276,189,"최대 큰손 국민연금, 본격 코스닥 투자 임박? | 김성주 국민연금공단 이사장 [더 피플]"
2026-02-20 22:19:45,66058,2278,190,"최대 큰손 국민연금, 본격 코스닥 투자 임박? | 김성주 국민연금공단 이사장 [더 피플]"
2026-02-20 23:07:51,66112,2279,190,"최대 큰손 국민연금, 본격 코스닥 투자 임박? | 김성주 국민연금공단 이사장 [더 피플]"
2026-02-20 23:56:17,66161,2276,190,"최대 큰손 국민연금, 본격 코스닥 투자 임박? | 김성주 국민연금공단 이사장 [더 피플]"
2026-02-21 00:31:31,66194,2276,190,"최대 큰손 국민연금, 본격 코스닥 투자 임박? | 김성주 국민연금공단 이사장 [더 피플]"
2026-02-21 01:03:42,66227,2276,190,"최대 큰손 국민연금, 본격 코스닥 투자 임박? | 김성주 국민연금공단 이사장 [더 피플]"
2026-02-21 01:53:30,66255,2276,190,"최대 큰손 국민연금, 본격 코스닥 투자 임박? | 김성주 국민연금공단 이사장 [더 피플]"
2026-02-21 02:27:17,66269,2276,190,"최대 큰손 국민연금, 본격 코스닥 투자 임박? | 김성주 국민연금공단 이사장 [더 피플]"
2026-02-21 03:01:12,66293,2278,190,"최대 큰손 국민연금, 본격 코스닥 투자 임박? | 김성주 국민연금공단 이사장 [더 피플]"
2026-02-21 03:57:10,66319,2279,190,"최대 큰손 국민연금, 본격 코스닥 투자 임박? | 김성주 국민연금공단 이사장 [더 피플]"
2026-02-21 04:33:52,66337,2279,190,"최대 큰손 국민연금, 본격 코스닥 투자 임박? | 김성주 국민연금공단 이사장 [더 피플]"
2026-02-21 04:56:25,66341,2279,190,"최대 큰손 국민연금, 본격 코스닥 투자 임박? | 김성주 국민연금공단 이사장 [더 피플]"
2026-02-21 05:22:21,66341,2279,190,"최대 큰손 국민연금, 본격 코스닥 투자 임박? | 김성주 국민연금공단 이사장 [더 피플]"
2026-02-21 05:50:57,66341,2279,190,"최대 큰손 국민연금, 본격 코스닥 투자 임박? | 김성주 국민연금공단 이사장 [더 피플]"
2026-02-21 06:02:59,66365,2279,190,"최대 큰손 국민연금, 본격 코스닥 투자 임박? | 김성주 국민연금공단 이사장 [더 피플]"
2026-02-21 06:34:46,66368,2279,190,"최대 큰손 국민연금, 본격 코스닥 투자 임박? | 김성주 국민연금공단 이사장 [더 피플]"
2026-02-21 06:52:58,66384,2281,190,"최대 큰손 국민연금, 본격 코스닥 투자 임박? | 김성주 국민연금공단 이사장 [더 피플]"
2026-02-21 07:01:21,66389,2281,190,"최대 큰손 국민연금, 본격 코스닥 투자 임박? | 김성주 국민연금공단 이사장 [더 피플]"
2026-02-21 07:34:12,66409,2284,190,"최대 큰손 국민연금, 본격 코스닥 투자 임박? | 김성주 국민연금공단 이사장 [더 피플]"
2026-02-21 07:58:30,66425,2286,190,"최대 큰손 국민연금, 본격 코스닥 투자 임박? | 김성주 국민연금공단 이사장 [더 피플]"
2026-02-21 08:27:22,66443,2285,190,"최대 큰손 국민연금, 본격 코스닥 투자 임박? | 김성주 국민연금공단 이사장 [더 피플]"
2026-02-21 08:50:45,66464,2285,190,"최대 큰손 국민연금, 본격 코스닥 투자 임박? | 김성주 국민연금공단 이사장 [더 피플]"
2026-02-21 09:02:32,66474,2286,190,"최대 큰손 국민연금, 본격 코스닥 투자 임박? | 김성주 국민연금공단 이사장 [더 피플]"
2026-02-21 09:25:54,66490,2288,190,"최대 큰손 국민연금, 본격 코스닥 투자 임박? | 김성주 국민연금공단 이사장 [더 피플]"
2026-02-21 09:29:43,66499,2288,190,"최대 큰손 국민연금, 본격 코스닥 투자 임박? | 김성주 국민연금공단 이사장 [더 피플]"
2026-04-22 10:26:25,76332,2538,211,"최대 큰손 국민연금, 본격 코스닥 투자 임박? | 김성주 국민연금공단 이사장 [더 피플]"
2026-04-22 11:04:35,76332,2538,211,"최대 큰손 국민연금, 본격 코스닥 투자 임박? | 김성주 국민연금공단 이사장 [더 피플]"
2026-04-22 13:24:20,76332,2538,211,"최대 큰손 국민연금, 본격 코스닥 투자 임박? | 김성주 국민연금공단 이사장 [더 피플]"
2026-04-22 15:15:51,76334,2538,211,"최대 큰손 국민연금, 본격 코스닥 투자 임박? | 김성주 국민연금공단 이사장 [더 피플]"
2026-04-22 17:06:43,76342,2538,211,"최대 큰손 국민연금, 본격 코스닥 투자 임박? | 김성주 국민연금공단 이사장 [더 피플]"
2026-04-22 18:47:12,76344,2538,211,"최대 큰손 국민연금, 본격 코스닥 투자 임박? | 김성주 국민연금공단 이사장 [더 피플]"
2026-04-22 19:51:20,76349,2538,211,"최대 큰손 국민연금, 본격 코스닥 투자 임박? | 김성주 국민연금공단 이사장 [더 피플]"
2026-04-22 20:46:04,76349,2538,211,"최대 큰손 국민연금, 본격 코스닥 투자 임박? | 김성주 국민연금공단 이사장 [더 피플]"
2026-04-22 21:46:50,76349,2538,211,"최대 큰손 국민연금, 본격 코스닥 투자 임박? | 김성주 국민연금공단 이사장 [더 피플]"
2026-04-22 23:23:08,76349,2538,211,"최대 큰손 국민연금, 본격 코스닥 투자 임박? | 김성주 국민연금공단 이사장 [더 피플]"
2026-04-23 00:45:47,76349,2538,211,"최대 큰손 국민연금, 본격 코스닥 투자 임박? | 김성주 국민연금공단 이사장 [더 피플]"
2026-04-23 01:43:25,76349,2538,211,"최대 큰손 국민연금, 본격 코스닥 투자 임박? | 김성주 국민연금공단 이사장 [더 피플]"
2026-04-23 02:40:44,76349,2538,211,"최대 큰손 국민연금, 본격 코스닥 투자 임박? | 김성주 국민연금공단 이사장 [더 피플]"
2026-04-23 03:44:07,76349,2538,211,"최대 큰손 국민연금, 본격 코스닥 투자 임박? | 김성주 국민연금공단 이사장 [더 피플]"
2026-04-23 04:50:48,76349,2538,211,"최대 큰손 국민연금, 본격 코스닥 투자 임박? | 김성주 국민연금공단 이사장 [더 피플]"
2026-04-23 05:39:26,76349,2538,211,"최대 큰손 국민연금, 본격 코스닥 투자 임박? | 김성주 국민연금공단 이사장 [더 피플]"
2026-04-23 06:33:10,76349,2538,211,"최대 큰손 국민연금, 본격 코스닥 투자 임박? | 김성주 국민연금공단 이사장 [더 피플]"
2026-04-23 07:24:54,76349,2538,211,"최대 큰손 국민연금, 본격 코스닥 투자 임박? | 김성주 국민연금공단 이사장 [더 피플]"
2026-04-23 08:10:00,76349,2538,211,"최대 큰손 국민연금, 본격 코스닥 투자 임박? | 김성주 국민연금공단 이사장 [더 피플]"
2026-04-23 08:58:27,76349,2538,211,"최대 큰손 국민연금, 본격 코스닥 투자 임박? | 김성주 국민연금공단 이사장 [더 피플]"
2026-04-23 11:29:30,76358,2538,211,"최대 큰손 국민연금, 본격 코스닥 투자 임박? | 김성주 국민연금공단 이사장 [더 피플]"
2026-04-23 14:15:30,76359,2538,211,"최대 큰손 국민연금, 본격 코스닥 투자 임박? | 김성주 국민연금공단 이사장 [더 피플]"
2026-04-23 16:09:13,76359,2538,211,"최대 큰손 국민연금, 본격 코스닥 투자 임박? | 김성주 국민연금공단 이사장 [더 피플]"
2026-04-23 18:00:56,76360,2538,211,"최대 큰손 국민연금, 본격 코스닥 투자 임박? | 김성주 국민연금공단 이사장 [더 피플]"
2026-04-23 19:24:07,76362,2538,211,"최대 큰손 국민연금, 본격 코스닥 투자 임박? | 김성주 국민연금공단 이사장 [더 피플]"
2026-04-23 20:34:47,76362,2538,211,"최대 큰손 국민연금, 본격 코스닥 투자 임박? | 김성주 국민연금공단 이사장 [더 피플]"
2026-04-23 21:42:37,76362,2538,211,"최대 큰손 국민연금, 본격 코스닥 투자 임박? | 김성주 국민연금공단 이사장 [더 피플]"
2026-04-23 23:22:44,76362,2538,211,"최대 큰손 국민연금, 본격 코스닥 투자 임박? | 김성주 국민연금공단 이사장 [더 피플]"
2026-04-24 02:44:15,76364,2538,211,"최대 큰손 국민연금, 본격 코스닥 투자 임박? | 김성주 국민연금공단 이사장 [더 피플]"
2026-04-24 03:44:56,76364,2538,211,"최대 큰손 국민연금, 본격 코스닥 투자 임박? | 김성주 국민연금공단 이사장 [더 피플]"
2026-04-24 04:54:25,76366,2538,211,"최대 큰손 국민연금, 본격 코스닥 투자 임박? | 김성주 국민연금공단 이사장 [더 피플]"
2026-04-24 05:41:10,76366,2538,211,"최대 큰손 국민연금, 본격 코스닥 투자 임박? | 김성주 국민연금공단 이사장 [더 피플]"
2026-04-24 06:27:52,76366,2538,211,"최대 큰손 국민연금, 본격 코스닥 투자 임박? | 김성주 국민연금공단 이사장 [더 피플]"
2026-04-24 07:06:36,76366,2538,211,"최대 큰손 국민연금, 본격 코스닥 투자 임박? | 김성주 국민연금공단 이사장 [더 피플]"
2026-04-24 08:01:07,76366,2538,211,"최대 큰손 국민연금, 본격 코스닥 투자 임박? | 김성주 국민연금공단 이사장 [더 피플]"
2026-04-24 08:53:14,76369,2539,211,"최대 큰손 국민연금, 본격 코스닥 투자 임박? | 김성주 국민연금공단 이사장 [더 피플]"
2026-04-24 10:14:55,76369,2539,211,"최대 큰손 국민연금, 본격 코스닥 투자 임박? | 김성주 국민연금공단 이사장 [더 피플]"
2026-04-24 13:26:59,76370,2539,211,"최대 큰손 국민연금, 본격 코스닥 투자 임박? | 김성주 국민연금공단 이사장 [더 피플]"
2026-04-24 15:23:49,76375,2539,211,"최대 큰손 국민연금, 본격 코스닥 투자 임박? | 김성주 국민연금공단 이사장 [더 피플]"
2026-04-24 17:26:46,76375,2539,211,"최대 큰손 국민연금, 본격 코스닥 투자 임박? | 김성주 국민연금공단 이사장 [더 피플]"
2026-04-24 19:00:27,76375,2539,211,"최대 큰손 국민연금, 본격 코스닥 투자 임박? | 김성주 국민연금공단 이사장 [더 피플]"
2026-04-25 10:37:18,76379,2539,211,"최대 큰손 국민연금, 본격 코스닥 투자 임박? | 김성주 국민연금공단 이사장 [더 피플]"
2026-04-25 10:42:23,76379,2539,211,"최대 큰손 국민연금, 본격 코스닥 투자 임박? | 김성주 국민연금공단 이사장 [더 피플]"
2026-04-25 10:46:16,76379,2539,211,"최대 큰손 국민연금, 본격 코스닥 투자 임박? | 김성주 국민연금공단 이사장 [더 피플]"
2026-04-25 10:49:43,76381,2539,211,"최대 큰손 국민연금, 본격 코스닥 투자 임박? | 김성주 국민연금공단 이사장 [더 피플]"
2026-04-25 10:56:44,76379,2539,211,"최대 큰손 국민연금, 본격 코스닥 투자 임박? | 김성주 국민연금공단 이사장 [더 피플]"
2026-04-25 10:57:30,76381,2539,211,"최대 큰손 국민연금, 본격 코스닥 투자 임박? | 김성주 국민연금공단 이사장 [더 피플]"
2026-04-25 11:03:20,76381,2539,211,"최대 큰손 국민연금, 본격 코스닥 투자 임박? | 김성주 국민연금공단 이사장 [더 피플]"
2026-04-25 11:08:27,76379,2539,211,"최대 큰손 국민연금, 본격 코스닥 투자 임박? | 김성주 국민연금공단 이사장 [더 피플]"
2026-04-25 11:14:27,76379,2539,211,"최대 큰손 국민연금, 본격 코스닥 투자 임박? | 김성주 국민연금공단 이사장 [더 피플]"
2026-04-25 11:47:05,76379,2539,211,"최대 큰손 국민연금, 본격 코스닥 투자 임박? | 김성주 국민연금공단 이사장 [더 피플]"
2026-04-25 14:02:51,76381,2539,211,"최대 큰손 국민연금, 본격 코스닥 투자 임박? | 김성주 국민연금공단 이사장 [더 피플]"
2026-04-25 14:51:43,76381,2539,211,"최대 큰손 국민연금, 본격 코스닥 투자 임박? | 김성주 국민연금공단 이사장 [더 피플]"
2026-04-25 15:10:39,76381,2539,211,"최대 큰손 국민연금, 본격 코스닥 투자 임박? | 김성주 국민연금공단 이사장 [더 피플]"
2026-04-25 15:23:11,76381,2539,211,"최대 큰손 국민연금, 본격 코스닥 투자 임박? | 김성주 국민연금공단 이사장 [더 피플]"
2026-04-25 15:23:35,76381,2539,211,"최대 큰손 국민연금, 본격 코스닥 투자 임박? | 김성주 국민연금공단 이사장 [더 피플]"
2026-04-25 15:44:45,76381,2539,211,"최대 큰손 국민연금, 본격 코스닥 투자 임박? | 김성주 국민연금공단 이사장 [더 피플]"
2026-04-25 16:49:11,76381,2539,211,"최대 큰손 국민연금, 본격 코스닥 투자 임박? | 김성주 국민연금공단 이사장 [더 피플]"
2026-04-25 17:37:04,76381,2539,211,"최대 큰손 국민연금, 본격 코스닥 투자 임박? | 김성주 국민연금공단 이사장 [더 피플]"
2026-04-25 18:32:38,76381,2539,211,"최대 큰손 국민연금, 본격 코스닥 투자 임박? | 김성주 국민연금공단 이사장 [더 피플]"
2026-04-25 19:23:50,76381,2539,211,"최대 큰손 국민연금, 본격 코스닥 투자 임박? | 김성주 국민연금공단 이사장 [더 피플]"
2026-04-25 20:08:11,76381,2539,211,"최대 큰손 국민연금, 본격 코스닥 투자 임박? | 김성주 국민연금공단 이사장 [더 피플]"
2026-04-25 20:51:03,76381,2539,211,"최대 큰손 국민연금, 본격 코스닥 투자 임박? | 김성주 국민연금공단 이사장 [더 피플]"
2026-04-25 21:31:22,76381,2539,211,"최대 큰손 국민연금, 본격 코스닥 투자 임박? | 김성주 국민연금공단 이사장 [더 피플]"
2026-04-25 22:45:37,76381,2539,211,"최대 큰손 국민연금, 본격 코스닥 투자 임박? | 김성주 국민연금공단 이사장 [더 피플]"
2026-04-25 23:29:10,76381,2539,211,"최대 큰손 국민연금, 본격 코스닥 투자 임박? | 김성주 국민연금공단 이사장 [더 피플]"
2026-04-26 00:08:37,76381,2539,211,"최대 큰손 국민연금, 본격 코스닥 투자 임박? | 김성주 국민연금공단 이사장 [더 피플]"
2026-04-26 00:53:52,76381,2539,211,"최대 큰손 국민연금, 본격 코스닥 투자 임박? | 김성주 국민연금공단 이사장 [더 피플]"
2026-04-26 01:25:57,76381,2539,211,"최대 큰손 국민연금, 본격 코스닥 투자 임박? | 김성주 국민연금공단 이사장 [더 피플]"
2026-04-26 02:06:15,76381,2539,211,"최대 큰손 국민연금, 본격 코스닥 투자 임박? | 김성주 국민연금공단 이사장 [더 피플]"
2026-04-26 02:52:48,76381,2539,211,"최대 큰손 국민연금, 본격 코스닥 투자 임박? | 김성주 국민연금공단 이사장 [더 피플]"
2026-04-26 03:30:37,76381,2539,211,"최대 큰손 국민연금, 본격 코스닥 투자 임박? | 김성주 국민연금공단 이사장 [더 피플]"
2026-04-26 04:26:56,76381,2539,211,"최대 큰손 국민연금, 본격 코스닥 투자 임박? | 김성주 국민연금공단 이사장 [더 피플]"
2026-04-26 04:59:57,76381,2539,211,"최대 큰손 국민연금, 본격 코스닥 투자 임박? | 김성주 국민연금공단 이사장 [더 피플]"
2026-04-26 05:41:01,76381,2539,211,"최대 큰손 국민연금, 본격 코스닥 투자 임박? | 김성주 국민연금공단 이사장 [더 피플]"
2026-04-26 06:20:14,76381,2539,211,"최대 큰손 국민연금, 본격 코스닥 투자 임박? | 김성주 국민연금공단 이사장 [더 피플]"
2026-04-26 06:54:48,76381,2539,211,"최대 큰손 국민연금, 본격 코스닥 투자 임박? | 김성주 국민연금공단 이사장 [더 피플]"
2026-04-26 07:23:15,76381,2539,211,"최대 큰손 국민연금, 본격 코스닥 투자 임박? | 김성주 국민연금공단 이사장 [더 피플]"
2026-04-26 08:00:21,76381,2539,211,"최대 큰손 국민연금, 본격 코스닥 투자 임박? | 김성주 국민연금공단 이사장 [더 피플]"
2026-04-26 08:41:23,76384,2539,211,"최대 큰손 국민연금, 본격 코스닥 투자 임박? | 김성주 국민연금공단 이사장 [더 피플]"
2026-04-26 10:12:50,76384,2539,211,"최대 큰손 국민연금, 본격 코스닥 투자 임박? | 김성주 국민연금공단 이사장 [더 피플]"
2026-04-26 13:31:09,76384,2539,211,"최대 큰손 국민연금, 본격 코스닥 투자 임박? | 김성주 국민연금공단 이사장 [더 피플]"
2026-04-26 14:14:52,76384,2539,211,"최대 큰손 국민연금, 본격 코스닥 투자 임박? | 김성주 국민연금공단 이사장 [더 피플]"
2026-04-26 15:24:08,76384,2539,211,"최대 큰손 국민연금, 본격 코스닥 투자 임박? | 김성주 국민연금공단 이사장 [더 피플]"
2026-04-26 16:57:02,76384,2539,211,"최대 큰손 국민연금, 본격 코스닥 투자 임박? | 김성주 국민연금공단 이사장 [더 피플]"
2026-04-26 17:53:12,76384,2539,211,"최대 큰손 국민연금, 본격 코스닥 투자 임박? | 김성주 국민연금공단 이사장 [더 피플]"
2026-04-26 18:40:15,76384,2539,211,"최대 큰손 국민연금, 본격 코스닥 투자 임박? | 김성주 국민연금공단 이사장 [더 피플]"
2026-04-26 19:28:21,76384,2539,211,"최대 큰손 국민연금, 본격 코스닥 투자 임박? | 김성주 국민연금공단 이사장 [더 피플]"
2026-04-26 20:10:32,76384,2539,211,"최대 큰손 국민연금, 본격 코스닥 투자 임박? | 김성주 국민연금공단 이사장 [더 피플]"
2026-04-26 20:53:26,76384,2539,211,"최대 큰손 국민연금, 본격 코스닥 투자 임박? | 김성주 국민연금공단 이사장 [더 피플]"
2026-04-26 21:33:46,76384,2539,211,"최대 큰손 국민연금, 본격 코스닥 투자 임박? | 김성주 국민연금공단 이사장 [더 피플]"
2026-04-26 22:48:58,76384,2539,211,"최대 큰손 국민연금, 본격 코스닥 투자 임박? | 김성주 국민연금공단 이사장 [더 피플]"
2026-04-26 23:32:10,76384,2539,211,"최대 큰손 국민연금, 본격 코스닥 투자 임박? | 김성주 국민연금공단 이사장 [더 피플]"
2026-04-27 00:11:40,76384,2539,211,"최대 큰손 국민연금, 본격 코스닥 투자 임박? | 김성주 국민연금공단 이사장 [더 피플]"
2026-04-27 00:56:24,76384,2539,211,"최대 큰손 국민연금, 본격 코스닥 투자 임박? | 김성주 국민연금공단 이사장 [더 피플]"
2026-04-27 01:33:13,76384,2539,211,"최대 큰손 국민연금, 본격 코스닥 투자 임박? | 김성주 국민연금공단 이사장 [더 피플]"
2026-04-27 02:11:51,76384,2539,211,"최대 큰손 국민연금, 본격 코스닥 투자 임박? | 김성주 국민연금공단 이사장 [더 피플]"
2026-04-27 02:57:26,76384,2539,211,"최대 큰손 국민연금, 본격 코스닥 투자 임박? | 김성주 국민연금공단 이사장 [더 피플]"
2026-04-27 03:43:26,76384,2539,211,"최대 큰손 국민연금, 본격 코스닥 투자 임박? | 김성주 국민연금공단 이사장 [더 피플]"
2026-04-27 04:34:47,76384,2539,211,"최대 큰손 국민연금, 본격 코스닥 투자 임박? | 김성주 국민연금공단 이사장 [더 피플]"
2026-04-27 05:05:27,76384,2539,211,"최대 큰손 국민연금, 본격 코스닥 투자 임박? | 김성주 국민연금공단 이사장 [더 피플]"
2026-04-27 05:54:02,76384,2539,211,"최대 큰손 국민연금, 본격 코스닥 투자 임박? | 김성주 국민연금공단 이사장 [더 피플]"
2026-04-27 06:25:03,76384,2539,211,"최대 큰손 국민연금, 본격 코스닥 투자 임박? | 김성주 국민연금공단 이사장 [더 피플]"
2026-04-27 06:58:40,76384,2539,211,"최대 큰손 국민연금, 본격 코스닥 투자 임박? | 김성주 국민연금공단 이사장 [더 피플]"
2026-04-27 07:36:28,76384,2539,211,"최대 큰손 국민연금, 본격 코스닥 투자 임박? | 김성주 국민연금공단 이사장 [더 피플]"
2026-04-27 07:44:38,76384,2539,211,"최대 큰손 국민연금, 본격 코스닥 투자 임박? | 김성주 국민연금공단 이사장 [더 피플]"
2026-04-27 08:21:38,76384,2539,211,"최대 큰손 국민연금, 본격 코스닥 투자 임박? | 김성주 국민연금공단 이사장 [더 피플]"
2026-04-27 08:58:51,76384,2539,211,"최대 큰손 국민연금, 본격 코스닥 투자 임박? | 김성주 국민연금공단 이사장 [더 피플]"
2026-04-27 10:44:46,76385,2539,211,"최대 큰손 국민연금, 본격 코스닥 투자 임박? | 김성주 국민연금공단 이사장 [더 피플]"
2026-04-27 11:41:00,76385,2539,211,"최대 큰손 국민연금, 본격 코스닥 투자 임박? | 김성주 국민연금공단 이사장 [더 피플]"
2026-04-27 14:40:43,76386,2539,211,"최대 큰손 국민연금, 본격 코스닥 투자 임박? | 김성주 국민연금공단 이사장 [더 피플]"
2026-04-27 16:55:22,76386,2539,211,"최대 큰손 국민연금, 본격 코스닥 투자 임박? | 김성주 국민연금공단 이사장 [더 피플]"
2026-04-27 19:04:46,76386,2539,211,"최대 큰손 국민연금, 본격 코스닥 투자 임박? | 김성주 국민연금공단 이사장 [더 피플]"
2026-04-27 20:55:08,76386,2539,211,"최대 큰손 국민연금, 본격 코스닥 투자 임박? | 김성주 국민연금공단 이사장 [더 피플]"
2026-04-27 22:13:44,76389,2539,211,"최대 큰손 국민연금, 본격 코스닥 투자 임박? | 김성주 국민연금공단 이사장 [더 피플]"
2026-04-28 00:19:16,76389,2539,211,"최대 큰손 국민연금, 본격 코스닥 투자 임박? | 김성주 국민연금공단 이사장 [더 피플]"
2026-04-28 01:58:20,76389,2539,211,"최대 큰손 국민연금, 본격 코스닥 투자 임박? | 김성주 국민연금공단 이사장 [더 피플]"
2026-04-28 03:03:09,76389,2539,211,"최대 큰손 국민연금, 본격 코스닥 투자 임박? | 김성주 국민연금공단 이사장 [더 피플]"
2026-04-28 04:44:17,76389,2539,211,"최대 큰손 국민연금, 본격 코스닥 투자 임박? | 김성주 국민연금공단 이사장 [더 피플]"
2026-04-28 05:42:45,76389,2539,211,"최대 큰손 국민연금, 본격 코스닥 투자 임박? | 김성주 국민연금공단 이사장 [더 피플]"
2026-04-28 06:41:28,76389,2539,211,"최대 큰손 국민연금, 본격 코스닥 투자 임박? | 김성주 국민연금공단 이사장 [더 피플]"
2026-04-28 07:32:06,76389,2539,211,"최대 큰손 국민연금, 본격 코스닥 투자 임박? | 김성주 국민연금공단 이사장 [더 피플]"
2026-04-28 08:29:25,76389,2539,211,"최대 큰손 국민연금, 본격 코스닥 투자 임박? | 김성주 국민연금공단 이사장 [더 피플]"
2026-04-28 09:12:15,76389,2539,211,"최대 큰손 국민연금, 본격 코스닥 투자 임박? | 김성주 국민연금공단 이사장 [더 피플]"
2026-04-28 13:04:26,76390,2539,211,"최대 큰손 국민연금, 본격 코스닥 투자 임박? | 김성주 국민연금공단 이사장 [더 피플]"
2026-04-28 15:39:02,76390,2540,211,"최대 큰손 국민연금, 본격 코스닥 투자 임박? | 김성주 국민연금공단 이사장 [더 피플]"
2026-04-28 18:06:13,76391,2540,211,"최대 큰손 국민연금, 본격 코스닥 투자 임박? | 김성주 국민연금공단 이사장 [더 피플]"
2026-04-28 20:10:15,76391,2540,211,"최대 큰손 국민연금, 본격 코스닥 투자 임박? | 김성주 국민연금공단 이사장 [더 피플]"
2026-04-28 21:56:44,76391,2540,211,"최대 큰손 국민연금, 본격 코스닥 투자 임박? | 김성주 국민연금공단 이사장 [더 피플]"
2026-04-29 00:21:57,76391,2540,211,"최대 큰손 국민연금, 본격 코스닥 투자 임박? | 김성주 국민연금공단 이사장 [더 피플]"
2026-04-29 02:05:50,76390,2540,211,"최대 큰손 국민연금, 본격 코스닥 투자 임박? | 김성주 국민연금공단 이사장 [더 피플]"
2026-04-29 03:45:39,76390,2540,211,"최대 큰손 국민연금, 본격 코스닥 투자 임박? | 김성주 국민연금공단 이사장 [더 피플]"
2026-04-29 05:06:06,76390,2540,211,"최대 큰손 국민연금, 본격 코스닥 투자 임박? | 김성주 국민연금공단 이사장 [더 피플]"
2026-04-29 06:16:02,76390,2540,211,"최대 큰손 국민연금, 본격 코스닥 투자 임박? | 김성주 국민연금공단 이사장 [더 피플]"
2026-04-29 07:12:24,76390,2540,211,"최대 큰손 국민연금, 본격 코스닥 투자 임박? | 김성주 국민연금공단 이사장 [더 피플]"
2026-04-29 08:09:19,76390,2540,211,"최대 큰손 국민연금, 본격 코스닥 투자 임박? | 김성주 국민연금공단 이사장 [더 피플]"
2026-04-29 09:04:51,76390,2540,211,"최대 큰손 국민연금, 본격 코스닥 투자 임박? | 김성주 국민연금공단 이사장 [더 피플]"
2026-04-29 12:56:26,76390,2540,211,"최대 큰손 국민연금, 본격 코스닥 투자 임박? | 김성주 국민연금공단 이사장 [더 피플]"
2026-04-29 15:18:21,76391,2540,211,"최대 큰손 국민연금, 본격 코스닥 투자 임박? | 김성주 국민연금공단 이사장 [더 피플]"
2026-04-29 17:34:56,76391,2540,211,"최대 큰손 국민연금, 본격 코스닥 투자 임박? | 김성주 국민연금공단 이사장 [더 피플]"
2026-04-29 19:28:14,76392,2540,211,"최대 큰손 국민연금, 본격 코스닥 투자 임박? | 김성주 국민연금공단 이사장 [더 피플]"
2026-04-29 20:58:51,76392,2540,211,"최대 큰손 국민연금, 본격 코스닥 투자 임박? | 김성주 국민연금공단 이사장 [더 피플]"
2026-04-29 22:53:11,76392,2540,211,"최대 큰손 국민연금, 본격 코스닥 투자 임박? | 김성주 국민연금공단 이사장 [더 피플]"
2026-04-30 00:49:01,76392,2540,211,"최대 큰손 국민연금, 본격 코스닥 투자 임박? | 김성주 국민연금공단 이사장 [더 피플]"
2026-04-30 02:10:57,76391,2540,211,"최대 큰손 국민연금, 본격 코스닥 투자 임박? | 김성주 국민연금공단 이사장 [더 피플]"
2026-04-30 03:45:42,76392,2540,211,"최대 큰손 국민연금, 본격 코스닥 투자 임박? | 김성주 국민연금공단 이사장 [더 피플]"
2026-04-30 05:04:01,76392,2540,211,"최대 큰손 국민연금, 본격 코스닥 투자 임박? | 김성주 국민연금공단 이사장 [더 피플]"
2026-04-30 06:15:27,76392,2540,211,"최대 큰손 국민연금, 본격 코스닥 투자 임박? | 김성주 국민연금공단 이사장 [더 피플]"
2026-04-30 07:12:20,76392,2540,211,"최대 큰손 국민연금, 본격 코스닥 투자 임박? | 김성주 국민연금공단 이사장 [더 피플]"
2026-04-30 08:09:35,76392,2540,211,"최대 큰손 국민연금, 본격 코스닥 투자 임박? | 김성주 국민연금공단 이사장 [더 피플]"
2026-04-30 09:05:20,76392,2540,211,"최대 큰손 국민연금, 본격 코스닥 투자 임박? | 김성주 국민연금공단 이사장 [더 피플]"
2026-04-30 12:58:06,76391,2540,211,"최대 큰손 국민연금, 본격 코스닥 투자 임박? | 김성주 국민연금공단 이사장 [더 피플]"
2026-04-30 15:25:09,76391,2540,211,"최대 큰손 국민연금, 본격 코스닥 투자 임박? | 김성주 국민연금공단 이사장 [더 피플]"
2026-04-30 17:38:04,76391,2540,211,"최대 큰손 국민연금, 본격 코스닥 투자 임박? | 김성주 국민연금공단 이사장 [더 피플]"
2026-04-30 19:28:01,76391,2540,211,"최대 큰손 국민연금, 본격 코스닥 투자 임박? | 김성주 국민연금공단 이사장 [더 피플]"
2026-04-30 20:58:06,76391,2540,211,"최대 큰손 국민연금, 본격 코스닥 투자 임박? | 김성주 국민연금공단 이사장 [더 피플]"
2026-04-30 22:47:13,76391,2540,211,"최대 큰손 국민연금, 본격 코스닥 투자 임박? | 김성주 국민연금공단 이사장 [더 피플]"
2026-05-01 00:29:26,76391,2540,211,"최대 큰손 국민연금, 본격 코스닥 투자 임박? | 김성주 국민연금공단 이사장 [더 피플]"
2026-05-01 01:56:59,76391,2540,211,"최대 큰손 국민연금, 본격 코스닥 투자 임박? | 김성주 국민연금공단 이사장 [더 피플]"
2026-05-01 03:06:14,76392,2540,211,"최대 큰손 국민연금, 본격 코스닥 투자 임박? | 김성주 국민연금공단 이사장 [더 피플]"
2026-05-01 04:46:30,76391,2540,211,"최대 큰손 국민연금, 본격 코스닥 투자 임박? | 김성주 국민연금공단 이사장 [더 피플]"
2026-05-01 05:44:25,76392,2540,211,"최대 큰손 국민연금, 본격 코스닥 투자 임박? | 김성주 국민연금공단 이사장 [더 피플]"
2026-05-01 06:40:15,76392,2540,211,"최대 큰손 국민연금, 본격 코스닥 투자 임박? | 김성주 국민연금공단 이사장 [더 피플]"
2026-05-01 07:33:43,76392,2540,211,"최대 큰손 국민연금, 본격 코스닥 투자 임박? | 김성주 국민연금공단 이사장 [더 피플]"
2026-05-01 08:29:14,76393,2540,211,"최대 큰손 국민연금, 본격 코스닥 투자 임박? | 김성주 국민연금공단 이사장 [더 피플]"
2026-05-01 09:13:05,76392,2540,211,"최대 큰손 국민연금, 본격 코스닥 투자 임박? | 김성주 국민연금공단 이사장 [더 피플]"
2026-05-01 13:16:18,76393,2540,211,"최대 큰손 국민연금, 본격 코스닥 투자 임박? | 김성주 국민연금공단 이사장 [더 피플]"
2026-05-01 15:45:43,76393,2540,211,"최대 큰손 국민연금, 본격 코스닥 투자 임박? | 김성주 국민연금공단 이사장 [더 피플]"
2026-05-01 17:33:43,76393,2540,211,"최대 큰손 국민연금, 본격 코스닥 투자 임박? | 김성주 국민연금공단 이사장 [더 피플]"
2026-05-01 19:08:22,76393,2540,211,"최대 큰손 국민연금, 본격 코스닥 투자 임박? | 김성주 국민연금공단 이사장 [더 피플]"
2026-05-01 20:20:31,76392,2540,211,"최대 큰손 국민연금, 본격 코스닥 투자 임박? | 김성주 국민연금공단 이사장 [더 피플]"
2026-05-01 21:09:18,76392,2540,211,"최대 큰손 국민연금, 본격 코스닥 투자 임박? | 김성주 국민연금공단 이사장 [더 피플]"
2026-05-01 22:51:28,76392,2540,211,"최대 큰손 국민연금, 본격 코스닥 투자 임박? | 김성주 국민연금공단 이사장 [더 피플]"
2026-05-01 23:42:26,76392,2540,211,"최대 큰손 국민연금, 본격 코스닥 투자 임박? | 김성주 국민연금공단 이사장 [더 피플]"
2026-05-02 00:38:48,76392,2540,211,"최대 큰손 국민연금, 본격 코스닥 투자 임박? | 김성주 국민연금공단 이사장 [더 피플]"
2026-05-02 01:35:28,76392,2540,211,"최대 큰손 국민연금, 본격 코스닥 투자 임박? | 김성주 국민연금공단 이사장 [더 피플]"
2026-05-02 02:35:32,76392,2540,211,"최대 큰손 국민연금, 본격 코스닥 투자 임박? | 김성주 국민연금공단 이사장 [더 피플]"
2026-05-02 03:42:31,76392,2540,211,"최대 큰손 국민연금, 본격 코스닥 투자 임박? | 김성주 국민연금공단 이사장 [더 피플]"
2026-05-02 04:50:26,76392,2540,211,"최대 큰손 국민연금, 본격 코스닥 투자 임박? | 김성주 국민연금공단 이사장 [더 피플]"
2026-05-02 05:37:23,76392,2540,211,"최대 큰손 국민연금, 본격 코스닥 투자 임박? | 김성주 국민연금공단 이사장 [더 피플]"
2026-05-02 06:31:16,76392,2540,211,"최대 큰손 국민연금, 본격 코스닥 투자 임박? | 김성주 국민연금공단 이사장 [더 피플]"
2026-05-02 07:25:42,76392,2540,211,"최대 큰손 국민연금, 본격 코스닥 투자 임박? | 김성주 국민연금공단 이사장 [더 피플]"
2026-05-02 08:12:03,76392,2540,211,"최대 큰손 국민연금, 본격 코스닥 투자 임박? | 김성주 국민연금공단 이사장 [더 피플]"
2026-05-02 09:04:19,76392,2540,211,"최대 큰손 국민연금, 본격 코스닥 투자 임박? | 김성주 국민연금공단 이사장 [더 피플]"
2026-05-02 12:41:13,76392,2540,211,"최대 큰손 국민연금, 본격 코스닥 투자 임박? | 김성주 국민연금공단 이사장 [더 피플]"
2026-05-02 14:54:50,76392,2540,211,"최대 큰손 국민연금, 본격 코스닥 투자 임박? | 김성주 국민연금공단 이사장 [더 피플]"
2026-05-02 16:16:21,76392,2540,211,"최대 큰손 국민연금, 본격 코스닥 투자 임박? | 김성주 국민연금공단 이사장 [더 피플]"
2026-05-02 17:44:31,76392,2540,211,"최대 큰손 국민연금, 본격 코스닥 투자 임박? | 김성주 국민연금공단 이사장 [더 피플]"
2026-05-02 18:46:13,76392,2540,211,"최대 큰손 국민연금, 본격 코스닥 투자 임박? | 김성주 국민연금공단 이사장 [더 피플]"
2026-05-02 19:35:26,76392,2540,211,"최대 큰손 국민연금, 본격 코스닥 투자 임박? | 김성주 국민연금공단 이사장 [더 피플]"
2026-05-02 20:26:36,76392,2540,211,"최대 큰손 국민연금, 본격 코스닥 투자 임박? | 김성주 국민연금공단 이사장 [더 피플]"
2026-05-02 21:04:24,76392,2540,211,"최대 큰손 국민연금, 본격 코스닥 투자 임박? | 김성주 국민연금공단 이사장 [더 피플]"
2026-05-02 22:41:11,76392,2540,211,"최대 큰손 국민연금, 본격 코스닥 투자 임박? | 김성주 국민연금공단 이사장 [더 피플]"
2026-05-02 23:32:29,76392,2540,211,"최대 큰손 국민연금, 본격 코스닥 투자 임박? | 김성주 국민연금공단 이사장 [더 피플]"
2026-05-03 00:24:38,76392,2540,211,"최대 큰손 국민연금, 본격 코스닥 투자 임박? | 김성주 국민연금공단 이사장 [더 피플]"
2026-05-03 01:04:44,76392,2540,211,"최대 큰손 국민연금, 본격 코스닥 투자 임박? | 김성주 국민연금공단 이사장 [더 피플]"
2026-05-03 02:01:22,76393,2540,211,"최대 큰손 국민연금, 본격 코스닥 투자 임박? | 김성주 국민연금공단 이사장 [더 피플]"
2026-05-03 02:51:12,76393,2540,211,"최대 큰손 국민연금, 본격 코스닥 투자 임박? | 김성주 국민연금공단 이사장 [더 피플]"
2026-05-03 03:37:00,76393,2540,211,"최대 큰손 국민연금, 본격 코스닥 투자 임박? | 김성주 국민연금공단 이사장 [더 피플]"
2026-05-03 04:38:22,76393,2540,211,"최대 큰손 국민연금, 본격 코스닥 투자 임박? | 김성주 국민연금공단 이사장 [더 피플]"
2026-05-03 05:07:52,76393,2540,211,"최대 큰손 국민연금, 본격 코스닥 투자 임박? | 김성주 국민연금공단 이사장 [더 피플]"
2026-05-03 05:57:27,76393,2540,211,"최대 큰손 국민연금, 본격 코스닥 투자 임박? | 김성주 국민연금공단 이사장 [더 피플]"
2026-05-03 06:35:04,76393,2540,211,"최대 큰손 국민연금, 본격 코스닥 투자 임박? | 김성주 국민연금공단 이사장 [더 피플]"
2026-05-03 07:09:24,76393,2540,211,"최대 큰손 국민연금, 본격 코스닥 투자 임박? | 김성주 국민연금공단 이사장 [더 피플]"
2026-05-03 08:01:05,76393,2540,211,"최대 큰손 국민연금, 본격 코스닥 투자 임박? | 김성주 국민연금공단 이사장 [더 피플]"
2026-05-03 08:51:22,76393,2540,211,"최대 큰손 국민연금, 본격 코스닥 투자 임박? | 김성주 국민연금공단 이사장 [더 피플]"
2026-05-03 10:22:28,76393,2540,211,"최대 큰손 국민연금, 본격 코스닥 투자 임박? | 김성주 국민연금공단 이사장 [더 피플]"
2026-05-03 13:51:04,76394,2540,211,"최대 큰손 국민연금, 본격 코스닥 투자 임박? | 김성주 국민연금공단 이사장 [더 피플]"
2026-05-03 16:10:32,76396,2540,211,"최대 큰손 국민연금, 본격 코스닥 투자 임박? | 김성주 국민연금공단 이사장 [더 피플]"
2026-05-03 17:55:46,76396,2540,211,"최대 큰손 국민연금, 본격 코스닥 투자 임박? | 김성주 국민연금공단 이사장 [더 피플]"
2026-05-03 18:58:51,76396,2540,211,"최대 큰손 국민연금, 본격 코스닥 투자 임박? | 김성주 국민연금공단 이사장 [더 피플]"
2026-05-03 19:54:11,76396,2540,211,"최대 큰손 국민연금, 본격 코스닥 투자 임박? | 김성주 국민연금공단 이사장 [더 피플]"
2026-05-03 20:32:40,76396,2540,211,"최대 큰손 국민연금, 본격 코스닥 투자 임박? | 김성주 국민연금공단 이사장 [더 피플]"
2026-05-03 21:08:18,76396,2540,211,"최대 큰손 국민연금, 본격 코스닥 투자 임박? | 김성주 국민연금공단 이사장 [더 피플]"
2026-05-03 22:45:05,76396,2540,211,"최대 큰손 국민연금, 본격 코스닥 투자 임박? | 김성주 국민연금공단 이사장 [더 피플]"
2026-05-03 23:34:16,76396,2540,211,"최대 큰손 국민연금, 본격 코스닥 투자 임박? | 김성주 국민연금공단 이사장 [더 피플]"
2026-05-04 00:24:40,76396,2540,211,"최대 큰손 국민연금, 본격 코스닥 투자 임박? | 김성주 국민연금공단 이사장 [더 피플]"
2026-05-04 01:04:37,76396,2540,211,"최대 큰손 국민연금, 본격 코스닥 투자 임박? | 김성주 국민연금공단 이사장 [더 피플]"
2026-05-04 02:02:49,76396,2540,211,"최대 큰손 국민연금, 본격 코스닥 투자 임박? | 김성주 국민연금공단 이사장 [더 피플]"
2026-05-04 02:53:14,76397,2540,211,"최대 큰손 국민연금, 본격 코스닥 투자 임박? | 김성주 국민연금공단 이사장 [더 피플]"
2026-05-04 03:38:06,76397,2540,211,"최대 큰손 국민연금, 본격 코스닥 투자 임박? | 김성주 국민연금공단 이사장 [더 피플]"
2026-05-04 04:38:25,76397,2540,211,"최대 큰손 국민연금, 본격 코스닥 투자 임박? | 김성주 국민연금공단 이사장 [더 피플]"
2026-05-04 05:22:26,76397,2540,211,"최대 큰손 국민연금, 본격 코스닥 투자 임박? | 김성주 국민연금공단 이사장 [더 피플]"
2026-05-04 06:05:55,76397,2540,211,"최대 큰손 국민연금, 본격 코스닥 투자 임박? | 김성주 국민연금공단 이사장 [더 피플]"
2026-05-04 06:55:40,76397,2540,211,"최대 큰손 국민연금, 본격 코스닥 투자 임박? | 김성주 국민연금공단 이사장 [더 피플]"
2026-05-04 07:30:22,76397,2540,211,"최대 큰손 국민연금, 본격 코스닥 투자 임박? | 김성주 국민연금공단 이사장 [더 피플]"
2026-05-04 08:11:24,76397,2540,211,"최대 큰손 국민연금, 본격 코스닥 투자 임박? | 김성주 국민연금공단 이사장 [더 피플]"
2026-05-04 09:01:54,76397,2540,211,"최대 큰손 국민연금, 본격 코스닥 투자 임박? | 김성주 국민연금공단 이사장 [더 피플]"
2026-05-04 12:53:27,76397,2540,211,"최대 큰손 국민연금, 본격 코스닥 투자 임박? | 김성주 국민연금공단 이사장 [더 피플]"
2026-05-04 15:31:30,76397,2540,211,"최대 큰손 국민연금, 본격 코스닥 투자 임박? | 김성주 국민연금공단 이사장 [더 피플]"
2026-05-04 18:04:00,76397,2540,211,"최대 큰손 국민연금, 본격 코스닥 투자 임박? | 김성주 국민연금공단 이사장 [더 피플]"
2026-05-04 20:11:03,76397,2540,211,"최대 큰손 국민연금, 본격 코스닥 투자 임박? | 김성주 국민연금공단 이사장 [더 피플]"
2026-05-04 21:54:39,76397,2540,211,"최대 큰손 국민연금, 본격 코스닥 투자 임박? | 김성주 국민연금공단 이사장 [더 피플]"
2026-05-04 23:59:39,76397,2540,211,"최대 큰손 국민연금, 본격 코스닥 투자 임박? | 김성주 국민연금공단 이사장 [더 피플]"
2026-05-05 01:46:12,76397,2540,211,"최대 큰손 국민연금, 본격 코스닥 투자 임박? | 김성주 국민연금공단 이사장 [더 피플]"
2026-05-05 03:06:07,76397,2540,211,"최대 큰손 국민연금, 본격 코스닥 투자 임박? | 김성주 국민연금공단 이사장 [더 피플]"
2026-05-05 04:52:42,76397,2540,211,"최대 큰손 국민연금, 본격 코스닥 투자 임박? | 김성주 국민연금공단 이사장 [더 피플]"
2026-05-05 05:54:13,76397,2540,211,"최대 큰손 국민연금, 본격 코스닥 투자 임박? | 김성주 국민연금공단 이사장 [더 피플]"
2026-05-05 06:49:02,76397,2540,211,"최대 큰손 국민연금, 본격 코스닥 투자 임박? | 김성주 국민연금공단 이사장 [더 피플]"
2026-05-05 07:42:57,76397,2540,211,"최대 큰손 국민연금, 본격 코스닥 투자 임박? | 김성주 국민연금공단 이사장 [더 피플]"
2026-05-05 08:34:51,76397,2540,211,"최대 큰손 국민연금, 본격 코스닥 투자 임박? | 김성주 국민연금공단 이사장 [더 피플]"
2026-05-05 10:13:43,76397,2540,211,"최대 큰손 국민연금, 본격 코스닥 투자 임박? | 김성주 국민연금공단 이사장 [더 피플]"
2026-05-05 13:26:52,76397,2540,211,"최대 큰손 국민연금, 본격 코스닥 투자 임박? | 김성주 국민연금공단 이사장 [더 피플]"
2026-05-05 15:33:10,76397,2540,211,"최대 큰손 국민연금, 본격 코스닥 투자 임박? | 김성주 국민연금공단 이사장 [더 피플]"
2026-05-05 17:35:14,76397,2540,211,"최대 큰손 국민연금, 본격 코스닥 투자 임박? | 김성주 국민연금공단 이사장 [더 피플]"
2026-05-05 19:22:21,76397,2540,211,"최대 큰손 국민연금, 본격 코스닥 투자 임박? | 김성주 국민연금공단 이사장 [더 피플]"
2026-05-05 20:43:48,76397,2540,211,"최대 큰손 국민연금, 본격 코스닥 투자 임박? | 김성주 국민연금공단 이사장 [더 피플]"
2026-05-05 21:55:02,76397,2540,211,"최대 큰손 국민연금, 본격 코스닥 투자 임박? | 김성주 국민연금공단 이사장 [더 피플]"
2026-05-06 01:24:11,76397,2540,211,"최대 큰손 국민연금, 본격 코스닥 투자 임박? | 김성주 국민연금공단 이사장 [더 피플]"
2026-05-06 02:56:43,76397,2540,211,"최대 큰손 국민연금, 본격 코스닥 투자 임박? | 김성주 국민연금공단 이사장 [더 피플]"
2026-05-06 04:08:09,76397,2540,211,"최대 큰손 국민연금, 본격 코스닥 투자 임박? | 김성주 국민연금공단 이사장 [더 피플]"
2026-05-06 05:18:25,76397,2540,211,"최대 큰손 국민연금, 본격 코스닥 투자 임박? | 김성주 국민연금공단 이사장 [더 피플]"
2026-05-06 06:16:36,76397,2540,211,"최대 큰손 국민연금, 본격 코스닥 투자 임박? | 김성주 국민연금공단 이사장 [더 피플]"
2026-05-06 07:13:27,76397,2540,211,"최대 큰손 국민연금, 본격 코스닥 투자 임박? | 김성주 국민연금공단 이사장 [더 피플]"
2026-05-06 08:10:58,76397,2540,211,"최대 큰손 국민연금, 본격 코스닥 투자 임박? | 김성주 국민연금공단 이사장 [더 피플]"
2026-05-06 09:00:59,76397,2540,211,"최대 큰손 국민연금, 본격 코스닥 투자 임박? | 김성주 국민연금공단 이사장 [더 피플]"
2026-05-06 12:36:17,76397,2540,211,"최대 큰손 국민연금, 본격 코스닥 투자 임박? | 김성주 국민연금공단 이사장 [더 피플]"
2026-05-06 15:18:58,76398,2540,211,"최대 큰손 국민연금, 본격 코스닥 투자 임박? | 김성주 국민연금공단 이사장 [더 피플]"
2026-05-06 19:36:29,76398,2540,211,"최대 큰손 국민연금, 본격 코스닥 투자 임박? | 김성주 국민연금공단 이사장 [더 피플]"
2026-05-06 21:17:00,76398,2540,211,"최대 큰손 국민연금, 본격 코스닥 투자 임박? | 김성주 국민연금공단 이사장 [더 피플]"
2026-05-06 23:48:57,76398,2540,211,"최대 큰손 국민연금, 본격 코스닥 투자 임박? | 김성주 국민연금공단 이사장 [더 피플]"
2026-05-07 01:20:37,76398,2540,211,"최대 큰손 국민연금, 본격 코스닥 투자 임박? | 김성주 국민연금공단 이사장 [더 피플]"
2026-05-07 02:54:44,76398,2540,211,"최대 큰손 국민연금, 본격 코스닥 투자 임박? | 김성주 국민연금공단 이사장 [더 피플]"
2026-05-07 04:15:31,76400,2540,211,"최대 큰손 국민연금, 본격 코스닥 투자 임박? | 김성주 국민연금공단 이사장 [더 피플]"
2026-05-07 05:47:25,76400,2540,211,"최대 큰손 국민연금, 본격 코스닥 투자 임박? | 김성주 국민연금공단 이사장 [더 피플]"
2026-05-07 06:46:28,76400,2540,211,"최대 큰손 국민연금, 본격 코스닥 투자 임박? | 김성주 국민연금공단 이사장 [더 피플]"
2026-05-07 07:33:21,76400,2540,211,"최대 큰손 국민연금, 본격 코스닥 투자 임박? | 김성주 국민연금공단 이사장 [더 피플]"
2026-05-07 08:30:02,76400,2540,211,"최대 큰손 국민연금, 본격 코스닥 투자 임박? | 김성주 국민연금공단 이사장 [더 피플]"
2026-05-07 09:12:26,76400,2540,211,"최대 큰손 국민연금, 본격 코스닥 투자 임박? | 김성주 국민연금공단 이사장 [더 피플]"
2026-05-07 13:03:46,76400,2540,211,"최대 큰손 국민연금, 본격 코스닥 투자 임박? | 김성주 국민연금공단 이사장 [더 피플]"
2026-05-07 15:46:39,76400,2540,211,"최대 큰손 국민연금, 본격 코스닥 투자 임박? | 김성주 국민연금공단 이사장 [더 피플]"
2026-05-07 18:16:48,76400,2540,211,"최대 큰손 국민연금, 본격 코스닥 투자 임박? | 김성주 국민연금공단 이사장 [더 피플]"
2026-05-07 20:20:34,76400,2540,211,"최대 큰손 국민연금, 본격 코스닥 투자 임박? | 김성주 국민연금공단 이사장 [더 피플]"
2026-05-07 22:10:29,76400,2540,211,"최대 큰손 국민연금, 본격 코스닥 투자 임박? | 김성주 국민연금공단 이사장 [더 피플]"
2026-05-08 00:33:27,76400,2540,211,"최대 큰손 국민연금, 본격 코스닥 투자 임박? | 김성주 국민연금공단 이사장 [더 피플]"
2026-05-08 02:19:30,76401,2540,211,"최대 큰손 국민연금, 본격 코스닥 투자 임박? | 김성주 국민연금공단 이사장 [더 피플]"
2026-05-08 04:03:10,76401,2540,211,"최대 큰손 국민연금, 본격 코스닥 투자 임박? | 김성주 국민연금공단 이사장 [더 피플]"
2026-05-08 05:21:21,76401,2540,211,"최대 큰손 국민연금, 본격 코스닥 투자 임박? | 김성주 국민연금공단 이사장 [더 피플]"
2026-05-08 06:16:50,76401,2540,211,"최대 큰손 국민연금, 본격 코스닥 투자 임박? | 김성주 국민연금공단 이사장 [더 피플]"
2026-05-08 07:17:34,76401,2540,211,"최대 큰손 국민연금, 본격 코스닥 투자 임박? | 김성주 국민연금공단 이사장 [더 피플]"
2026-05-08 08:13:07,76401,2540,211,"최대 큰손 국민연금, 본격 코스닥 투자 임박? | 김성주 국민연금공단 이사장 [더 피플]"
2026-05-08 09:06:05,76401,2540,211,"최대 큰손 국민연금, 본격 코스닥 투자 임박? | 김성주 국민연금공단 이사장 [더 피플]"
2026-05-08 12:49:07,76401,2540,211,"최대 큰손 국민연금, 본격 코스닥 투자 임박? | 김성주 국민연금공단 이사장 [더 피플]"
2026-05-08 14:48:41,76401,2540,211,"최대 큰손 국민연금, 본격 코스닥 투자 임박? | 김성주 국민연금공단 이사장 [더 피플]"
2026-05-08 16:10:04,76401,2540,211,"최대 큰손 국민연금, 본격 코스닥 투자 임박? | 김성주 국민연금공단 이사장 [더 피플]"
2026-05-08 17:47:06,76401,2540,211,"최대 큰손 국민연금, 본격 코스닥 투자 임박? | 김성주 국민연금공단 이사장 [더 피플]"
2026-05-08 19:09:58,76401,2540,211,"최대 큰손 국민연금, 본격 코스닥 투자 임박? | 김성주 국민연금공단 이사장 [더 피플]"
2026-05-08 20:43:15,76401,2540,211,"최대 큰손 국민연금, 본격 코스닥 투자 임박? | 김성주 국민연금공단 이사장 [더 피플]"
2026-05-08 21:59:04,76402,2540,211,"최대 큰손 국민연금, 본격 코스닥 투자 임박? | 김성주 국민연금공단 이사장 [더 피플]"
2026-05-08 23:51:16,76405,2540,211,"최대 큰손 국민연금, 본격 코스닥 투자 임박? | 김성주 국민연금공단 이사장 [더 피플]"
2026-05-09 01:04:44,76402,2540,211,"최대 큰손 국민연금, 본격 코스닥 투자 임박? | 김성주 국민연금공단 이사장 [더 피플]"
2026-05-09 02:40:36,76405,2541,211,"최대 큰손 국민연금, 본격 코스닥 투자 임박? | 김성주 국민연금공단 이사장 [더 피플]"
2026-05-09 03:56:25,76405,2541,211,"최대 큰손 국민연금, 본격 코스닥 투자 임박? | 김성주 국민연금공단 이사장 [더 피플]"
2026-05-09 05:04:04,76406,2541,211,"최대 큰손 국민연금, 본격 코스닥 투자 임박? | 김성주 국민연금공단 이사장 [더 피플]"
2026-05-09 06:12:17,76406,2541,211,"최대 큰손 국민연금, 본격 코스닥 투자 임박? | 김성주 국민연금공단 이사장 [더 피플]"
2026-05-09 07:10:32,76407,2541,211,"최대 큰손 국민연금, 본격 코스닥 투자 임박? | 김성주 국민연금공단 이사장 [더 피플]"
2026-05-09 08:08:37,76407,2541,211,"최대 큰손 국민연금, 본격 코스닥 투자 임박? | 김성주 국민연금공단 이사장 [더 피플]"
2026-05-09 09:07:18,76407,2541,211,"최대 큰손 국민연금, 본격 코스닥 투자 임박? | 김성주 국민연금공단 이사장 [더 피플]"
2026-05-09 12:51:30,76408,2541,211,"최대 큰손 국민연금, 본격 코스닥 투자 임박? | 김성주 국민연금공단 이사장 [더 피플]"
2026-05-09 15:06:24,76408,2541,211,"최대 큰손 국민연금, 본격 코스닥 투자 임박? | 김성주 국민연금공단 이사장 [더 피플]"
2026-05-09 17:07:05,76408,2541,211,"최대 큰손 국민연금, 본격 코스닥 투자 임박? | 김성주 국민연금공단 이사장 [더 피플]"
2026-05-09 18:41:39,76408,2541,211,"최대 큰손 국민연금, 본격 코스닥 투자 임박? | 김성주 국민연금공단 이사장 [더 피플]"
2026-05-09 19:35:31,76408,2540,211,"최대 큰손 국민연금, 본격 코스닥 투자 임박? | 김성주 국민연금공단 이사장 [더 피플]"
2026-05-09 20:28:19,76408,2540,211,"최대 큰손 국민연금, 본격 코스닥 투자 임박? | 김성주 국민연금공단 이사장 [더 피플]"
2026-05-09 21:08:23,76408,2540,211,"최대 큰손 국민연금, 본격 코스닥 투자 임박? | 김성주 국민연금공단 이사장 [더 피플]"
2026-05-09 22:48:30,76408,2540,211,"최대 큰손 국민연금, 본격 코스닥 투자 임박? | 김성주 국민연금공단 이사장 [더 피플]"
2026-05-09 23:39:00,76408,2540,211,"최대 큰손 국민연금, 본격 코스닥 투자 임박? | 김성주 국민연금공단 이사장 [더 피플]"
2026-05-10 00:33:36,76408,2540,211,"최대 큰손 국민연금, 본격 코스닥 투자 임박? | 김성주 국민연금공단 이사장 [더 피플]"
2026-05-10 01:30:16,76408,2540,211,"최대 큰손 국민연금, 본격 코스닥 투자 임박? | 김성주 국민연금공단 이사장 [더 피플]"
2026-05-10 02:28:56,76408,2540,211,"최대 큰손 국민연금, 본격 코스닥 투자 임박? | 김성주 국민연금공단 이사장 [더 피플]"
2026-05-10 03:12:58,76408,2540,211,"최대 큰손 국민연금, 본격 코스닥 투자 임박? | 김성주 국민연금공단 이사장 [더 피플]"
2026-05-10 04:32:17,76408,2540,211,"최대 큰손 국민연금, 본격 코스닥 투자 임박? | 김성주 국민연금공단 이사장 [더 피플]"
2026-05-10 05:10:03,76408,2540,211,"최대 큰손 국민연금, 본격 코스닥 투자 임박? | 김성주 국민연금공단 이사장 [더 피플]"
2026-05-10 06:00:29,76408,2540,211,"최대 큰손 국민연금, 본격 코스닥 투자 임박? | 김성주 국민연금공단 이사장 [더 피플]"
2026-05-10 06:49:53,76408,2540,211,"최대 큰손 국민연금, 본격 코스닥 투자 임박? | 김성주 국민연금공단 이사장 [더 피플]"
2026-05-10 07:28:07,76408,2540,211,"최대 큰손 국민연금, 본격 코스닥 투자 임박? | 김성주 국민연금공단 이사장 [더 피플]"
2026-05-10 08:11:52,76408,2540,211,"최대 큰손 국민연금, 본격 코스닥 투자 임박? | 김성주 국민연금공단 이사장 [더 피플]"
2026-05-10 09:02:23,76408,2540,211,"최대 큰손 국민연금, 본격 코스닥 투자 임박? | 김성주 국민연금공단 이사장 [더 피플]"
2026-05-10 13:02:37,76408,2540,211,"최대 큰손 국민연금, 본격 코스닥 투자 임박? | 김성주 국민연금공단 이사장 [더 피플]"
2026-05-10 15:39:26,76408,2539,211,"최대 큰손 국민연금, 본격 코스닥 투자 임박? | 김성주 국민연금공단 이사장 [더 피플]"
2026-05-10 17:28:13,76410,2539,211,"최대 큰손 국민연금, 본격 코스닥 투자 임박? | 김성주 국민연금공단 이사장 [더 피플]"
2026-05-10 18:52:45,76410,2539,211,"최대 큰손 국민연금, 본격 코스닥 투자 임박? | 김성주 국민연금공단 이사장 [더 피플]"
2026-05-10 19:49:39,76410,2539,211,"최대 큰손 국민연금, 본격 코스닥 투자 임박? | 김성주 국민연금공단 이사장 [더 피플]"
2026-05-10 20:37:16,76411,2539,211,"최대 큰손 국민연금, 본격 코스닥 투자 임박? | 김성주 국민연금공단 이사장 [더 피플]"
2026-05-10 21:36:18,76410,2539,211,"최대 큰손 국민연금, 본격 코스닥 투자 임박? | 김성주 국민연금공단 이사장 [더 피플]"
2026-05-10 23:03:27,76410,2539,211,"최대 큰손 국민연금, 본격 코스닥 투자 임박? | 김성주 국민연금공단 이사장 [더 피플]"
2026-05-11 00:03:08,76411,2539,211,"최대 큰손 국민연금, 본격 코스닥 투자 임박? | 김성주 국민연금공단 이사장 [더 피플]"
2026-05-11 01:01:12,76411,2539,211,"최대 큰손 국민연금, 본격 코스닥 투자 임박? | 김성주 국민연금공단 이사장 [더 피플]"
2026-05-11 02:01:20,76411,2539,211,"최대 큰손 국민연금, 본격 코스닥 투자 임박? | 김성주 국민연금공단 이사장 [더 피플]"
2026-05-11 02:55:28,76411,2539,211,"최대 큰손 국민연금, 본격 코스닥 투자 임박? | 김성주 국민연금공단 이사장 [더 피플]"
2026-05-11 03:44:20,76411,2539,211,"최대 큰손 국민연금, 본격 코스닥 투자 임박? | 김성주 국민연금공단 이사장 [더 피플]"
2026-05-11 04:45:45,76411,2539,211,"최대 큰손 국민연금, 본격 코스닥 투자 임박? | 김성주 국민연금공단 이사장 [더 피플]"
2026-05-11 05:30:20,76411,2539,211,"최대 큰손 국민연금, 본격 코스닥 투자 임박? | 김성주 국민연금공단 이사장 [더 피플]"
2026-05-11 06:13:13,76411,2539,211,"최대 큰손 국민연금, 본격 코스닥 투자 임박? | 김성주 국민연금공단 이사장 [더 피플]"
2026-05-11 07:04:17,76411,2539,211,"최대 큰손 국민연금, 본격 코스닥 투자 임박? | 김성주 국민연금공단 이사장 [더 피플]"
2026-05-11 07:59:55,76411,2539,211,"최대 큰손 국민연금, 본격 코스닥 투자 임박? | 김성주 국민연금공단 이사장 [더 피플]"
2026-05-11 08:54:28,76411,2539,211,"최대 큰손 국민연금, 본격 코스닥 투자 임박? | 김성주 국민연금공단 이사장 [더 피플]"
2026-05-11 10:45:33,76411,2539,211,"최대 큰손 국민연금, 본격 코스닥 투자 임박? | 김성주 국민연금공단 이사장 [더 피플]"
2026-05-11 14:43:53,76412,2539,211,"최대 큰손 국민연금, 본격 코스닥 투자 임박? | 김성주 국민연금공단 이사장 [더 피플]"
2026-05-11 17:46:42,76413,2539,211,"최대 큰손 국민연금, 본격 코스닥 투자 임박? | 김성주 국민연금공단 이사장 [더 피플]"
2026-05-11 20:49:06,76414,2539,211,"최대 큰손 국민연금, 본격 코스닥 투자 임박? | 김성주 국민연금공단 이사장 [더 피플]"
2026-05-11 23:12:32,76414,2539,211,"최대 큰손 국민연금, 본격 코스닥 투자 임박? | 김성주 국민연금공단 이사장 [더 피플]"
2026-05-12 01:44:12,76414,2539,211,"최대 큰손 국민연금, 본격 코스닥 투자 임박? | 김성주 국민연금공단 이사장 [더 피플]"
2026-05-12 03:25:01,76414,2539,211,"최대 큰손 국민연금, 본격 코스닥 투자 임박? | 김성주 국민연금공단 이사장 [더 피플]"
2026-05-12 05:10:53,76414,2539,211,"최대 큰손 국민연금, 본격 코스닥 투자 임박? | 김성주 국민연금공단 이사장 [더 피플]"
2026-05-12 06:40:03,76414,2539,211,"최대 큰손 국민연금, 본격 코스닥 투자 임박? | 김성주 국민연금공단 이사장 [더 피플]"
2026-05-12 07:37:20,76414,2539,211,"최대 큰손 국민연금, 본격 코스닥 투자 임박? | 김성주 국민연금공단 이사장 [더 피플]"
2026-05-12 08:35:22,76414,2539,211,"최대 큰손 국민연금, 본격 코스닥 투자 임박? | 김성주 국민연금공단 이사장 [더 피플]"
2026-05-12 10:19:31,76414,2539,211,"최대 큰손 국민연금, 본격 코스닥 투자 임박? | 김성주 국민연금공단 이사장 [더 피플]"
2026-05-12 13:49:40,76415,2539,211,"최대 큰손 국민연금, 본격 코스닥 투자 임박? | 김성주 국민연금공단 이사장 [더 피플]"
2026-05-12 16:33:15,76415,2539,211,"최대 큰손 국민연금, 본격 코스닥 투자 임박? | 김성주 국민연금공단 이사장 [더 피플]"
2026-05-12 19:07:22,76418,2539,211,"최대 큰손 국민연금, 본격 코스닥 투자 임박? | 김성주 국민연금공단 이사장 [더 피플]"
2026-05-12 21:07:14,76419,2539,211,"최대 큰손 국민연금, 본격 코스닥 투자 임박? | 김성주 국민연금공단 이사장 [더 피플]"
2026-05-12 23:46:40,76419,2539,211,"최대 큰손 국민연금, 본격 코스닥 투자 임박? | 김성주 국민연금공단 이사장 [더 피플]"
2026-05-13 01:57:40,76420,2539,211,"최대 큰손 국민연금, 본격 코스닥 투자 임박? | 김성주 국민연금공단 이사장 [더 피플]"
2026-05-13 03:53:13,76420,2539,211,"최대 큰손 국민연금, 본격 코스닥 투자 임박? | 김성주 국민연금공단 이사장 [더 피플]"
2026-05-13 05:21:49,76420,2539,211,"최대 큰손 국민연금, 본격 코스닥 투자 임박? | 김성주 국민연금공단 이사장 [더 피플]"
2026-05-13 06:44:22,76423,2539,211,"최대 큰손 국민연금, 본격 코스닥 투자 임박? | 김성주 국민연금공단 이사장 [더 피플]"
2026-05-13 07:46:00,76423,2539,211,"최대 큰손 국민연금, 본격 코스닥 투자 임박? | 김성주 국민연금공단 이사장 [더 피플]"
2026-05-13 08:42:39,76423,2539,211,"최대 큰손 국민연금, 본격 코스닥 투자 임박? | 김성주 국민연금공단 이사장 [더 피플]"
2026-05-13 10:28:23,76423,2539,211,"최대 큰손 국민연금, 본격 코스닥 투자 임박? | 김성주 국민연금공단 이사장 [더 피플]"
2026-05-13 14:07:07,76424,2539,211,"최대 큰손 국민연금, 본격 코스닥 투자 임박? | 김성주 국민연금공단 이사장 [더 피플]"
2026-05-13 17:08:51,76424,2539,211,"최대 큰손 국민연금, 본격 코스닥 투자 임박? | 김성주 국민연금공단 이사장 [더 피플]"
2026-05-13 19:39:59,76425,2539,211,"최대 큰손 국민연금, 본격 코스닥 투자 임박? | 김성주 국민연금공단 이사장 [더 피플]"
2026-05-13 21:30:14,76426,2539,211,"최대 큰손 국민연금, 본격 코스닥 투자 임박? | 김성주 국민연금공단 이사장 [더 피플]"
2026-05-14 00:25:01,76427,2539,211,"최대 큰손 국민연금, 본격 코스닥 투자 임박? | 김성주 국민연금공단 이사장 [더 피플]"
2026-05-14 02:30:59,76427,2539,211,"최대 큰손 국민연금, 본격 코스닥 투자 임박? | 김성주 국민연금공단 이사장 [더 피플]"
2026-05-14 04:18:10,76428,2539,211,"최대 큰손 국민연금, 본격 코스닥 투자 임박? | 김성주 국민연금공단 이사장 [더 피플]"
2026-05-14 05:56:58,76428,2539,211,"최대 큰손 국민연금, 본격 코스닥 투자 임박? | 김성주 국민연금공단 이사장 [더 피플]"
2026-05-14 07:06:01,76428,2539,211,"최대 큰손 국민연금, 본격 코스닥 투자 임박? | 김성주 국민연금공단 이사장 [더 피플]"
2026-05-14 08:16:46,76428,2539,211,"최대 큰손 국민연금, 본격 코스닥 투자 임박? | 김성주 국민연금공단 이사장 [더 피플]"
2026-05-14 09:16:27,76428,2539,211,"최대 큰손 국민연금, 본격 코스닥 투자 임박? | 김성주 국민연금공단 이사장 [더 피플]"
2026-05-14 13:13:50,76428,2539,211,"최대 큰손 국민연금, 본격 코스닥 투자 임박? | 김성주 국민연금공단 이사장 [더 피플]"
2026-05-14 16:20:56,76428,2539,211,"최대 큰손 국민연금, 본격 코스닥 투자 임박? | 김성주 국민연금공단 이사장 [더 피플]"
2026-05-14 18:41:38,76429,2539,211,"최대 큰손 국민연금, 본격 코스닥 투자 임박? | 김성주 국민연금공단 이사장 [더 피플]"
2026-05-14 20:28:41,76429,2539,211,"최대 큰손 국민연금, 본격 코스닥 투자 임박? | 김성주 국민연금공단 이사장 [더 피플]"
2026-05-14 22:14:08,76429,2539,211,"최대 큰손 국민연금, 본격 코스닥 투자 임박? | 김성주 국민연금공단 이사장 [더 피플]"
2026-05-15 00:32:36,76429,2539,211,"최대 큰손 국민연금, 본격 코스닥 투자 임박? | 김성주 국민연금공단 이사장 [더 피플]"
2026-05-15 02:21:19,76429,2539,211,"최대 큰손 국민연금, 본격 코스닥 투자 임박? | 김성주 국민연금공단 이사장 [더 피플]"
2026-05-15 04:12:46,76429,2539,211,"최대 큰손 국민연금, 본격 코스닥 투자 임박? | 김성주 국민연금공단 이사장 [더 피플]"
2026-05-15 05:44:43,76430,2539,211,"최대 큰손 국민연금, 본격 코스닥 투자 임박? | 김성주 국민연금공단 이사장 [더 피플]"
2026-05-15 06:50:30,76430,2539,211,"최대 큰손 국민연금, 본격 코스닥 투자 임박? | 김성주 국민연금공단 이사장 [더 피플]"
2026-05-15 07:44:40,76430,2539,211,"최대 큰손 국민연금, 본격 코스닥 투자 임박? | 김성주 국민연금공단 이사장 [더 피플]"
2026-05-15 08:37:43,76430,2539,211,"최대 큰손 국민연금, 본격 코스닥 투자 임박? | 김성주 국민연금공단 이사장 [더 피플]"
2026-05-15 10:27:47,76431,2540,211,"최대 큰손 국민연금, 본격 코스닥 투자 임박? | 김성주 국민연금공단 이사장 [더 피플]"
2026-05-15 14:09:37,76431,2540,211,"최대 큰손 국민연금, 본격 코스닥 투자 임박? | 김성주 국민연금공단 이사장 [더 피플]"
2026-05-15 17:15:16,76431,2540,211,"최대 큰손 국민연금, 본격 코스닥 투자 임박? | 김성주 국민연금공단 이사장 [더 피플]"
2026-05-15 19:38:21,76431,2540,211,"최대 큰손 국민연금, 본격 코스닥 투자 임박? | 김성주 국민연금공단 이사장 [더 피플]"
2026-05-15 21:20:14,76431,2540,211,"최대 큰손 국민연금, 본격 코스닥 투자 임박? | 김성주 국민연금공단 이사장 [더 피플]"
2026-05-15 23:39:49,76431,2540,211,"최대 큰손 국민연금, 본격 코스닥 투자 임박? | 김성주 국민연금공단 이사장 [더 피플]"
2026-05-16 01:22:47,76432,2540,211,"최대 큰손 국민연금, 본격 코스닥 투자 임박? | 김성주 국민연금공단 이사장 [더 피플]"
2026-05-16 02:55:45,76432,2540,211,"최대 큰손 국민연금, 본격 코스닥 투자 임박? | 김성주 국민연금공단 이사장 [더 피플]"
2026-05-16 04:16:17,76432,2540,211,"최대 큰손 국민연금, 본격 코스닥 투자 임박? | 김성주 국민연금공단 이사장 [더 피플]"
2026-05-16 05:35:29,76434,2540,211,"최대 큰손 국민연금, 본격 코스닥 투자 임박? | 김성주 국민연금공단 이사장 [더 피플]"
2026-05-16 06:37:48,76434,2540,211,"최대 큰손 국민연금, 본격 코스닥 투자 임박? | 김성주 국민연금공단 이사장 [더 피플]"
2026-05-16 07:33:46,76434,2540,211,"최대 큰손 국민연금, 본격 코스닥 투자 임박? | 김성주 국민연금공단 이사장 [더 피플]"
2026-05-16 08:30:41,76434,2540,211,"최대 큰손 국민연금, 본격 코스닥 투자 임박? | 김성주 국민연금공단 이사장 [더 피플]"
2026-05-16 10:16:07,76434,2540,211,"최대 큰손 국민연금, 본격 코스닥 투자 임박? | 김성주 국민연금공단 이사장 [더 피플]"
2026-05-16 13:39:24,76436,2540,211,"최대 큰손 국민연금, 본격 코스닥 투자 임박? | 김성주 국민연금공단 이사장 [더 피플]"
2026-05-16 16:01:14,76437,2540,211,"최대 큰손 국민연금, 본격 코스닥 투자 임박? | 김성주 국민연금공단 이사장 [더 피플]"
2026-05-16 17:50:48,76437,2540,211,"최대 큰손 국민연금, 본격 코스닥 투자 임박? | 김성주 국민연금공단 이사장 [더 피플]"
2026-05-16 19:04:51,76437,2540,211,"최대 큰손 국민연금, 본격 코스닥 투자 임박? | 김성주 국민연금공단 이사장 [더 피플]"
2026-05-16 20:12:23,76437,2540,211,"최대 큰손 국민연금, 본격 코스닥 투자 임박? | 김성주 국민연금공단 이사장 [더 피플]"
2026-05-16 21:04:35,76437,2540,211,"최대 큰손 국민연금, 본격 코스닥 투자 임박? | 김성주 국민연금공단 이사장 [더 피플]"
2026-05-16 22:52:41,76435,2540,211,"최대 큰손 국민연금, 본격 코스닥 투자 임박? | 김성주 국민연금공단 이사장 [더 피플]"
2026-05-16 23:44:34,76435,2540,211,"최대 큰손 국민연금, 본격 코스닥 투자 임박? | 김성주 국민연금공단 이사장 [더 피플]"
2026-05-17 00:41:11,76435,2540,211,"최대 큰손 국민연금, 본격 코스닥 투자 임박? | 김성주 국민연금공단 이사장 [더 피플]"
2026-05-17 01:35:12,76435,2540,211,"최대 큰손 국민연금, 본격 코스닥 투자 임박? | 김성주 국민연금공단 이사장 [더 피플]"
2026-05-17 02:32:42,76435,2540,211,"최대 큰손 국민연금, 본격 코스닥 투자 임박? | 김성주 국민연금공단 이사장 [더 피플]"
2026-05-17 03:33:16,76435,2540,211,"최대 큰손 국민연금, 본격 코스닥 투자 임박? | 김성주 국민연금공단 이사장 [더 피플]"
2026-05-17 04:41:22,76437,2540,211,"최대 큰손 국민연금, 본격 코스닥 투자 임박? | 김성주 국민연금공단 이사장 [더 피플]"
2026-05-17 05:26:10,76437,2540,211,"최대 큰손 국민연금, 본격 코스닥 투자 임박? | 김성주 국민연금공단 이사장 [더 피플]"
2026-05-17 06:08:33,76437,2540,211,"최대 큰손 국민연금, 본격 코스닥 투자 임박? | 김성주 국민연금공단 이사장 [더 피플]"
2026-05-17 07:01:17,76437,2540,211,"최대 큰손 국민연금, 본격 코스닥 투자 임박? | 김성주 국민연금공단 이사장 [더 피플]"
2026-05-17 07:53:48,76437,2540,211,"최대 큰손 국민연금, 본격 코스닥 투자 임박? | 김성주 국민연금공단 이사장 [더 피플]"
2026-05-17 08:37:39,76437,2540,211,"최대 큰손 국민연금, 본격 코스닥 투자 임박? | 김성주 국민연금공단 이사장 [더 피플]"
2026-05-17 10:28:34,76437,2540,211,"최대 큰손 국민연금, 본격 코스닥 투자 임박? | 김성주 국민연금공단 이사장 [더 피플]"
2026-05-17 14:08:23,76438,2540,211,"최대 큰손 국민연금, 본격 코스닥 투자 임박? | 김성주 국민연금공단 이사장 [더 피플]"
2026-05-17 16:42:02,76438,2540,211,"최대 큰손 국민연금, 본격 코스닥 투자 임박? | 김성주 국민연금공단 이사장 [더 피플]"
2026-05-17 18:23:35,76438,2540,211,"최대 큰손 국민연금, 본격 코스닥 투자 임박? | 김성주 국민연금공단 이사장 [더 피플]"
2026-05-17 19:45:39,76438,2540,211,"최대 큰손 국민연금, 본격 코스닥 투자 임박? | 김성주 국민연금공단 이사장 [더 피플]"
2026-05-17 20:45:18,76438,2540,211,"최대 큰손 국민연금, 본격 코스닥 투자 임박? | 김성주 국민연금공단 이사장 [더 피플]"
2026-05-17 21:40:14,76438,2540,211,"최대 큰손 국민연금, 본격 코스닥 투자 임박? | 김성주 국민연금공단 이사장 [더 피플]"
2026-05-17 23:08:58,76438,2540,211,"최대 큰손 국민연금, 본격 코스닥 투자 임박? | 김성주 국민연금공단 이사장 [더 피플]"
2026-05-18 00:14:38,76438,2540,211,"최대 큰손 국민연금, 본격 코스닥 투자 임박? | 김성주 국민연금공단 이사장 [더 피플]"
2026-05-18 01:11:24,76438,2540,211,"최대 큰손 국민연금, 본격 코스닥 투자 임박? | 김성주 국민연금공단 이사장 [더 피플]"
2026-05-18 02:12:23,76438,2540,211,"최대 큰손 국민연금, 본격 코스닥 투자 임박? | 김성주 국민연금공단 이사장 [더 피플]"
2026-05-18 03:09:04,76439,2540,211,"최대 큰손 국민연금, 본격 코스닥 투자 임박? | 김성주 국민연금공단 이사장 [더 피플]"
2026-05-18 04:33:10,76439,2540,211,"최대 큰손 국민연금, 본격 코스닥 투자 임박? | 김성주 국민연금공단 이사장 [더 피플]"
2026-05-18 05:25:45,76439,2540,211,"최대 큰손 국민연금, 본격 코스닥 투자 임박? | 김성주 국민연금공단 이사장 [더 피플]"
2026-05-18 06:11:49,76439,2540,211,"최대 큰손 국민연금, 본격 코스닥 투자 임박? | 김성주 국민연금공단 이사장 [더 피플]"
2026-05-18 07:07:22,76439,2540,211,"최대 큰손 국민연금, 본격 코스닥 투자 임박? | 김성주 국민연금공단 이사장 [더 피플]"
2026-05-18 08:07:14,76439,2540,211,"최대 큰손 국민연금, 본격 코스닥 투자 임박? | 김성주 국민연금공단 이사장 [더 피플]"
2026-05-18 09:07:33,76440,2540,211,"최대 큰손 국민연금, 본격 코스닥 투자 임박? | 김성주 국민연금공단 이사장 [더 피플]"
2026-05-18 13:37:57,76441,2540,211,"최대 큰손 국민연금, 본격 코스닥 투자 임박? | 김성주 국민연금공단 이사장 [더 피플]"
2026-05-18 17:33:43,76445,2540,211,"최대 큰손 국민연금, 본격 코스닥 투자 임박? | 김성주 국민연금공단 이사장 [더 피플]"
2026-05-18 21:00:47,76445,2540,211,"최대 큰손 국민연금, 본격 코스닥 투자 임박? | 김성주 국민연금공단 이사장 [더 피플]"
2026-05-19 00:40:22,76445,2540,211,"최대 큰손 국민연금, 본격 코스닥 투자 임박? | 김성주 국민연금공단 이사장 [더 피플]"
2026-05-19 02:47:14,76447,2540,211,"최대 큰손 국민연금, 본격 코스닥 투자 임박? | 김성주 국민연금공단 이사장 [더 피플]"
2026-05-19 04:16:44,76447,2540,211,"최대 큰손 국민연금, 본격 코스닥 투자 임박? | 김성주 국민연금공단 이사장 [더 피플]"
2026-05-19 05:47:57,76448,2540,211,"최대 큰손 국민연금, 본격 코스닥 투자 임박? | 김성주 국민연금공단 이사장 [더 피플]"
2026-05-19 06:52:53,76448,2540,211,"최대 큰손 국민연금, 본격 코스닥 투자 임박? | 김성주 국민연금공단 이사장 [더 피플]"
2026-05-19 07:44:06,76448,2540,211,"최대 큰손 국민연금, 본격 코스닥 투자 임박? | 김성주 국민연금공단 이사장 [더 피플]"
2026-05-19 08:45:31,76448,2540,211,"최대 큰손 국민연금, 본격 코스닥 투자 임박? | 김성주 국민연금공단 이사장 [더 피플]"
2026-05-19 10:48:08,76448,2540,211,"최대 큰손 국민연금, 본격 코스닥 투자 임박? | 김성주 국민연금공단 이사장 [더 피플]"
2026-05-19 14:51:40,76448,2540,211,"최대 큰손 국민연금, 본격 코스닥 투자 임박? | 김성주 국민연금공단 이사장 [더 피플]"
2026-05-19 17:50:38,76450,2540,211,"최대 큰손 국민연금, 본격 코스닥 투자 임박? | 김성주 국민연금공단 이사장 [더 피플]"
2026-05-19 20:48:02,76450,2540,211,"최대 큰손 국민연금, 본격 코스닥 투자 임박? | 김성주 국민연금공단 이사장 [더 피플]"
2026-05-19 23:18:02,76450,2540,211,"최대 큰손 국민연금, 본격 코스닥 투자 임박? | 김성주 국민연금공단 이사장 [더 피플]"
2026-05-20 02:17:18,76447,2540,211,"최대 큰손 국민연금, 본격 코스닥 투자 임박? | 김성주 국민연금공단 이사장 [더 피플]"
2026-05-20 04:19:06,76447,2540,211,"최대 큰손 국민연금, 본격 코스닥 투자 임박? | 김성주 국민연금공단 이사장 [더 피플]"
2026-05-20 05:53:01,76448,2540,211,"최대 큰손 국민연금, 본격 코스닥 투자 임박? | 김성주 국민연금공단 이사장 [더 피플]"
2026-05-20 07:01:55,76448,2540,211,"최대 큰손 국민연금, 본격 코스닥 투자 임박? | 김성주 국민연금공단 이사장 [더 피플]"
2026-05-20 08:11:47,76448,2540,211,"최대 큰손 국민연금, 본격 코스닥 투자 임박? | 김성주 국민연금공단 이사장 [더 피플]"
2026-05-20 09:17:11,76448,2540,211,"최대 큰손 국민연금, 본격 코스닥 투자 임박? | 김성주 국민연금공단 이사장 [더 피플]"
2026-05-20 13:38:21,76449,2540,211,"최대 큰손 국민연금, 본격 코스닥 투자 임박? | 김성주 국민연금공단 이사장 [더 피플]"
2026-05-20 17:03:19,76450,2540,211,"최대 큰손 국민연금, 본격 코스닥 투자 임박? | 김성주 국민연금공단 이사장 [더 피플]"
2026-05-20 20:15:43,76450,2540,211,"최대 큰손 국민연금, 본격 코스닥 투자 임박? | 김성주 국민연금공단 이사장 [더 피플]"
2026-05-20 22:46:56,76450,2540,211,"최대 큰손 국민연금, 본격 코스닥 투자 임박? | 김성주 국민연금공단 이사장 [더 피플]"
2026-05-21 01:39:13,76450,2540,211,"최대 큰손 국민연금, 본격 코스닥 투자 임박? | 김성주 국민연금공단 이사장 [더 피플]"
2026-05-21 04:04:41,76450,2540,211,"최대 큰손 국민연금, 본격 코스닥 투자 임박? | 김성주 국민연금공단 이사장 [더 피플]"
2026-05-21 06:05:39,76450,2540,211,"최대 큰손 국민연금, 본격 코스닥 투자 임박? | 김성주 국민연금공단 이사장 [더 피플]"
2026-05-21 07:40:37,76450,2540,211,"최대 큰손 국민연금, 본격 코스닥 투자 임박? | 김성주 국민연금공단 이사장 [더 피플]"
2026-05-21 08:52:20,76452,2540,211,"최대 큰손 국민연금, 본격 코스닥 투자 임박? | 김성주 국민연금공단 이사장 [더 피플]"
2026-05-21 10:50:12,76452,2540,211,"최대 큰손 국민연금, 본격 코스닥 투자 임박? | 김성주 국민연금공단 이사장 [더 피플]"
2026-05-21 14:56:12,76452,2540,211,"최대 큰손 국민연금, 본격 코스닥 투자 임박? | 김성주 국민연금공단 이사장 [더 피플]"
2026-05-21 17:57:58,76452,2540,211,"최대 큰손 국민연금, 본격 코스닥 투자 임박? | 김성주 국민연금공단 이사장 [더 피플]"
2026-05-21 21:11:39,76452,2540,211,"최대 큰손 국민연금, 본격 코스닥 투자 임박? | 김성주 국민연금공단 이사장 [더 피플]"
2026-05-22 00:50:34,76452,2540,211,"최대 큰손 국민연금, 본격 코스닥 투자 임박? | 김성주 국민연금공단 이사장 [더 피플]"
2026-05-22 02:47:07,76452,2540,211,"최대 큰손 국민연금, 본격 코스닥 투자 임박? | 김성주 국민연금공단 이사장 [더 피플]"
2026-05-22 04:30:00,76452,2540,211,"최대 큰손 국민연금, 본격 코스닥 투자 임박? | 김성주 국민연금공단 이사장 [더 피플]"
2026-05-22 06:12:36,76452,2540,211,"최대 큰손 국민연금, 본격 코스닥 투자 임박? | 김성주 국민연금공단 이사장 [더 피플]"
2026-05-22 07:40:15,76452,2540,211,"최대 큰손 국민연금, 본격 코스닥 투자 임박? | 김성주 국민연금공단 이사장 [더 피플]"
2026-05-22 08:39:17,76452,2540,211,"최대 큰손 국민연금, 본격 코스닥 투자 임박? | 김성주 국민연금공단 이사장 [더 피플]"
2026-05-22 10:33:33,76452,2540,211,"최대 큰손 국민연금, 본격 코스닥 투자 임박? | 김성주 국민연금공단 이사장 [더 피플]"
2026-05-22 14:44:23,76452,2540,211,"최대 큰손 국민연금, 본격 코스닥 투자 임박? | 김성주 국민연금공단 이사장 [더 피플]"
2026-05-22 17:39:14,76451,2540,211,"최대 큰손 국민연금, 본격 코스닥 투자 임박? | 김성주 국민연금공단 이사장 [더 피플]"
2026-05-22 20:27:52,76451,2540,211,"최대 큰손 국민연금, 본격 코스닥 투자 임박? | 김성주 국민연금공단 이사장 [더 피플]"
2026-05-22 22:42:10,76451,2540,211,"최대 큰손 국민연금, 본격 코스닥 투자 임박? | 김성주 국민연금공단 이사장 [더 피플]"
2026-05-23 01:05:12,76451,2540,211,"최대 큰손 국민연금, 본격 코스닥 투자 임박? | 김성주 국민연금공단 이사장 [더 피플]"
2026-05-23 03:00:02,76451,2540,211,"최대 큰손 국민연금, 본격 코스닥 투자 임박? | 김성주 국민연금공단 이사장 [더 피플]"
2026-05-23 04:48:50,76453,2540,211,"최대 큰손 국민연금, 본격 코스닥 투자 임박? | 김성주 국민연금공단 이사장 [더 피플]"
2026-05-23 06:00:17,76453,2540,211,"최대 큰손 국민연금, 본격 코스닥 투자 임박? | 김성주 국민연금공단 이사장 [더 피플]"
2026-05-23 07:09:54,76453,2540,211,"최대 큰손 국민연금, 본격 코스닥 투자 임박? | 김성주 국민연금공단 이사장 [더 피플]"
2026-05-23 08:17:38,76453,2540,211,"최대 큰손 국민연금, 본격 코스닥 투자 임박? | 김성주 국민연금공단 이사장 [더 피플]"
2026-05-23 09:16:44,76453,2540,211,"최대 큰손 국민연금, 본격 코스닥 투자 임박? | 김성주 국민연금공단 이사장 [더 피플]"
2026-05-23 13:09:24,76453,2540,211,"최대 큰손 국민연금, 본격 코스닥 투자 임박? | 김성주 국민연금공단 이사장 [더 피플]"
2026-05-23 15:43:07,76453,2540,211,"최대 큰손 국민연금, 본격 코스닥 투자 임박? | 김성주 국민연금공단 이사장 [더 피플]"
2026-05-23 19:18:03,76454,2540,211,"최대 큰손 국민연금, 본격 코스닥 투자 임박? | 김성주 국민연금공단 이사장 [더 피플]"
2026-05-23 20:37:06,76454,2540,211,"최대 큰손 국민연금, 본격 코스닥 투자 임박? | 김성주 국민연금공단 이사장 [더 피플]"
2026-05-23 21:40:01,76454,2540,211,"최대 큰손 국민연금, 본격 코스닥 투자 임박? | 김성주 국민연금공단 이사장 [더 피플]"
2026-05-23 23:12:26,76454,2540,211,"최대 큰손 국민연금, 본격 코스닥 투자 임박? | 김성주 국민연금공단 이사장 [더 피플]"
2026-05-24 00:18:42,76455,2540,211,"최대 큰손 국민연금, 본격 코스닥 투자 임박? | 김성주 국민연금공단 이사장 [더 피플]"
2026-05-24 01:15:01,76455,2540,211,"최대 큰손 국민연금, 본격 코스닥 투자 임박? | 김성주 국민연금공단 이사장 [더 피플]"
2026-05-24 02:17:52,76455,2540,211,"최대 큰손 국민연금, 본격 코스닥 투자 임박? | 김성주 국민연금공단 이사장 [더 피플]"
2026-05-24 03:12:01,76455,2540,211,"최대 큰손 국민연금, 본격 코스닥 투자 임박? | 김성주 국민연금공단 이사장 [더 피플]"
2026-05-24 04:36:22,76455,2540,211,"최대 큰손 국민연금, 본격 코스닥 투자 임박? | 김성주 국민연금공단 이사장 [더 피플]"
2026-05-24 05:29:02,76455,2540,211,"최대 큰손 국민연금, 본격 코스닥 투자 임박? | 김성주 국민연금공단 이사장 [더 피플]"
2026-05-24 06:25:56,76455,2540,211,"최대 큰손 국민연금, 본격 코스닥 투자 임박? | 김성주 국민연금공단 이사장 [더 피플]"
2026-05-24 07:12:09,76455,2540,211,"최대 큰손 국민연금, 본격 코스닥 투자 임박? | 김성주 국민연금공단 이사장 [더 피플]"
2026-05-24 08:09:50,76455,2540,211,"최대 큰손 국민연금, 본격 코스닥 투자 임박? | 김성주 국민연금공단 이사장 [더 피플]"
2026-05-24 09:09:01,76455,2540,211,"최대 큰손 국민연금, 본격 코스닥 투자 임박? | 김성주 국민연금공단 이사장 [더 피플]"
2026-05-24 13:36:12,76456,2540,211,"최대 큰손 국민연금, 본격 코스닥 투자 임박? | 김성주 국민연금공단 이사장 [더 피플]"
2026-05-24 16:38:24,76457,2540,211,"최대 큰손 국민연금, 본격 코스닥 투자 임박? | 김성주 국민연금공단 이사장 [더 피플]"
2026-05-24 18:30:23,76457,2540,211,"최대 큰손 국민연금, 본격 코스닥 투자 임박? | 김성주 국민연금공단 이사장 [더 피플]"
2026-05-24 19:55:29,76457,2540,211,"최대 큰손 국민연금, 본격 코스닥 투자 임박? | 김성주 국민연금공단 이사장 [더 피플]"
2026-05-24 20:57:37,76457,2540,211,"최대 큰손 국민연금, 본격 코스닥 투자 임박? | 김성주 국민연금공단 이사장 [더 피플]"
2026-05-24 22:15:18,76457,2540,211,"최대 큰손 국민연금, 본격 코스닥 투자 임박? | 김성주 국민연금공단 이사장 [더 피플]"
2026-05-24 23:43:11,76457,2540,211,"최대 큰손 국민연금, 본격 코스닥 투자 임박? | 김성주 국민연금공단 이사장 [더 피플]"
2026-05-25 00:47:15,76457,2540,211,"최대 큰손 국민연금, 본격 코스닥 투자 임박? | 김성주 국민연금공단 이사장 [더 피플]"
2026-05-25 01:44:35,76457,2540,211,"최대 큰손 국민연금, 본격 코스닥 투자 임박? | 김성주 국민연금공단 이사장 [더 피플]"
2026-05-25 02:41:48,76457,2540,211,"최대 큰손 국민연금, 본격 코스닥 투자 임박? | 김성주 국민연금공단 이사장 [더 피플]"
2026-05-25 03:46:38,76457,2540,211,"최대 큰손 국민연금, 본격 코스닥 투자 임박? | 김성주 국민연금공단 이사장 [더 피플]"
2026-05-25 04:52:29,76457,2540,211,"최대 큰손 국민연금, 본격 코스닥 투자 임박? | 김성주 국민연금공단 이사장 [더 피플]"
2026-05-25 05:39:15,76457,2540,211,"최대 큰손 국민연금, 본격 코스닥 투자 임박? | 김성주 국민연금공단 이사장 [더 피플]"
2026-05-25 06:36:09,76457,2540,211,"최대 큰손 국민연금, 본격 코스닥 투자 임박? | 김성주 국민연금공단 이사장 [더 피플]"
2026-05-25 07:36:03,76457,2540,211,"최대 큰손 국민연금, 본격 코스닥 투자 임박? | 김성주 국민연금공단 이사장 [더 피플]"
2026-05-25 08:38:50,76458,2540,211,"최대 큰손 국민연금, 본격 코스닥 투자 임박? | 김성주 국민연금공단 이사장 [더 피플]"
2026-05-25 10:35:51,76458,2540,211,"최대 큰손 국민연금, 본격 코스닥 투자 임박? | 김성주 국민연금공단 이사장 [더 피플]"
2026-05-25 15:06:10,76459,2540,211,"최대 큰손 국민연금, 본격 코스닥 투자 임박? | 김성주 국민연금공단 이사장 [더 피플]"
2026-05-25 19:43:22,76459,2540,211,"최대 큰손 국민연금, 본격 코스닥 투자 임박? | 김성주 국민연금공단 이사장 [더 피플]"
2026-05-25 22:48:56,76459,2540,211,"최대 큰손 국민연금, 본격 코스닥 투자 임박? | 김성주 국민연금공단 이사장 [더 피플]"
2026-05-26 01:10:14,76459,2540,211,"최대 큰손 국민연금, 본격 코스닥 투자 임박? | 김성주 국민연금공단 이사장 [더 피플]"
2026-05-26 02:53:06,76461,2540,211,"최대 큰손 국민연금, 본격 코스닥 투자 임박? | 김성주 국민연금공단 이사장 [더 피플]"
2026-05-26 04:09:32,76461,2540,211,"최대 큰손 국민연금, 본격 코스닥 투자 임박? | 김성주 국민연금공단 이사장 [더 피플]"
2026-05-26 05:41:23,76461,2540,211,"최대 큰손 국민연금, 본격 코스닥 투자 임박? | 김성주 국민연금공단 이사장 [더 피플]"
2026-05-26 06:50:15,76461,2540,211,"최대 큰손 국민연금, 본격 코스닥 투자 임박? | 김성주 국민연금공단 이사장 [더 피플]"
2026-05-26 07:45:52,76461,2540,211,"최대 큰손 국민연금, 본격 코스닥 투자 임박? | 김성주 국민연금공단 이사장 [더 피플]"
2026-05-26 08:46:25,76462,2539,211,"최대 큰손 국민연금, 본격 코스닥 투자 임박? | 김성주 국민연금공단 이사장 [더 피플]"
2026-05-26 10:31:11,76462,2539,211,"최대 큰손 국민연금, 본격 코스닥 투자 임박? | 김성주 국민연금공단 이사장 [더 피플]"
2026-05-26 14:42:46,76462,2539,211,"최대 큰손 국민연금, 본격 코스닥 투자 임박? | 김성주 국민연금공단 이사장 [더 피플]"
2026-05-26 17:54:03,76462,2539,211,"최대 큰손 국민연금, 본격 코스닥 투자 임박? | 김성주 국민연금공단 이사장 [더 피플]"
2026-05-26 23:27:31,76465,2539,211,"최대 큰손 국민연금, 본격 코스닥 투자 임박? | 김성주 국민연금공단 이사장 [더 피플]"
2026-05-27 02:41:23,76468,2539,211,"최대 큰손 국민연금, 본격 코스닥 투자 임박? | 김성주 국민연금공단 이사장 [더 피플]"
2026-05-27 04:37:09,76468,2539,211,"최대 큰손 국민연금, 본격 코스닥 투자 임박? | 김성주 국민연금공단 이사장 [더 피플]"
2026-05-27 06:15:58,76468,2539,211,"최대 큰손 국민연금, 본격 코스닥 투자 임박? | 김성주 국민연금공단 이사장 [더 피플]"
2026-05-27 07:40:29,76468,2539,211,"최대 큰손 국민연금, 본격 코스닥 투자 임박? | 김성주 국민연금공단 이사장 [더 피플]"
2026-05-27 08:45:17,76468,2539,211,"최대 큰손 국민연금, 본격 코스닥 투자 임박? | 김성주 국민연금공단 이사장 [더 피플]"
2026-05-27 10:52:35,76468,2539,211,"최대 큰손 국민연금, 본격 코스닥 투자 임박? | 김성주 국민연금공단 이사장 [더 피플]"
2026-05-27 15:04:01,76471,2539,211,"최대 큰손 국민연금, 본격 코스닥 투자 임박? | 김성주 국민연금공단 이사장 [더 피플]"
2026-05-27 19:14:05,76471,2539,211,"최대 큰손 국민연금, 본격 코스닥 투자 임박? | 김성주 국민연금공단 이사장 [더 피플]"
2026-05-27 22:47:59,76474,2539,211,"최대 큰손 국민연금, 본격 코스닥 투자 임박? | 김성주 국민연금공단 이사장 [더 피플]"
2026-05-28 01:52:57,76474,2539,211,"최대 큰손 국민연금, 본격 코스닥 투자 임박? | 김성주 국민연금공단 이사장 [더 피플]"
2026-05-28 04:09:28,76474,2539,211,"최대 큰손 국민연금, 본격 코스닥 투자 임박? | 김성주 국민연금공단 이사장 [더 피플]"
2026-05-28 06:07:34,76474,2539,211,"최대 큰손 국민연금, 본격 코스닥 투자 임박? | 김성주 국민연금공단 이사장 [더 피플]"
2026-05-28 07:48:18,76474,2539,211,"최대 큰손 국민연금, 본격 코스닥 투자 임박? | 김성주 국민연금공단 이사장 [더 피플]"
2026-05-28 08:49:38,76474,2539,211,"최대 큰손 국민연금, 본격 코스닥 투자 임박? | 김성주 국민연금공단 이사장 [더 피플]"
2026-05-28 10:27:12,76474,2539,211,"최대 큰손 국민연금, 본격 코스닥 투자 임박? | 김성주 국민연금공단 이사장 [더 피플]"
2026-05-28 14:43:39,76474,2539,211,"최대 큰손 국민연금, 본격 코스닥 투자 임박? | 김성주 국민연금공단 이사장 [더 피플]"
2026-05-28 18:04:40,76474,2539,211,"최대 큰손 국민연금, 본격 코스닥 투자 임박? | 김성주 국민연금공단 이사장 [더 피플]"
2026-05-28 21:39:33,76474,2539,211,"최대 큰손 국민연금, 본격 코스닥 투자 임박? | 김성주 국민연금공단 이사장 [더 피플]"
2026-05-29 01:41:15,76474,2539,211,"최대 큰손 국민연금, 본격 코스닥 투자 임박? | 김성주 국민연금공단 이사장 [더 피플]"
2026-05-29 04:18:30,76474,2539,211,"최대 큰손 국민연금, 본격 코스닥 투자 임박? | 김성주 국민연금공단 이사장 [더 피플]"
2026-05-29 06:23:04,76475,2539,211,"최대 큰손 국민연금, 본격 코스닥 투자 임박? | 김성주 국민연금공단 이사장 [더 피플]"
2026-05-29 07:48:53,76475,2539,211,"최대 큰손 국민연금, 본격 코스닥 투자 임박? | 김성주 국민연금공단 이사장 [더 피플]"
2026-05-29 08:56:49,76475,2539,211,"최대 큰손 국민연금, 본격 코스닥 투자 임박? | 김성주 국민연금공단 이사장 [더 피플]"
2026-05-29 11:35:13,76475,2539,211,"최대 큰손 국민연금, 본격 코스닥 투자 임박? | 김성주 국민연금공단 이사장 [더 피플]"
2026-05-29 15:40:06,76476,2539,211,"최대 큰손 국민연금, 본격 코스닥 투자 임박? | 김성주 국민연금공단 이사장 [더 피플]"
2026-05-29 19:33:02,76477,2539,211,"최대 큰손 국민연금, 본격 코스닥 투자 임박? | 김성주 국민연금공단 이사장 [더 피플]"
2026-05-29 22:45:29,76477,2539,211,"최대 큰손 국민연금, 본격 코스닥 투자 임박? | 김성주 국민연금공단 이사장 [더 피플]"
2026-05-30 02:02:14,76478,2539,211,"최대 큰손 국민연금, 본격 코스닥 투자 임박? | 김성주 국민연금공단 이사장 [더 피플]"
2026-05-30 04:36:01,76478,2539,211,"최대 큰손 국민연금, 본격 코스닥 투자 임박? | 김성주 국민연금공단 이사장 [더 피플]"
2026-05-30 06:24:24,76478,2539,211,"최대 큰손 국민연금, 본격 코스닥 투자 임박? | 김성주 국민연금공단 이사장 [더 피플]"
2026-05-30 07:45:52,76478,2539,211,"최대 큰손 국민연금, 본격 코스닥 투자 임박? | 김성주 국민연금공단 이사장 [더 피플]"
2026-05-30 08:54:33,76479,2539,211,"최대 큰손 국민연금, 본격 코스닥 투자 임박? | 김성주 국민연금공단 이사장 [더 피플]"
2026-05-30 10:48:10,76480,2539,211,"최대 큰손 국민연금, 본격 코스닥 투자 임박? | 김성주 국민연금공단 이사장 [더 피플]"
2026-05-30 14:36:17,76480,2539,211,"최대 큰손 국민연금, 본격 코스닥 투자 임박? | 김성주 국민연금공단 이사장 [더 피플]"
2026-05-30 17:05:24,76481,2539,211,"최대 큰손 국민연금, 본격 코스닥 투자 임박? | 김성주 국민연금공단 이사장 [더 피플]"
2026-05-30 19:09:32,76481,2539,211,"최대 큰손 국민연금, 본격 코스닥 투자 임박? | 김성주 국민연금공단 이사장 [더 피플]"
2026-05-30 20:43:19,76481,2539,211,"최대 큰손 국민연금, 본격 코스닥 투자 임박? | 김성주 국민연금공단 이사장 [더 피플]"
2026-05-30 21:48:57,76481,2539,211,"최대 큰손 국민연금, 본격 코스닥 투자 임박? | 김성주 국민연금공단 이사장 [더 피플]"
2026-05-30 23:19:34,76481,2539,211,"최대 큰손 국민연금, 본격 코스닥 투자 임박? | 김성주 국민연금공단 이사장 [더 피플]"
2026-05-31 00:39:53,76481,2539,211,"최대 큰손 국민연금, 본격 코스닥 투자 임박? | 김성주 국민연금공단 이사장 [더 피플]"
2026-05-31 01:39:01,76481,2539,211,"최대 큰손 국민연금, 본격 코스닥 투자 임박? | 김성주 국민연금공단 이사장 [더 피플]"
2026-05-31 02:42:11,76481,2539,211,"최대 큰손 국민연금, 본격 코스닥 투자 임박? | 김성주 국민연금공단 이사장 [더 피플]"
2026-05-31 03:45:49,76481,2539,211,"최대 큰손 국민연금, 본격 코스닥 투자 임박? | 김성주 국민연금공단 이사장 [더 피플]"
2026-05-31 04:55:39,76481,2539,211,"최대 큰손 국민연금, 본격 코스닥 투자 임박? | 김성주 국민연금공단 이사장 [더 피플]"
2026-05-31 05:43:30,76481,2539,211,"최대 큰손 국민연금, 본격 코스닥 투자 임박? | 김성주 국민연금공단 이사장 [더 피플]"
2026-05-31 06:41:06,76481,2539,211,"최대 큰손 국민연금, 본격 코스닥 투자 임박? | 김성주 국민연금공단 이사장 [더 피플]"
2026-05-31 07:36:48,76481,2539,211,"최대 큰손 국민연금, 본격 코스닥 투자 임박? | 김성주 국민연금공단 이사장 [더 피플]"
2026-05-31 08:37:52,76481,2539,211,"최대 큰손 국민연금, 본격 코스닥 투자 임박? | 김성주 국민연금공단 이사장 [더 피플]"
2026-05-31 10:37:30,76481,2539,211,"최대 큰손 국민연금, 본격 코스닥 투자 임박? | 김성주 국민연금공단 이사장 [더 피플]"
2026-05-31 15:00:16,76482,2539,211,"최대 큰손 국민연금, 본격 코스닥 투자 임박? | 김성주 국민연금공단 이사장 [더 피플]"
2026-05-31 17:49:40,76482,2539,211,"최대 큰손 국민연금, 본격 코스닥 투자 임박? | 김성주 국민연금공단 이사장 [더 피플]"
2026-05-31 19:48:41,76482,2539,211,"최대 큰손 국민연금, 본격 코스닥 투자 임박? | 김성주 국민연금공단 이사장 [더 피플]"
2026-05-31 21:04:42,76482,2539,211,"최대 큰손 국민연금, 본격 코스닥 투자 임박? | 김성주 국민연금공단 이사장 [더 피플]"
2026-05-31 23:06:13,76484,2539,211,"최대 큰손 국민연금, 본격 코스닥 투자 임박? | 김성주 국민연금공단 이사장 [더 피플]"
2026-06-01 00:25:18,76484,2539,211,"최대 큰손 국민연금, 본격 코스닥 투자 임박? | 김성주 국민연금공단 이사장 [더 피플]"
2026-06-01 01:39:20,76484,2539,211,"최대 큰손 국민연금, 본격 코스닥 투자 임박? | 김성주 국민연금공단 이사장 [더 피플]"
2026-06-01 02:43:06,76484,2539,211,"최대 큰손 국민연금, 본격 코스닥 투자 임박? | 김성주 국민연금공단 이사장 [더 피플]"
2026-06-01 03:50:01,76484,2539,211,"최대 큰손 국민연금, 본격 코스닥 투자 임박? | 김성주 국민연금공단 이사장 [더 피플]"
2026-06-01 04:56:54,76484,2539,211,"최대 큰손 국민연금, 본격 코스닥 투자 임박? | 김성주 국민연금공단 이사장 [더 피플]"
2026-06-01 05:51:52,76484,2539,211,"최대 큰손 국민연금, 본격 코스닥 투자 임박? | 김성주 국민연금공단 이사장 [더 피플]"
2026-06-01 06:43:49,76484,2539,211,"최대 큰손 국민연금, 본격 코스닥 투자 임박? | 김성주 국민연금공단 이사장 [더 피플]"
2026-06-01 07:40:45,76484,2539,211,"최대 큰손 국민연금, 본격 코스닥 투자 임박? | 김성주 국민연금공단 이사장 [더 피플]"
2026-06-01 08:43:29,76484,2539,211,"최대 큰손 국민연금, 본격 코스닥 투자 임박? | 김성주 국민연금공단 이사장 [더 피플]"
2026-06-01 11:00:14,76484,2539,211,"최대 큰손 국민연금, 본격 코스닥 투자 임박? | 김성주 국민연금공단 이사장 [더 피플]"
2026-06-01 16:00:21,76484,2539,211,"최대 큰손 국민연금, 본격 코스닥 투자 임박? | 김성주 국민연금공단 이사장 [더 피플]"
2026-06-01 21:39:48,76484,2539,211,"최대 큰손 국민연금, 본격 코스닥 투자 임박? | 김성주 국민연금공단 이사장 [더 피플]"
2026-06-02 03:26:22,76484,2539,211,"최대 큰손 국민연금, 본격 코스닥 투자 임박? | 김성주 국민연금공단 이사장 [더 피플]"
2026-06-02 06:46:55,76484,2539,211,"최대 큰손 국민연금, 본격 코스닥 투자 임박? | 김성주 국민연금공단 이사장 [더 피플]"
2026-06-02 08:17:43,76484,2539,211,"최대 큰손 국민연금, 본격 코스닥 투자 임박? | 김성주 국민연금공단 이사장 [더 피플]"
2026-06-02 10:38:23,76484,2539,211,"최대 큰손 국민연금, 본격 코스닥 투자 임박? | 김성주 국민연금공단 이사장 [더 피플]"
2026-06-02 15:19:04,76484,2539,211,"최대 큰손 국민연금, 본격 코스닥 투자 임박? | 김성주 국민연금공단 이사장 [더 피플]"
2026-06-02 19:57:23,76484,2539,211,"최대 큰손 국민연금, 본격 코스닥 투자 임박? | 김성주 국민연금공단 이사장 [더 피플]"
2026-06-02 23:47:30,76485,2539,211,"최대 큰손 국민연금, 본격 코스닥 투자 임박? | 김성주 국민연금공단 이사장 [더 피플]"
2026-06-03 03:26:08,76486,2539,211,"최대 큰손 국민연금, 본격 코스닥 투자 임박? | 김성주 국민연금공단 이사장 [더 피플]"
2026-06-03 06:27:54,76486,2539,211,"최대 큰손 국민연금, 본격 코스닥 투자 임박? | 김성주 국민연금공단 이사장 [더 피플]"
2026-06-03 08:14:30,76486,2539,211,"최대 큰손 국민연금, 본격 코스닥 투자 임박? | 김성주 국민연금공단 이사장 [더 피플]"
2026-06-03 10:47:17,76486,2539,211,"최대 큰손 국민연금, 본격 코스닥 투자 임박? | 김성주 국민연금공단 이사장 [더 피플]"
2026-06-03 15:32:48,76486,2539,211,"최대 큰손 국민연금, 본격 코스닥 투자 임박? | 김성주 국민연금공단 이사장 [더 피플]"
2026-06-03 20:28:59,76487,2539,211,"최대 큰손 국민연금, 본격 코스닥 투자 임박? | 김성주 국민연금공단 이사장 [더 피플]"
2026-06-04 00:59:30,76487,2539,211,"최대 큰손 국민연금, 본격 코스닥 투자 임박? | 김성주 국민연금공단 이사장 [더 피플]"
2026-06-04 04:49:35,76487,2539,211,"최대 큰손 국민연금, 본격 코스닥 투자 임박? | 김성주 국민연금공단 이사장 [더 피플]"
2026-06-04 07:17:19,76487,2539,211,"최대 큰손 국민연금, 본격 코스닥 투자 임박? | 김성주 국민연금공단 이사장 [더 피플]"
2026-06-04 09:02:51,76487,2539,211,"최대 큰손 국민연금, 본격 코스닥 투자 임박? | 김성주 국민연금공단 이사장 [더 피플]"
2026-06-04 13:57:13,76487,2539,211,"최대 큰손 국민연금, 본격 코스닥 투자 임박? | 김성주 국민연금공단 이사장 [더 피플]"
2026-06-04 17:44:09,76487,2539,211,"최대 큰손 국민연금, 본격 코스닥 투자 임박? | 김성주 국민연금공단 이사장 [더 피플]"
2026-06-04 20:39:08,76487,2539,211,"최대 큰손 국민연금, 본격 코스닥 투자 임박? | 김성주 국민연금공단 이사장 [더 피플]"
2026-06-04 23:15:55,76487,2539,211,"최대 큰손 국민연금, 본격 코스닥 투자 임박? | 김성주 국민연금공단 이사장 [더 피플]"
2026-06-05 02:23:39,76487,2539,211,"최대 큰손 국민연금, 본격 코스닥 투자 임박? | 김성주 국민연금공단 이사장 [더 피플]"
2026-06-05 04:34:20,76487,2539,211,"최대 큰손 국민연금, 본격 코스닥 투자 임박? | 김성주 국민연금공단 이사장 [더 피플]"
2026-06-05 06:14:35,76487,2539,211,"최대 큰손 국민연금, 본격 코스닥 투자 임박? | 김성주 국민연금공단 이사장 [더 피플]"
2026-06-05 07:45:22,76487,2539,211,"최대 큰손 국민연금, 본격 코스닥 투자 임박? | 김성주 국민연금공단 이사장 [더 피플]"
2026-06-05 08:52:07,76487,2539,211,"최대 큰손 국민연금, 본격 코스닥 투자 임박? | 김성주 국민연금공단 이사장 [더 피플]"
2026-06-05 10:55:53,76488,2539,210,"최대 큰손 국민연금, 본격 코스닥 투자 임박? | 김성주 국민연금공단 이사장 [더 피플]"
2026-06-05 15:13:00,76488,2539,211,"최대 큰손 국민연금, 본격 코스닥 투자 임박? | 김성주 국민연금공단 이사장 [더 피플]"
2026-06-05 19:15:48,76488,2539,211,"최대 큰손 국민연금, 본격 코스닥 투자 임박? | 김성주 국민연금공단 이사장 [더 피플]"
2026-06-05 22:25:14,76488,2539,211,"최대 큰손 국민연금, 본격 코스닥 투자 임박? | 김성주 국민연금공단 이사장 [더 피플]"
2026-06-06 01:10:19,76488,2539,211,"최대 큰손 국민연금, 본격 코스닥 투자 임박? | 김성주 국민연금공단 이사장 [더 피플]"
2026-06-06 03:06:02,76488,2539,211,"최대 큰손 국민연금, 본격 코스닥 투자 임박? | 김성주 국민연금공단 이사장 [더 피플]"
2026-06-06 05:06:25,76489,2539,211,"최대 큰손 국민연금, 본격 코스닥 투자 임박? | 김성주 국민연금공단 이사장 [더 피플]"
2026-06-06 06:41:52,76489,2539,211,"최대 큰손 국민연금, 본격 코스닥 투자 임박? | 김성주 국민연금공단 이사장 [더 피플]"
2026-06-06 07:46:27,76489,2539,211,"최대 큰손 국민연금, 본격 코스닥 투자 임박? | 김성주 국민연금공단 이사장 [더 피플]"
2026-06-06 08:50:37,76489,2539,211,"최대 큰손 국민연금, 본격 코스닥 투자 임박? | 김성주 국민연금공단 이사장 [더 피플]"
2026-06-06 10:47:34,76489,2539,211,"최대 큰손 국민연금, 본격 코스닥 투자 임박? | 김성주 국민연금공단 이사장 [더 피플]"
2026-06-06 14:41:57,76489,2539,211,"최대 큰손 국민연금, 본격 코스닥 투자 임박? | 김성주 국민연금공단 이사장 [더 피플]"
2026-06-06 17:11:02,76489,2539,211,"최대 큰손 국민연금, 본격 코스닥 투자 임박? | 김성주 국민연금공단 이사장 [더 피플]"
2026-06-06 19:19:18,76489,2539,211,"최대 큰손 국민연금, 본격 코스닥 투자 임박? | 김성주 국민연금공단 이사장 [더 피플]"
2026-06-06 20:47:36,76489,2539,211,"최대 큰손 국민연금, 본격 코스닥 투자 임박? | 김성주 국민연금공단 이사장 [더 피플]"
2026-06-06 21:56:28,76489,2539,211,"최대 큰손 국민연금, 본격 코스닥 투자 임박? | 김성주 국민연금공단 이사장 [더 피플]"
2026-06-06 23:25:04,76489,2539,211,"최대 큰손 국민연금, 본격 코스닥 투자 임박? | 김성주 국민연금공단 이사장 [더 피플]"
2026-06-07 00:45:52,76489,2539,211,"최대 큰손 국민연금, 본격 코스닥 투자 임박? | 김성주 국민연금공단 이사장 [더 피플]"
2026-06-07 01:48:02,76489,2539,211,"최대 큰손 국민연금, 본격 코스닥 투자 임박? | 김성주 국민연금공단 이사장 [더 피플]"
2026-06-07 02:52:20,76491,2539,211,"최대 큰손 국민연금, 본격 코스닥 투자 임박? | 김성주 국민연금공단 이사장 [더 피플]"
2026-06-07 03:57:51,76489,2539,211,"최대 큰손 국민연금, 본격 코스닥 투자 임박? | 김성주 국민연금공단 이사장 [더 피플]"
2026-06-07 05:07:04,76492,2539,211,"최대 큰손 국민연금, 본격 코스닥 투자 임박? | 김성주 국민연금공단 이사장 [더 피플]"
2026-06-07 06:14:31,76491,2539,211,"최대 큰손 국민연금, 본격 코스닥 투자 임박? | 김성주 국민연금공단 이사장 [더 피플]"
2026-06-07 07:16:43,76492,2539,211,"최대 큰손 국민연금, 본격 코스닥 투자 임박? | 김성주 국민연금공단 이사장 [더 피플]"
2026-06-07 08:18:15,76492,2539,211,"최대 큰손 국민연금, 본격 코스닥 투자 임박? | 김성주 국민연금공단 이사장 [더 피플]"
2026-06-07 10:33:23,76492,2539,211,"최대 큰손 국민연금, 본격 코스닥 투자 임박? | 김성주 국민연금공단 이사장 [더 피플]"
2026-06-07 15:05:13,76492,2539,211,"최대 큰손 국민연금, 본격 코스닥 투자 임박? | 김성주 국민연금공단 이사장 [더 피플]"
2026-06-07 18:30:58,76492,2539,211,"최대 큰손 국민연금, 본격 코스닥 투자 임박? | 김성주 국민연금공단 이사장 [더 피플]"
2026-06-07 20:19:58,76492,2539,211,"최대 큰손 국민연금, 본격 코스닥 투자 임박? | 김성주 국민연금공단 이사장 [더 피플]"
2026-06-07 21:52:46,76494,2539,211,"최대 큰손 국민연금, 본격 코스닥 투자 임박? | 김성주 국민연금공단 이사장 [더 피플]"
2026-06-07 23:43:45,76494,2539,211,"최대 큰손 국민연금, 본격 코스닥 투자 임박? | 김성주 국민연금공단 이사장 [더 피플]"
2026-06-08 00:58:22,76494,2539,211,"최대 큰손 국민연금, 본격 코스닥 투자 임박? | 김성주 국민연금공단 이사장 [더 피플]"
2026-06-08 02:13:49,76494,2539,211,"최대 큰손 국민연금, 본격 코스닥 투자 임박? | 김성주 국민연금공단 이사장 [더 피플]"
2026-06-08 03:19:42,76494,2539,211,"최대 큰손 국민연금, 본격 코스닥 투자 임박? | 김성주 국민연금공단 이사장 [더 피플]"
2026-06-08 04:50:03,76494,2539,211,"최대 큰손 국민연금, 본격 코스닥 투자 임박? | 김성주 국민연금공단 이사장 [더 피플]"
2026-06-08 05:54:19,76495,2539,211,"최대 큰손 국민연금, 본격 코스닥 투자 임박? | 김성주 국민연금공단 이사장 [더 피플]"
2026-06-08 06:55:16,76495,2539,211,"최대 큰손 국민연금, 본격 코스닥 투자 임박? | 김성주 국민연금공단 이사장 [더 피플]"
2026-06-08 07:52:58,76495,2539,211,"최대 큰손 국민연금, 본격 코스닥 투자 임박? | 김성주 국민연금공단 이사장 [더 피플]"
2026-06-08 08:53:45,76495,2539,211,"최대 큰손 국민연금, 본격 코스닥 투자 임박? | 김성주 국민연금공단 이사장 [더 피플]"
2026-06-08 11:06:05,76495,2539,211,"최대 큰손 국민연금, 본격 코스닥 투자 임박? | 김성주 국민연금공단 이사장 [더 피플]"
2026-06-08 15:57:12,76496,2539,212,"최대 큰손 국민연금, 본격 코스닥 투자 임박? | 김성주 국민연금공단 이사장 [더 피플]"
2026-06-08 20:51:49,76498,2539,212,"최대 큰손 국민연금, 본격 코스닥 투자 임박? | 김성주 국민연금공단 이사장 [더 피플]"
2026-06-09 00:17:57,76499,2539,212,"최대 큰손 국민연금, 본격 코스닥 투자 임박? | 김성주 국민연금공단 이사장 [더 피플]"
2026-06-09 03:09:14,76499,2539,212,"최대 큰손 국민연금, 본격 코스닥 투자 임박? | 김성주 국민연금공단 이사장 [더 피플]"
2026-06-09 05:30:29,76499,2539,212,"최대 큰손 국민연금, 본격 코스닥 투자 임박? | 김성주 국민연금공단 이사장 [더 피플]"
2026-06-09 07:10:53,76499,2539,212,"최대 큰손 국민연금, 본격 코스닥 투자 임박? | 김성주 국민연금공단 이사장 [더 피플]"
2026-06-09 08:34:59,76499,2539,212,"최대 큰손 국민연금, 본격 코스닥 투자 임박? | 김성주 국민연금공단 이사장 [더 피플]"
2026-06-09 10:28:46,76499,2539,212,"최대 큰손 국민연금, 본격 코스닥 투자 임박? | 김성주 국민연금공단 이사장 [더 피플]"
2026-06-09 14:42:29,76500,2539,212,"최대 큰손 국민연금, 본격 코스닥 투자 임박? | 김성주 국민연금공단 이사장 [더 피플]"
2026-06-09 17:49:32,76500,2539,212,"최대 큰손 국민연금, 본격 코스닥 투자 임박? | 김성주 국민연금공단 이사장 [더 피플]"
2026-06-09 20:47:55,76500,2539,212,"최대 큰손 국민연금, 본격 코스닥 투자 임박? | 김성주 국민연금공단 이사장 [더 피플]"
2026-06-09 23:07:11,76500,2539,212,"최대 큰손 국민연금, 본격 코스닥 투자 임박? | 김성주 국민연금공단 이사장 [더 피플]"
2026-06-10 01:40:53,76501,2539,212,"최대 큰손 국민연금, 본격 코스닥 투자 임박? | 김성주 국민연금공단 이사장 [더 피플]"
2026-06-10 03:36:09,76501,2539,212,"최대 큰손 국민연금, 본격 코스닥 투자 임박? | 김성주 국민연금공단 이사장 [더 피플]"
2026-06-10 05:33:39,76501,2539,212,"최대 큰손 국민연금, 본격 코스닥 투자 임박? | 김성주 국민연금공단 이사장 [더 피플]"
2026-06-10 07:09:49,76501,2539,212,"최대 큰손 국민연금, 본격 코스닥 투자 임박? | 김성주 국민연금공단 이사장 [더 피플]"
2026-06-10 08:40:04,76501,2539,212,"최대 큰손 국민연금, 본격 코스닥 투자 임박? | 김성주 국민연금공단 이사장 [더 피플]"
2026-06-10 10:51:04,76501,2539,212,"최대 큰손 국민연금, 본격 코스닥 투자 임박? | 김성주 국민연금공단 이사장 [더 피플]"
2026-06-10 15:08:19,76501,2539,212,"최대 큰손 국민연금, 본격 코스닥 투자 임박? | 김성주 국민연금공단 이사장 [더 피플]"
2026-06-10 19:19:46,76501,2539,212,"최대 큰손 국민연금, 본격 코스닥 투자 임박? | 김성주 국민연금공단 이사장 [더 피플]"
2026-06-10 22:51:16,76501,2539,212,"최대 큰손 국민연금, 본격 코스닥 투자 임박? | 김성주 국민연금공단 이사장 [더 피플]"
2026-06-11 01:51:14,76501,2539,212,"최대 큰손 국민연금, 본격 코스닥 투자 임박? | 김성주 국민연금공단 이사장 [더 피플]"
2026-06-11 04:25:36,76501,2539,212,"최대 큰손 국민연금, 본격 코스닥 투자 임박? | 김성주 국민연금공단 이사장 [더 피플]"
2026-06-11 06:32:53,76501,2539,212,"최대 큰손 국민연금, 본격 코스닥 투자 임박? | 김성주 국민연금공단 이사장 [더 피플]"
2026-06-11 08:10:12,76501,2539,212,"최대 큰손 국민연금, 본격 코스닥 투자 임박? | 김성주 국민연금공단 이사장 [더 피플]"
2026-06-11 10:36:35,76501,2539,212,"최대 큰손 국민연금, 본격 코스닥 투자 임박? | 김성주 국민연금공단 이사장 [더 피플]"
2026-06-11 15:21:17,76501,2539,212,"최대 큰손 국민연금, 본격 코스닥 투자 임박? | 김성주 국민연금공단 이사장 [더 피플]"
2026-06-11 20:01:04,76501,2539,212,"최대 큰손 국민연금, 본격 코스닥 투자 임박? | 김성주 국민연금공단 이사장 [더 피플]"
2026-06-11 23:41:17,76501,2539,212,"최대 큰손 국민연금, 본격 코스닥 투자 임박? | 김성주 국민연금공단 이사장 [더 피플]"
2026-06-12 02:54:40,76501,2539,212,"최대 큰손 국민연금, 본격 코스닥 투자 임박? | 김성주 국민연금공단 이사장 [더 피플]"
2026-06-12 05:04:41,76501,2539,212,"최대 큰손 국민연금, 본격 코스닥 투자 임박? | 김성주 국민연금공단 이사장 [더 피플]"
2026-06-12 07:08:44,76501,2539,212,"최대 큰손 국민연금, 본격 코스닥 투자 임박? | 김성주 국민연금공단 이사장 [더 피플]"
2026-06-12 08:51:52,76501,2539,212,"최대 큰손 국민연금, 본격 코스닥 투자 임박? | 김성주 국민연금공단 이사장 [더 피플]"
2026-06-12 11:01:45,76501,2539,212,"최대 큰손 국민연금, 본격 코스닥 투자 임박? | 김성주 국민연금공단 이사장 [더 피플]"
2026-06-12 15:49:02,76502,2539,212,"최대 큰손 국민연금, 본격 코스닥 투자 임박? | 김성주 국민연금공단 이사장 [더 피플]"
2026-06-12 19:53:54,76502,2539,212,"최대 큰손 국민연금, 본격 코스닥 투자 임박? | 김성주 국민연금공단 이사장 [더 피플]"
2026-06-12 22:55:18,76502,2539,212,"최대 큰손 국민연금, 본격 코스닥 투자 임박? | 김성주 국민연금공단 이사장 [더 피플]"
2026-06-13 01:37:21,76502,2539,212,"최대 큰손 국민연금, 본격 코스닥 투자 임박? | 김성주 국민연금공단 이사장 [더 피플]"
2026-06-13 03:27:16,76502,2539,212,"최대 큰손 국민연금, 본격 코스닥 투자 임박? | 김성주 국민연금공단 이사장 [더 피플]"
2026-06-13 05:33:36,76502,2539,212,"최대 큰손 국민연금, 본격 코스닥 투자 임박? | 김성주 국민연금공단 이사장 [더 피플]"
2026-06-13 07:09:42,76502,2539,212,"최대 큰손 국민연금, 본격 코스닥 투자 임박? | 김성주 국민연금공단 이사장 [더 피플]"
2026-06-13 08:45:05,76502,2539,212,"최대 큰손 국민연금, 본격 코스닥 투자 임박? | 김성주 국민연금공단 이사장 [더 피플]"
2026-06-13 10:52:48,76502,2539,212,"최대 큰손 국민연금, 본격 코스닥 투자 임박? | 김성주 국민연금공단 이사장 [더 피플]"
2026-06-13 15:04:04,76502,2539,212,"최대 큰손 국민연금, 본격 코스닥 투자 임박? | 김성주 국민연금공단 이사장 [더 피플]"
2026-06-13 18:29:56,76502,2539,212,"최대 큰손 국민연금, 본격 코스닥 투자 임박? | 김성주 국민연금공단 이사장 [더 피플]"
2026-06-13 20:28:17,76502,2539,212,"최대 큰손 국민연금, 본격 코스닥 투자 임박? | 김성주 국민연금공단 이사장 [더 피플]"
2026-06-13 22:02:45,76502,2539,212,"최대 큰손 국민연금, 본격 코스닥 투자 임박? | 김성주 국민연금공단 이사장 [더 피플]"
2026-06-14 00:04:33,76503,2539,212,"최대 큰손 국민연금, 본격 코스닥 투자 임박? | 김성주 국민연금공단 이사장 [더 피플]"
2026-06-14 01:25:06,76503,2539,212,"최대 큰손 국민연금, 본격 코스닥 투자 임박? | 김성주 국민연금공단 이사장 [더 피플]"
2026-06-14 02:50:01,76503,2539,212,"최대 큰손 국민연금, 본격 코스닥 투자 임박? | 김성주 국민연금공단 이사장 [더 피플]"
2026-06-14 04:00:34,76503,2539,212,"최대 큰손 국민연금, 본격 코스닥 투자 임박? | 김성주 국민연금공단 이사장 [더 피플]"
2026-06-14 05:18:07,76503,2539,212,"최대 큰손 국민연금, 본격 코스닥 투자 임박? | 김성주 국민연금공단 이사장 [더 피플]"
2026-06-14 06:40:09,76503,2539,212,"최대 큰손 국민연금, 본격 코스닥 투자 임박? | 김성주 국민연금공단 이사장 [더 피플]"
2026-06-14 07:43:58,76503,2539,212,"최대 큰손 국민연금, 본격 코스닥 투자 임박? | 김성주 국민연금공단 이사장 [더 피플]"
2026-06-14 08:46:45,76503,2539,212,"최대 큰손 국민연금, 본격 코스닥 투자 임박? | 김성주 국민연금공단 이사장 [더 피플]"
2026-06-14 11:02:24,76503,2539,212,"최대 큰손 국민연금, 본격 코스닥 투자 임박? | 김성주 국민연금공단 이사장 [더 피플]"
2026-06-14 15:50:07,76503,2539,212,"최대 큰손 국민연금, 본격 코스닥 투자 임박? | 김성주 국민연금공단 이사장 [더 피플]"
2026-06-14 19:16:26,76505,2539,212,"최대 큰손 국민연금, 본격 코스닥 투자 임박? | 김성주 국민연금공단 이사장 [더 피플]"
2026-06-14 21:16:05,76505,2539,212,"최대 큰손 국민연금, 본격 코스닥 투자 임박? | 김성주 국민연금공단 이사장 [더 피플]"
2026-06-14 23:29:49,76505,2539,212,"최대 큰손 국민연금, 본격 코스닥 투자 임박? | 김성주 국민연금공단 이사장 [더 피플]"
2026-06-15 01:05:38,76505,2539,212,"최대 큰손 국민연금, 본격 코스닥 투자 임박? | 김성주 국민연금공단 이사장 [더 피플]"
2026-06-15 02:39:59,76505,2539,212,"최대 큰손 국민연금, 본격 코스닥 투자 임박? | 김성주 국민연금공단 이사장 [더 피플]"
2026-06-15 03:54:54,76505,2539,212,"최대 큰손 국민연금, 본격 코스닥 투자 임박? | 김성주 국민연금공단 이사장 [더 피플]"
2026-06-15 05:13:23,76505,2539,212,"최대 큰손 국민연금, 본격 코스닥 투자 임박? | 김성주 국민연금공단 이사장 [더 피플]"
2026-06-15 06:38:52,76505,2539,212,"최대 큰손 국민연금, 본격 코스닥 투자 임박? | 김성주 국민연금공단 이사장 [더 피플]"
2026-06-15 07:48:07,76505,2539,212,"최대 큰손 국민연금, 본격 코스닥 투자 임박? | 김성주 국민연금공단 이사장 [더 피플]"
2026-06-15 08:53:49,76505,2539,212,"최대 큰손 국민연금, 본격 코스닥 투자 임박? | 김성주 국민연금공단 이사장 [더 피플]"
2026-06-15 11:08:59,76505,2539,212,"최대 큰손 국민연금, 본격 코스닥 투자 임박? | 김성주 국민연금공단 이사장 [더 피플]"
2026-06-15 16:34:37,76505,2539,212,"최대 큰손 국민연금, 본격 코스닥 투자 임박? | 김성주 국민연금공단 이사장 [더 피플]"
2026-06-15 22:34:00,76505,2539,212,"최대 큰손 국민연금, 본격 코스닥 투자 임박? | 김성주 국민연금공단 이사장 [더 피플]"
2026-06-16 03:11:13,76505,2539,212,"최대 큰손 국민연금, 본격 코스닥 투자 임박? | 김성주 국민연금공단 이사장 [더 피플]"
2026-06-16 06:19:07,76505,2539,212,"최대 큰손 국민연금, 본격 코스닥 투자 임박? | 김성주 국민연금공단 이사장 [더 피플]"
2026-06-16 08:12:02,76505,2539,212,"최대 큰손 국민연금, 본격 코스닥 투자 임박? | 김성주 국민연금공단 이사장 [더 피플]"
2026-06-16 10:46:13,76505,2539,212,"최대 큰손 국민연금, 본격 코스닥 투자 임박? | 김성주 국민연금공단 이사장 [더 피플]"
2026-06-16 16:07:02,76505,2539,212,"최대 큰손 국민연금, 본격 코스닥 투자 임박? | 김성주 국민연금공단 이사장 [더 피플]"
2026-06-16 21:19:41,76508,2539,212,"최대 큰손 국민연금, 본격 코스닥 투자 임박? | 김성주 국민연금공단 이사장 [더 피플]"
2026-06-17 02:24:28,76508,2539,212,"최대 큰손 국민연금, 본격 코스닥 투자 임박? | 김성주 국민연금공단 이사장 [더 피플]"
2026-06-17 05:21:14,76508,2539,212,"최대 큰손 국민연금, 본격 코스닥 투자 임박? | 김성주 국민연금공단 이사장 [더 피플]"
2026-06-17 07:24:19,76508,2539,212,"최대 큰손 국민연금, 본격 코스닥 투자 임박? | 김성주 국민연금공단 이사장 [더 피플]"
2026-06-17 08:52:03,76508,2539,212,"최대 큰손 국민연금, 본격 코스닥 투자 임박? | 김성주 국민연금공단 이사장 [더 피플]"
2026-06-17 11:08:09,76508,2539,212,"최대 큰손 국민연금, 본격 코스닥 투자 임박? | 김성주 국민연금공단 이사장 [더 피플]"
2026-06-17 16:25:03,76508,2538,212,"최대 큰손 국민연금, 본격 코스닥 투자 임박? | 김성주 국민연금공단 이사장 [더 피플]"
2026-06-17 20:59:48,76508,2538,212,"최대 큰손 국민연금, 본격 코스닥 투자 임박? | 김성주 국민연금공단 이사장 [더 피플]"
2026-06-18 00:32:27,76509,2538,212,"최대 큰손 국민연금, 본격 코스닥 투자 임박? | 김성주 국민연금공단 이사장 [더 피플]"
2026-06-18 03:02:57,76513,2538,212,"최대 큰손 국민연금, 본격 코스닥 투자 임박? | 김성주 국민연금공단 이사장 [더 피플]"
2026-06-18 05:25:49,76513,2538,212,"최대 큰손 국민연금, 본격 코스닥 투자 임박? | 김성주 국민연금공단 이사장 [더 피플]"
2026-06-18 07:17:53,76513,2538,212,"최대 큰손 국민연금, 본격 코스닥 투자 임박? | 김성주 국민연금공단 이사장 [더 피플]"
2026-06-18 08:51:55,76513,2538,212,"최대 큰손 국민연금, 본격 코스닥 투자 임박? | 김성주 국민연금공단 이사장 [더 피플]"
2026-06-18 11:05:54,76513,2538,212,"최대 큰손 국민연금, 본격 코스닥 투자 임박? | 김성주 국민연금공단 이사장 [더 피플]"
2026-06-18 16:02:12,76513,2538,212,"최대 큰손 국민연금, 본격 코스닥 투자 임박? | 김성주 국민연금공단 이사장 [더 피플]"
2026-06-18 20:12:48,76513,2538,212,"최대 큰손 국민연금, 본격 코스닥 투자 임박? | 김성주 국민연금공단 이사장 [더 피플]"
2026-06-18 23:21:49,76513,2538,212,"최대 큰손 국민연금, 본격 코스닥 투자 임박? | 김성주 국민연금공단 이사장 [더 피플]"
2026-06-19 02:34:50,76513,2538,212,"최대 큰손 국민연금, 본격 코스닥 투자 임박? | 김성주 국민연금공단 이사장 [더 피플]"
2026-06-19 04:49:41,76513,2538,212,"최대 큰손 국민연금, 본격 코스닥 투자 임박? | 김성주 국민연금공단 이사장 [더 피플]"
2026-06-19 06:52:10,76513,2538,212,"최대 큰손 국민연금, 본격 코스닥 투자 임박? | 김성주 국민연금공단 이사장 [더 피플]"
2026-06-19 08:25:18,76513,2538,212,"최대 큰손 국민연금, 본격 코스닥 투자 임박? | 김성주 국민연금공단 이사장 [더 피플]"
2026-06-19 11:11:08,76513,2538,212,"최대 큰손 국민연금, 본격 코스닥 투자 임박? | 김성주 국민연금공단 이사장 [더 피플]"
2026-06-19 16:24:22,76511,2538,212,"최대 큰손 국민연금, 본격 코스닥 투자 임박? | 김성주 국민연금공단 이사장 [더 피플]"
2026-06-19 20:43:48,76512,2538,212,"최대 큰손 국민연금, 본격 코스닥 투자 임박? | 김성주 국민연금공단 이사장 [더 피플]"
2026-06-19 23:29:02,76512,2538,212,"최대 큰손 국민연금, 본격 코스닥 투자 임박? | 김성주 국민연금공단 이사장 [더 피플]"
2026-06-20 01:57:41,76512,2538,212,"최대 큰손 국민연금, 본격 코스닥 투자 임박? | 김성주 국민연금공단 이사장 [더 피플]"
2026-06-20 03:51:44,76512,2538,212,"최대 큰손 국민연금, 본격 코스닥 투자 임박? | 김성주 국민연금공단 이사장 [더 피플]"
2026-06-20 05:21:45,76512,2538,212,"최대 큰손 국민연금, 본격 코스닥 투자 임박? | 김성주 국민연금공단 이사장 [더 피플]"
2026-06-20 06:38:15,76512,2538,212,"최대 큰손 국민연금, 본격 코스닥 투자 임박? | 김성주 국민연금공단 이사장 [더 피플]"
2026-06-20 07:33:29,76512,2538,212,"최대 큰손 국민연금, 본격 코스닥 투자 임박? | 김성주 국민연금공단 이사장 [더 피플]"
2026-06-20 08:40:49,76512,2538,212,"최대 큰손 국민연금, 본격 코스닥 투자 임박? | 김성주 국민연금공단 이사장 [더 피플]"
2026-06-20 10:50:21,76512,2538,212,"최대 큰손 국민연금, 본격 코스닥 투자 임박? | 김성주 국민연금공단 이사장 [더 피플]"
2026-06-20 15:04:47,76512,2538,212,"최대 큰손 국민연금, 본격 코스닥 투자 임박? | 김성주 국민연금공단 이사장 [더 피플]"
2026-06-20 18:31:47,76512,2537,212,"최대 큰손 국민연금, 본격 코스닥 투자 임박? | 김성주 국민연금공단 이사장 [더 피플]"
2026-06-20 20:30:10,76512,2537,212,"최대 큰손 국민연금, 본격 코스닥 투자 임박? | 김성주 국민연금공단 이사장 [더 피플]"
2026-06-20 22:05:09,76512,2537,212,"최대 큰손 국민연금, 본격 코스닥 투자 임박? | 김성주 국민연금공단 이사장 [더 피플]"
2026-06-21 00:07:42,76512,2537,212,"최대 큰손 국민연금, 본격 코스닥 투자 임박? | 김성주 국민연금공단 이사장 [더 피플]"
2026-06-21 01:44:05,76512,2537,212,"최대 큰손 국민연금, 본격 코스닥 투자 임박? | 김성주 국민연금공단 이사장 [더 피플]"
2026-06-21 02:59:48,76512,2537,212,"최대 큰손 국민연금, 본격 코스닥 투자 임박? | 김성주 국민연금공단 이사장 [더 피플]"
2026-06-21 04:27:51,76512,2537,212,"최대 큰손 국민연금, 본격 코스닥 투자 임박? | 김성주 국민연금공단 이사장 [더 피플]"
2026-06-21 05:48:57,76512,2537,212,"최대 큰손 국민연금, 본격 코스닥 투자 임박? | 김성주 국민연금공단 이사장 [더 피플]"
2026-06-21 06:55:57,76512,2537,212,"최대 큰손 국민연금, 본격 코스닥 투자 임박? | 김성주 국민연금공단 이사장 [더 피플]"
2026-06-21 07:57:56,76512,2537,212,"최대 큰손 국민연금, 본격 코스닥 투자 임박? | 김성주 국민연금공단 이사장 [더 피플]"
2026-06-21 09:02:59,76512,2537,212,"최대 큰손 국민연금, 본격 코스닥 투자 임박? | 김성주 국민연금공단 이사장 [더 피플]"
2026-06-21 14:09:38,76512,2537,212,"최대 큰손 국민연금, 본격 코스닥 투자 임박? | 김성주 국민연금공단 이사장 [더 피플]"
2026-06-21 18:00:52,76513,2537,212,"최대 큰손 국민연금, 본격 코스닥 투자 임박? | 김성주 국민연금공단 이사장 [더 피플]"
2026-06-21 20:47:46,76513,2537,212,"최대 큰손 국민연금, 본격 코스닥 투자 임박? | 김성주 국민연금공단 이사장 [더 피플]"
2026-06-21 22:26:47,76513,2537,212,"최대 큰손 국민연금, 본격 코스닥 투자 임박? | 김성주 국민연금공단 이사장 [더 피플]"
2026-06-22 00:21:49,76513,2537,212,"최대 큰손 국민연금, 본격 코스닥 투자 임박? | 김성주 국민연금공단 이사장 [더 피플]"
2026-06-22 01:57:06,76513,2537,212,"최대 큰손 국민연금, 본격 코스닥 투자 임박? | 김성주 국민연금공단 이사장 [더 피플]"
2026-06-22 03:15:14,76513,2537,212,"최대 큰손 국민연금, 본격 코스닥 투자 임박? | 김성주 국민연금공단 이사장 [더 피플]"
2026-06-22 05:03:11,76513,2537,212,"최대 큰손 국민연금, 본격 코스닥 투자 임박? | 김성주 국민연금공단 이사장 [더 피플]"
2026-06-22 06:23:37,76513,2537,212,"최대 큰손 국민연금, 본격 코스닥 투자 임박? | 김성주 국민연금공단 이사장 [더 피플]"
2026-06-22 07:37:59,76513,2537,212,"최대 큰손 국민연금, 본격 코스닥 투자 임박? | 김성주 국민연금공단 이사장 [더 피플]"
2026-06-22 08:53:52,76513,2537,212,"최대 큰손 국민연금, 본격 코스닥 투자 임박? | 김성주 국민연금공단 이사장 [더 피플]"
2026-06-22 11:11:46,76513,2537,212,"최대 큰손 국민연금, 본격 코스닥 투자 임박? | 김성주 국민연금공단 이사장 [더 피플]"
2026-06-22 16:39:33,76513,2537,212,"최대 큰손 국민연금, 본격 코스닥 투자 임박? | 김성주 국민연금공단 이사장 [더 피플]"
2026-06-22 22:15:28,76513,2537,212,"최대 큰손 국민연금, 본격 코스닥 투자 임박? | 김성주 국민연금공단 이사장 [더 피플]"
2026-06-23 02:50:36,76515,2537,212,"최대 큰손 국민연금, 본격 코스닥 투자 임박? | 김성주 국민연금공단 이사장 [더 피플]"
2026-06-23 05:23:56,76515,2537,212,"최대 큰손 국민연금, 본격 코스닥 투자 임박? | 김성주 국민연금공단 이사장 [더 피플]"
2026-06-23 07:19:01,76515,2537,212,"최대 큰손 국민연금, 본격 코스닥 투자 임박? | 김성주 국민연금공단 이사장 [더 피플]"
2026-06-23 08:45:05,76515,2537,212,"최대 큰손 국민연금, 본격 코스닥 투자 임박? | 김성주 국민연금공단 이사장 [더 피플]"
2026-06-23 10:34:35,76515,2537,212,"최대 큰손 국민연금, 본격 코스닥 투자 임박? | 김성주 국민연금공단 이사장 [더 피플]"
2026-06-23 14:48:56,76515,2537,212,"최대 큰손 국민연금, 본격 코스닥 투자 임박? | 김성주 국민연금공단 이사장 [더 피플]"
2026-06-23 17:49:44,76515,2537,212,"최대 큰손 국민연금, 본격 코스닥 투자 임박? | 김성주 국민연금공단 이사장 [더 피플]"
2026-06-23 20:47:05,76515,2537,212,"최대 큰손 국민연금, 본격 코스닥 투자 임박? | 김성주 국민연금공단 이사장 [더 피플]"
2026-06-23 23:07:48,76515,2537,212,"최대 큰손 국민연금, 본격 코스닥 투자 임박? | 김성주 국민연금공단 이사장 [더 피플]"
2026-06-24 01:36:48,76515,2537,212,"최대 큰손 국민연금, 본격 코스닥 투자 임박? | 김성주 국민연금공단 이사장 [더 피플]"
2026-06-24 03:26:14,76515,2537,212,"최대 큰손 국민연금, 본격 코스닥 투자 임박? | 김성주 국민연금공단 이사장 [더 피플]"
2026-06-24 05:29:37,76515,2537,212,"최대 큰손 국민연금, 본격 코스닥 투자 임박? | 김성주 국민연금공단 이사장 [더 피플]"
2026-06-24 06:56:59,76515,2537,212,"최대 큰손 국민연금, 본격 코스닥 투자 임박? | 김성주 국민연금공단 이사장 [더 피플]"
2026-06-24 08:02:37,76515,2537,212,"최대 큰손 국민연금, 본격 코스닥 투자 임박? | 김성주 국민연금공단 이사장 [더 피플]"
2026-06-24 09:05:19,76515,2537,212,"최대 큰손 국민연금, 본격 코스닥 투자 임박? | 김성주 국민연금공단 이사장 [더 피플]"
2026-06-24 13:19:50,76515,2537,212,"최대 큰손 국민연금, 본격 코스닥 투자 임박? | 김성주 국민연금공단 이사장 [더 피플]"
2026-06-24 16:54:42,76515,2537,212,"최대 큰손 국민연금, 본격 코스닥 투자 임박? | 김성주 국민연금공단 이사장 [더 피플]"
2026-06-24 19:38:07,76515,2537,212,"최대 큰손 국민연금, 본격 코스닥 투자 임박? | 김성주 국민연금공단 이사장 [더 피플]"
2026-06-24 21:35:28,76515,2537,212,"최대 큰손 국민연금, 본격 코스닥 투자 임박? | 김성주 국민연금공단 이사장 [더 피플]"
2026-06-25 00:20:57,76515,2537,212,"최대 큰손 국민연금, 본격 코스닥 투자 임박? | 김성주 국민연금공단 이사장 [더 피플]"
2026-06-25 02:22:24,76515,2537,212,"최대 큰손 국민연금, 본격 코스닥 투자 임박? | 김성주 국민연금공단 이사장 [더 피플]"
2026-06-25 04:03:46,76515,2537,212,"최대 큰손 국민연금, 본격 코스닥 투자 임박? | 김성주 국민연금공단 이사장 [더 피플]"
2026-06-25 05:52:19,76515,2537,212,"최대 큰손 국민연금, 본격 코스닥 투자 임박? | 김성주 국민연금공단 이사장 [더 피플]"
2026-06-25 07:03:08,76515,2537,212,"최대 큰손 국민연금, 본격 코스닥 투자 임박? | 김성주 국민연금공단 이사장 [더 피플]"
2026-06-25 08:15:20,76515,2537,212,"최대 큰손 국민연금, 본격 코스닥 투자 임박? | 김성주 국민연금공단 이사장 [더 피플]"
2026-06-25 10:27:16,76515,2537,212,"최대 큰손 국민연금, 본격 코스닥 투자 임박? | 김성주 국민연금공단 이사장 [더 피플]"
2026-06-25 14:36:45,76515,2537,212,"최대 큰손 국민연금, 본격 코스닥 투자 임박? | 김성주 국민연금공단 이사장 [더 피플]"
2026-06-25 17:40:05,76515,2537,212,"최대 큰손 국민연금, 본격 코스닥 투자 임박? | 김성주 국민연금공단 이사장 [더 피플]"
2026-06-25 20:20:06,76515,2537,212,"최대 큰손 국민연금, 본격 코스닥 투자 임박? | 김성주 국민연금공단 이사장 [더 피플]"
2026-06-25 22:29:01,76515,2537,212,"최대 큰손 국민연금, 본격 코스닥 투자 임박? | 김성주 국민연금공단 이사장 [더 피플]"
2026-06-26 01:00:37,76515,2537,212,"최대 큰손 국민연금, 본격 코스닥 투자 임박? | 김성주 국민연금공단 이사장 [더 피플]"
2026-06-26 03:12:28,76515,2537,212,"최대 큰손 국민연금, 본격 코스닥 투자 임박? | 김성주 국민연금공단 이사장 [더 피플]"
2026-06-26 05:21:27,76515,2537,212,"최대 큰손 국민연금, 본격 코스닥 투자 임박? | 김성주 국민연금공단 이사장 [더 피플]"
2026-06-26 06:55:36,76515,2537,212,"최대 큰손 국민연금, 본격 코스닥 투자 임박? | 김성주 국민연금공단 이사장 [더 피플]"
2026-06-26 08:06:23,76515,2537,212,"최대 큰손 국민연금, 본격 코스닥 투자 임박? | 김성주 국민연금공단 이사장 [더 피플]"
2026-06-26 09:20:46,76515,2537,212,"최대 큰손 국민연금, 본격 코스닥 투자 임박? | 김성주 국민연금공단 이사장 [더 피플]"
2026-06-26 13:44:11,76515,2537,212,"최대 큰손 국민연금, 본격 코스닥 투자 임박? | 김성주 국민연금공단 이사장 [더 피플]"
2026-06-26 17:20:03,76515,2537,212,"최대 큰손 국민연금, 본격 코스닥 투자 임박? | 김성주 국민연금공단 이사장 [더 피플]"
2026-06-26 20:17:27,76515,2537,212,"최대 큰손 국민연금, 본격 코스닥 투자 임박? | 김성주 국민연금공단 이사장 [더 피플]"
2026-06-26 22:22:37,76515,2537,212,"최대 큰손 국민연금, 본격 코스닥 투자 임박? | 김성주 국민연금공단 이사장 [더 피플]"
2026-06-27 00:32:44,76515,2537,212,"최대 큰손 국민연금, 본격 코스닥 투자 임박? | 김성주 국민연금공단 이사장 [더 피플]"
2026-06-27 02:17:32,76515,2537,212,"최대 큰손 국민연금, 본격 코스닥 투자 임박? | 김성주 국민연금공단 이사장 [더 피플]"
2026-06-27 04:06:36,76515,2537,212,"최대 큰손 국민연금, 본격 코스닥 투자 임박? | 김성주 국민연금공단 이사장 [더 피플]"
2026-06-27 05:51:37,76515,2537,212,"최대 큰손 국민연금, 본격 코스닥 투자 임박? | 김성주 국민연금공단 이사장 [더 피플]"
2026-06-27 06:56:57,76515,2537,212,"최대 큰손 국민연금, 본격 코스닥 투자 임박? | 김성주 국민연금공단 이사장 [더 피플]"
2026-06-27 08:00:14,76515,2537,212,"최대 큰손 국민연금, 본격 코스닥 투자 임박? | 김성주 국민연금공단 이사장 [더 피플]"
2026-06-27 09:10:52,76515,2537,212,"최대 큰손 국민연금, 본격 코스닥 투자 임박? | 김성주 국민연금공단 이사장 [더 피플]"
2026-06-27 13:14:17,76515,2537,212,"최대 큰손 국민연금, 본격 코스닥 투자 임박? | 김성주 국민연금공단 이사장 [더 피플]"
2026-06-27 16:26:52,76515,2537,212,"최대 큰손 국민연금, 본격 코스닥 투자 임박? | 김성주 국민연금공단 이사장 [더 피플]"
2026-06-27 18:36:24,76515,2537,212,"최대 큰손 국민연금, 본격 코스닥 투자 임박? | 김성주 국민연금공단 이사장 [더 피플]"
2026-06-27 20:12:34,76515,2537,212,"최대 큰손 국민연금, 본격 코스닥 투자 임박? | 김성주 국민연금공단 이사장 [더 피플]"
2026-06-27 21:17:32,76515,2537,212,"최대 큰손 국민연금, 본격 코스닥 투자 임박? | 김성주 국민연금공단 이사장 [더 피플]"
2026-06-27 23:08:17,76515,2537,212,"최대 큰손 국민연금, 본격 코스닥 투자 임박? | 김성주 국민연금공단 이사장 [더 피플]"
2026-06-28 00:35:21,76515,2537,212,"최대 큰손 국민연금, 본격 코스닥 투자 임박? | 김성주 국민연금공단 이사장 [더 피플]"
2026-06-28 01:41:53,76515,2537,212,"최대 큰손 국민연금, 본격 코스닥 투자 임박? | 김성주 국민연금공단 이사장 [더 피플]"
2026-06-28 02:43:55,76515,2537,212,"최대 큰손 국민연금, 본격 코스닥 투자 임박? | 김성주 국민연금공단 이사장 [더 피플]"
2026-06-28 03:50:09,76515,2537,212,"최대 큰손 국민연금, 본격 코스닥 투자 임박? | 김성주 국민연금공단 이사장 [더 피플]"
2026-06-28 04:59:34,76515,2537,212,"최대 큰손 국민연금, 본격 코스닥 투자 임박? | 김성주 국민연금공단 이사장 [더 피플]"
2026-06-28 06:04:19,76515,2537,212,"최대 큰손 국민연금, 본격 코스닥 투자 임박? | 김성주 국민연금공단 이사장 [더 피플]"
2026-06-28 07:12:03,76515,2537,212,"최대 큰손 국민연금, 본격 코스닥 투자 임박? | 김성주 국민연금공단 이사장 [더 피플]"
2026-06-28 08:15:45,76515,2537,212,"최대 큰손 국민연금, 본격 코스닥 투자 임박? | 김성주 국민연금공단 이사장 [더 피플]"
2026-06-28 09:15:24,76515,2537,212,"최대 큰손 국민연금, 본격 코스닥 투자 임박? | 김성주 국민연금공단 이사장 [더 피플]"
2026-06-28 13:51:40,76515,2537,212,"최대 큰손 국민연금, 본격 코스닥 투자 임박? | 김성주 국민연금공단 이사장 [더 피플]"
2026-06-28 17:13:21,76515,2537,212,"최대 큰손 국민연금, 본격 코스닥 투자 임박? | 김성주 국민연금공단 이사장 [더 피플]"
2026-06-28 19:33:54,76516,2537,212,"최대 큰손 국민연금, 본격 코스닥 투자 임박? | 김성주 국민연금공단 이사장 [더 피플]"
2026-06-28 21:05:35,76516,2537,212,"최대 큰손 국민연금, 본격 코스닥 투자 임박? | 김성주 국민연금공단 이사장 [더 피플]"
2026-06-28 23:08:54,76516,2537,212,"최대 큰손 국민연금, 본격 코스닥 투자 임박? | 김성주 국민연금공단 이사장 [더 피플]"
2026-06-29 00:37:46,76516,2537,212,"최대 큰손 국민연금, 본격 코스닥 투자 임박? | 김성주 국민연금공단 이사장 [더 피플]"
2026-06-29 01:45:53,76516,2537,212,"최대 큰손 국민연금, 본격 코스닥 투자 임박? | 김성주 국민연금공단 이사장 [더 피플]"
2026-06-29 02:49:59,76516,2537,212,"최대 큰손 국민연금, 본격 코스닥 투자 임박? | 김성주 국민연금공단 이사장 [더 피플]"
2026-06-29 03:54:39,76516,2537,212,"최대 큰손 국민연금, 본격 코스닥 투자 임박? | 김성주 국민연금공단 이사장 [더 피플]"
2026-06-29 05:03:12,76516,2537,212,"최대 큰손 국민연금, 본격 코스닥 투자 임박? | 김성주 국민연금공단 이사장 [더 피플]"
2026-06-29 06:12:27,76516,2537,212,"최대 큰손 국민연금, 본격 코스닥 투자 임박? | 김성주 국민연금공단 이사장 [더 피플]"
2026-06-29 07:14:06,76516,2537,212,"최대 큰손 국민연금, 본격 코스닥 투자 임박? | 김성주 국민연금공단 이사장 [더 피플]"
2026-06-29 08:18:29,76516,2537,212,"최대 큰손 국민연금, 본격 코스닥 투자 임박? | 김성주 국민연금공단 이사장 [더 피플]"
2026-06-29 10:32:54,76516,2537,212,"최대 큰손 국민연금, 본격 코스닥 투자 임박? | 김성주 국민연금공단 이사장 [더 피플]"
2026-06-29 15:19:39,76516,2537,212,"최대 큰손 국민연금, 본격 코스닥 투자 임박? | 김성주 국민연금공단 이사장 [더 피플]"
2026-06-29 20:26:05,76516,2537,212,"최대 큰손 국민연금, 본격 코스닥 투자 임박? | 김성주 국민연금공단 이사장 [더 피플]"
2026-06-29 23:54:55,76516,2537,212,"최대 큰손 국민연금, 본격 코스닥 투자 임박? | 김성주 국민연금공단 이사장 [더 피플]"
2026-06-30 02:25:55,76516,2537,212,"최대 큰손 국민연금, 본격 코스닥 투자 임박? | 김성주 국민연금공단 이사장 [더 피플]"
2026-06-30 04:19:02,76516,2537,212,"최대 큰손 국민연금, 본격 코스닥 투자 임박? | 김성주 국민연금공단 이사장 [더 피플]"
2026-06-30 05:58:26,76516,2537,212,"최대 큰손 국민연금, 본격 코스닥 투자 임박? | 김성주 국민연금공단 이사장 [더 피플]"
2026-06-30 07:07:22,76516,2537,212,"최대 큰손 국민연금, 본격 코스닥 투자 임박? | 김성주 국민연금공단 이사장 [더 피플]"
2026-06-30 08:12:40,76516,2537,212,"최대 큰손 국민연금, 본격 코스닥 투자 임박? | 김성주 국민연금공단 이사장 [더 피플]"
2026-06-30 09:18:11,76516,2537,212,"최대 큰손 국민연금, 본격 코스닥 투자 임박? | 김성주 국민연금공단 이사장 [더 피플]"
2026-06-30 13:36:05,76518,2537,212,"최대 큰손 국민연금, 본격 코스닥 투자 임박? | 김성주 국민연금공단 이사장 [더 피플]"
2026-06-30 17:07:40,76518,2538,212,"최대 큰손 국민연금, 본격 코스닥 투자 임박? | 김성주 국민연금공단 이사장 [더 피플]"
2026-06-30 20:18:16,76519,2538,212,"최대 큰손 국민연금, 본격 코스닥 투자 임박? | 김성주 국민연금공단 이사장 [더 피플]"
2026-06-30 22:17:50,76519,2538,212,"최대 큰손 국민연금, 본격 코스닥 투자 임박? | 김성주 국민연금공단 이사장 [더 피플]"
2026-07-01 00:42:11,76519,2538,212,"최대 큰손 국민연금, 본격 코스닥 투자 임박? | 김성주 국민연금공단 이사장 [더 피플]"
2026-07-01 02:27:50,76519,2538,212,"최대 큰손 국민연금, 본격 코스닥 투자 임박? | 김성주 국민연금공단 이사장 [더 피플]"
2026-07-01 04:16:57,76519,2538,212,"최대 큰손 국민연금, 본격 코스닥 투자 임박? | 김성주 국민연금공단 이사장 [더 피플]"
2026-07-01 06:06:44,76519,2538,212,"최대 큰손 국민연금, 본격 코스닥 투자 임박? | 김성주 국민연금공단 이사장 [더 피플]"
2026-07-01 07:23:01,76519,2538,212,"최대 큰손 국민연금, 본격 코스닥 투자 임박? | 김성주 국민연금공단 이사장 [더 피플]"
2026-07-01 08:40:27,76520,2538,212,"최대 큰손 국민연금, 본격 코스닥 투자 임박? | 김성주 국민연금공단 이사장 [더 피플]"
2026-07-01 10:55:26,76520,2538,212,"최대 큰손 국민연금, 본격 코스닥 투자 임박? | 김성주 국민연금공단 이사장 [더 피플]"
2026-07-01 15:15:35,76522,2538,212,"최대 큰손 국민연금, 본격 코스닥 투자 임박? | 김성주 국민연금공단 이사장 [더 피플]"
2026-07-01 19:14:59,76522,2538,212,"최대 큰손 국민연금, 본격 코스닥 투자 임박? | 김성주 국민연금공단 이사장 [더 피플]"
2026-07-01 21:48:00,76522,2538,212,"최대 큰손 국민연금, 본격 코스닥 투자 임박? | 김성주 국민연금공단 이사장 [더 피플]"
2026-07-02 00:30:42,76523,2538,212,"최대 큰손 국민연금, 본격 코스닥 투자 임박? | 김성주 국민연금공단 이사장 [더 피플]"
2026-07-02 02:29:00,76523,2538,212,"최대 큰손 국민연금, 본격 코스닥 투자 임박? | 김성주 국민연금공단 이사장 [더 피플]"
2026-07-02 04:17:38,76523,2538,212,"최대 큰손 국민연금, 본격 코스닥 투자 임박? | 김성주 국민연금공단 이사장 [더 피플]"
2026-07-02 05:56:04,76523,2538,212,"최대 큰손 국민연금, 본격 코스닥 투자 임박? | 김성주 국민연금공단 이사장 [더 피플]"
2026-07-02 07:12:42,76523,2538,212,"최대 큰손 국민연금, 본격 코스닥 투자 임박? | 김성주 국민연금공단 이사장 [더 피플]"
2026-07-02 08:42:14,76523,2538,212,"최대 큰손 국민연금, 본격 코스닥 투자 임박? | 김성주 국민연금공단 이사장 [더 피플]"
2026-07-02 10:35:43,76523,2538,212,"최대 큰손 국민연금, 본격 코스닥 투자 임박? | 김성주 국민연금공단 이사장 [더 피플]"
2026-07-02 14:38:59,76523,2538,212,"최대 큰손 국민연금, 본격 코스닥 투자 임박? | 김성주 국민연금공단 이사장 [더 피플]"
2026-07-02 17:31:26,76524,2538,212,"최대 큰손 국민연금, 본격 코스닥 투자 임박? | 김성주 국민연금공단 이사장 [더 피플]"
2026-07-02 20:09:34,76524,2538,212,"최대 큰손 국민연금, 본격 코스닥 투자 임박? | 김성주 국민연금공단 이사장 [더 피플]"
2026-07-02 22:04:50,76526,2538,212,"최대 큰손 국민연금, 본격 코스닥 투자 임박? | 김성주 국민연금공단 이사장 [더 피플]"
2026-07-03 00:25:30,76526,2538,212,"최대 큰손 국민연금, 본격 코스닥 투자 임박? | 김성주 국민연금공단 이사장 [더 피플]"
2026-07-03 02:07:32,76526,2538,212,"최대 큰손 국민연금, 본격 코스닥 투자 임박? | 김성주 국민연금공단 이사장 [더 피플]"
2026-07-03 03:44:36,76527,2538,212,"최대 큰손 국민연금, 본격 코스닥 투자 임박? | 김성주 국민연금공단 이사장 [더 피플]"
2026-07-03 05:07:06,76527,2538,212,"최대 큰손 국민연금, 본격 코스닥 투자 임박? | 김성주 국민연금공단 이사장 [더 피플]"
2026-07-03 06:20:15,76527,2538,212,"최대 큰손 국민연금, 본격 코스닥 투자 임박? | 김성주 국민연금공단 이사장 [더 피플]"
2026-07-03 07:30:43,76527,2538,212,"최대 큰손 국민연금, 본격 코스닥 투자 임박? | 김성주 국민연금공단 이사장 [더 피플]"
2026-07-03 08:39:16,76527,2538,212,"최대 큰손 국민연금, 본격 코스닥 투자 임박? | 김성주 국민연금공단 이사장 [더 피플]"
2026-07-03 10:14:17,76527,2538,212,"최대 큰손 국민연금, 본격 코스닥 투자 임박? | 김성주 국민연금공단 이사장 [더 피플]"
2026-07-03 13:57:06,76527,2538,212,"최대 큰손 국민연금, 본격 코스닥 투자 임박? | 김성주 국민연금공단 이사장 [더 피플]"
2026-07-03 16:57:10,76527,2538,212,"최대 큰손 국민연금, 본격 코스닥 투자 임박? | 김성주 국민연금공단 이사장 [더 피플]"
2026-07-03 19:29:17,76528,2538,212,"최대 큰손 국민연금, 본격 코스닥 투자 임박? | 김성주 국민연금공단 이사장 [더 피플]"
2026-07-03 21:25:13,76528,2538,212,"최대 큰손 국민연금, 본격 코스닥 투자 임박? | 김성주 국민연금공단 이사장 [더 피플]"
2026-07-03 23:36:23,76528,2538,212,"최대 큰손 국민연금, 본격 코스닥 투자 임박? | 김성주 국민연금공단 이사장 [더 피플]"
2026-07-04 01:09:30,76528,2538,212,"최대 큰손 국민연금, 본격 코스닥 투자 임박? | 김성주 국민연금공단 이사장 [더 피플]"
2026-07-04 02:44:36,76528,2538,212,"최대 큰손 국민연금, 본격 코스닥 투자 임박? | 김성주 국민연금공단 이사장 [더 피플]"
2026-07-04 03:50:31,76528,2538,212,"최대 큰손 국민연금, 본격 코스닥 투자 임박? | 김성주 국민연금공단 이사장 [더 피플]"
2026-07-04 05:05:48,76528,2538,212,"최대 큰손 국민연금, 본격 코스닥 투자 임박? | 김성주 국민연금공단 이사장 [더 피플]"
2026-07-04 06:19:27,76528,2538,212,"최대 큰손 국민연금, 본격 코스닥 투자 임박? | 김성주 국민연금공단 이사장 [더 피플]"
2026-07-04 07:27:41,76528,2538,212,"최대 큰손 국민연금, 본격 코스닥 투자 임박? | 김성주 국민연금공단 이사장 [더 피플]"
2026-07-04 08:33:21,76528,2538,212,"최대 큰손 국민연금, 본격 코스닥 투자 임박? | 김성주 국민연금공단 이사장 [더 피플]"
2026-07-04 10:10:08,76528,2538,212,"최대 큰손 국민연금, 본격 코스닥 투자 임박? | 김성주 국민연금공단 이사장 [더 피플]"
2026-07-04 13:48:13,76528,2538,212,"최대 큰손 국민연금, 본격 코스닥 투자 임박? | 김성주 국민연금공단 이사장 [더 피플]"
2026-07-04 16:30:46,76528,2538,212,"최대 큰손 국민연금, 본격 코스닥 투자 임박? | 김성주 국민연금공단 이사장 [더 피플]"
2026-07-04 18:37:14,76528,2538,212,"최대 큰손 국민연금, 본격 코스닥 투자 임박? | 김성주 국민연금공단 이사장 [더 피플]"
2026-07-04 20:08:33,76528,2538,212,"최대 큰손 국민연금, 본격 코스닥 투자 임박? | 김성주 국민연금공단 이사장 [더 피플]"
2026-07-04 21:14:48,76528,2538,212,"최대 큰손 국민연금, 본격 코스닥 투자 임박? | 김성주 국민연금공단 이사장 [더 피플]"
2026-07-04 22:58:19,76528,2538,212,"최대 큰손 국민연금, 본격 코스닥 투자 임박? | 김성주 국민연금공단 이사장 [더 피플]"
2026-07-05 00:02:56,76528,2538,212,"최대 큰손 국민연금, 본격 코스닥 투자 임박? | 김성주 국민연금공단 이사장 [더 피플]"
2026-07-05 01:11:07,76529,2538,212,"최대 큰손 국민연금, 본격 코스닥 투자 임박? | 김성주 국민연금공단 이사장 [더 피플]"
2026-07-05 02:17:29,76528,2538,212,"최대 큰손 국민연금, 본격 코스닥 투자 임박? | 김성주 국민연금공단 이사장 [더 피플]"
2026-07-05 03:14:05,76529,2538,212,"최대 큰손 국민연금, 본격 코스닥 투자 임박? | 김성주 국민연금공단 이사장 [더 피플]"
2026-07-05 04:36:40,76529,2538,212,"최대 큰손 국민연금, 본격 코스닥 투자 임박? | 김성주 국민연금공단 이사장 [더 피플]"
2026-07-05 05:32:08,76529,2538,212,"최대 큰손 국민연금, 본격 코스닥 투자 임박? | 김성주 국민연금공단 이사장 [더 피플]"
2026-07-05 06:30:05,76529,2538,212,"최대 큰손 국민연금, 본격 코스닥 투자 임박? | 김성주 국민연금공단 이사장 [더 피플]"
2026-07-05 07:28:09,76529,2538,212,"최대 큰손 국민연금, 본격 코스닥 투자 임박? | 김성주 국민연금공단 이사장 [더 피플]"
2026-07-05 08:30:17,76529,2538,212,"최대 큰손 국민연금, 본격 코스닥 투자 임박? | 김성주 국민연금공단 이사장 [더 피플]"
2026-07-05 10:15:52,76529,2538,212,"최대 큰손 국민연금, 본격 코스닥 투자 임박? | 김성주 국민연금공단 이사장 [더 피플]"
2026-07-05 14:08:33,76529,2538,212,"최대 큰손 국민연금, 본격 코스닥 투자 임박? | 김성주 국민연금공단 이사장 [더 피플]"
2026-07-05 17:12:04,76529,2538,212,"최대 큰손 국민연금, 본격 코스닥 투자 임박? | 김성주 국민연금공단 이사장 [더 피플]"
2026-07-05 19:26:47,76529,2538,212,"최대 큰손 국민연금, 본격 코스닥 투자 임박? | 김성주 국민연금공단 이사장 [더 피플]"
2026-07-05 20:52:22,76529,2538,212,"최대 큰손 국민연금, 본격 코스닥 투자 임박? | 김성주 국민연금공단 이사장 [더 피플]"
2026-07-05 21:57:55,76529,2538,212,"최대 큰손 국민연금, 본격 코스닥 투자 임박? | 김성주 국민연금공단 이사장 [더 피플]"
2026-07-05 23:28:59,76529,2538,212,"최대 큰손 국민연금, 본격 코스닥 투자 임박? | 김성주 국민연금공단 이사장 [더 피플]"
2026-07-06 00:46:02,76529,2538,212,"최대 큰손 국민연금, 본격 코스닥 투자 임박? | 김성주 국민연금공단 이사장 [더 피플]"
2026-07-06 01:45:33,76529,2538,212,"최대 큰손 국민연금, 본격 코스닥 투자 임박? | 김성주 국민연금공단 이사장 [더 피플]"
2026-07-06 02:46:19,76529,2538,212,"최대 큰손 국민연금, 본격 코스닥 투자 임박? | 김성주 국민연금공단 이사장 [더 피플]"
2026-07-06 03:47:04,76529,2538,212,"최대 큰손 국민연금, 본격 코스닥 투자 임박? | 김성주 국민연금공단 이사장 [더 피플]"
2026-07-06 05:00:40,76529,2538,212,"최대 큰손 국민연금, 본격 코스닥 투자 임박? | 김성주 국민연금공단 이사장 [더 피플]"
2026-07-06 06:05:21,76529,2538,212,"최대 큰손 국민연금, 본격 코스닥 투자 임박? | 김성주 국민연금공단 이사장 [더 피플]"
2026-07-06 07:10:05,76529,2538,212,"최대 큰손 국민연금, 본격 코스닥 투자 임박? | 김성주 국민연금공단 이사장 [더 피플]"
2026-07-06 08:15:36,76529,2538,212,"최대 큰손 국민연금, 본격 코스닥 투자 임박? | 김성주 국민연금공단 이사장 [더 피플]"
2026-07-06 09:16:17,76529,2538,212,"최대 큰손 국민연금, 본격 코스닥 투자 임박? | 김성주 국민연금공단 이사장 [더 피플]"
2026-07-06 13:40:25,76529,2538,212,"최대 큰손 국민연금, 본격 코스닥 투자 임박? | 김성주 국민연금공단 이사장 [더 피플]"
2026-07-06 17:49:15,76529,2538,212,"최대 큰손 국민연금, 본격 코스닥 투자 임박? | 김성주 국민연금공단 이사장 [더 피플]"
2026-07-06 21:29:43,76529,2538,212,"최대 큰손 국민연금, 본격 코스닥 투자 임박? | 김성주 국민연금공단 이사장 [더 피플]"
2026-07-07 01:00:02,76529,2538,212,"최대 큰손 국민연금, 본격 코스닥 투자 임박? | 김성주 국민연금공단 이사장 [더 피플]"
2026-07-07 03:11:55,76529,2538,212,"최대 큰손 국민연금, 본격 코스닥 투자 임박? | 김성주 국민연금공단 이사장 [더 피플]"
2026-07-07 05:12:38,76530,2538,212,"최대 큰손 국민연금, 본격 코스닥 투자 임박? | 김성주 국민연금공단 이사장 [더 피플]"
2026-07-07 06:46:14,76530,2538,212,"최대 큰손 국민연금, 본격 코스닥 투자 임박? | 김성주 국민연금공단 이사장 [더 피플]"
2026-07-07 07:48:05,76530,2538,212,"최대 큰손 국민연금, 본격 코스닥 투자 임박? | 김성주 국민연금공단 이사장 [더 피플]"
2026-07-07 08:48:00,76530,2538,212,"최대 큰손 국민연금, 본격 코스닥 투자 임박? | 김성주 국민연금공단 이사장 [더 피플]"
2026-07-07 10:25:44,76530,2538,212,"최대 큰손 국민연금, 본격 코스닥 투자 임박? | 김성주 국민연금공단 이사장 [더 피플]"
2026-07-07 14:14:55,76532,2538,212,"최대 큰손 국민연금, 본격 코스닥 투자 임박? | 김성주 국민연금공단 이사장 [더 피플]"
2026-07-07 17:43:27,76535,2538,212,"최대 큰손 국민연금, 본격 코스닥 투자 임박? | 김성주 국민연금공단 이사장 [더 피플]"
2026-07-07 20:30:45,76535,2538,212,"최대 큰손 국민연금, 본격 코스닥 투자 임박? | 김성주 국민연금공단 이사장 [더 피플]"
2026-07-07 22:35:33,76535,2538,212,"최대 큰손 국민연금, 본격 코스닥 투자 임박? | 김성주 국민연금공단 이사장 [더 피플]"
2026-07-08 01:05:37,76535,2538,212,"최대 큰손 국민연금, 본격 코스닥 투자 임박? | 김성주 국민연금공단 이사장 [더 피플]"
2026-07-08 03:10:33,76535,2538,212,"최대 큰손 국민연금, 본격 코스닥 투자 임박? | 김성주 국민연금공단 이사장 [더 피플]"
2026-07-08 05:10:57,76535,2538,212,"최대 큰손 국민연금, 본격 코스닥 투자 임박? | 김성주 국민연금공단 이사장 [더 피플]"
2026-07-08 06:39:04,76535,2538,212,"최대 큰손 국민연금, 본격 코스닥 투자 임박? | 김성주 국민연금공단 이사장 [더 피플]"
2026-07-08 07:42:04,76535,2538,212,"최대 큰손 국민연금, 본격 코스닥 투자 임박? | 김성주 국민연금공단 이사장 [더 피플]"
2026-07-08 08:35:09,76535,2538,212,"최대 큰손 국민연금, 본격 코스닥 투자 임박? | 김성주 국민연금공단 이사장 [더 피플]"
2026-07-08 10:04:58,76535,2538,212,"최대 큰손 국민연금, 본격 코스닥 투자 임박? | 김성주 국민연금공단 이사장 [더 피플]"
2026-07-08 13:24:23,76536,2538,212,"최대 큰손 국민연금, 본격 코스닥 투자 임박? | 김성주 국민연금공단 이사장 [더 피플]"
2026-07-08 15:42:42,76536,2538,212,"최대 큰손 국민연금, 본격 코스닥 투자 임박? | 김성주 국민연금공단 이사장 [더 피플]"
2026-07-08 18:13:17,76536,2538,212,"최대 큰손 국민연금, 본격 코스닥 투자 임박? | 김성주 국민연금공단 이사장 [더 피플]"
2026-07-08 20:16:04,76537,2538,212,"최대 큰손 국민연금, 본격 코스닥 투자 임박? | 김성주 국민연금공단 이사장 [더 피플]"
2026-07-08 21:52:38,76537,2538,212,"최대 큰손 국민연금, 본격 코스닥 투자 임박? | 김성주 국민연금공단 이사장 [더 피플]"
2026-07-09 00:03:11,76537,2538,212,"최대 큰손 국민연금, 본격 코스닥 투자 임박? | 김성주 국민연금공단 이사장 [더 피플]"
2026-07-09 01:45:20,76537,2538,212,"최대 큰손 국민연금, 본격 코스닥 투자 임박? | 김성주 국민연금공단 이사장 [더 피플]"
2026-07-09 03:06:57,76537,2538,212,"최대 큰손 국민연금, 본격 코스닥 투자 임박? | 김성주 국민연금공단 이사장 [더 피플]"
2026-07-09 04:49:59,76537,2538,212,"최대 큰손 국민연금, 본격 코스닥 투자 임박? | 김성주 국민연금공단 이사장 [더 피플]"
2026-07-09 05:48:46,76537,2538,212,"최대 큰손 국민연금, 본격 코스닥 투자 임박? | 김성주 국민연금공단 이사장 [더 피플]"
2026-07-09 06:51:25,76537,2538,212,"최대 큰손 국민연금, 본격 코스닥 투자 임박? | 김성주 국민연금공단 이사장 [더 피플]"
2026-07-09 07:47:19,76537,2538,212,"최대 큰손 국민연금, 본격 코스닥 투자 임박? | 김성주 국민연금공단 이사장 [더 피플]"
2026-07-09 08:49:09,76537,2538,212,"최대 큰손 국민연금, 본격 코스닥 투자 임박? | 김성주 국민연금공단 이사장 [더 피플]"
2026-07-09 10:20:13,76537,2538,212,"최대 큰손 국민연금, 본격 코스닥 투자 임박? | 김성주 국민연금공단 이사장 [더 피플]"
2026-07-09 14:11:09,76537,2538,212,"최대 큰손 국민연금, 본격 코스닥 투자 임박? | 김성주 국민연금공단 이사장 [더 피플]"
2026-07-09 17:41:54,76537,2538,212,"최대 큰손 국민연금, 본격 코스닥 투자 임박? | 김성주 국민연금공단 이사장 [더 피플]"
2026-07-09 20:38:14,76537,2538,212,"최대 큰손 국민연금, 본격 코스닥 투자 임박? | 김성주 국민연금공단 이사장 [더 피플]"
2026-07-09 23:07:45,76537,2538,212,"최대 큰손 국민연금, 본격 코스닥 투자 임박? | 김성주 국민연금공단 이사장 [더 피플]"
2026-07-10 01:37:19,76537,2538,212,"최대 큰손 국민연금, 본격 코스닥 투자 임박? | 김성주 국민연금공단 이사장 [더 피플]"
2026-07-10 03:21:19,76537,2538,212,"최대 큰손 국민연금, 본격 코스닥 투자 임박? | 김성주 국민연금공단 이사장 [더 피플]"
2026-07-10 05:11:16,76537,2538,212,"최대 큰손 국민연금, 본격 코스닥 투자 임박? | 김성주 국민연금공단 이사장 [더 피플]"
2026-07-10 06:41:37,76537,2538,212,"최대 큰손 국민연금, 본격 코스닥 투자 임박? | 김성주 국민연금공단 이사장 [더 피플]"
2026-07-10 07:54:23,76537,2538,212,"최대 큰손 국민연금, 본격 코스닥 투자 임박? | 김성주 국민연금공단 이사장 [더 피플]"
2026-07-10 08:55:05,76537,2538,212,"최대 큰손 국민연금, 본격 코스닥 투자 임박? | 김성주 국민연금공단 이사장 [더 피플]"
2026-07-10 10:30:02,76537,2538,212,"최대 큰손 국민연금, 본격 코스닥 투자 임박? | 김성주 국민연금공단 이사장 [더 피플]"
2026-07-10 14:36:34,76538,2538,212,"최대 큰손 국민연금, 본격 코스닥 투자 임박? | 김성주 국민연금공단 이사장 [더 피플]"
2026-07-10 16:45:21,76536,2538,212,"최대 큰손 국민연금, 본격 코스닥 투자 임박? | 김성주 국민연금공단 이사장 [더 피플]"
2026-07-10 16:58:40,76536,2538,212,"최대 큰손 국민연금, 본격 코스닥 투자 임박? | 김성주 국민연금공단 이사장 [더 피플]"
2026-07-10 17:07:16,76536,2538,212,"최대 큰손 국민연금, 본격 코스닥 투자 임박? | 김성주 국민연금공단 이사장 [더 피플]"
2026-07-10 17:09:13,76536,2538,212,"최대 큰손 국민연금, 본격 코스닥 투자 임박? | 김성주 국민연금공단 이사장 [더 피플]"
2026-07-10 17:12:28,76538,2538,212,"최대 큰손 국민연금, 본격 코스닥 투자 임박? | 김성주 국민연금공단 이사장 [더 피플]"
2026-07-10 17:40:22,76536,2538,212,"최대 큰손 국민연금, 본격 코스닥 투자 임박? | 김성주 국민연금공단 이사장 [더 피플]"
2026-07-10 17:49:51,76536,2538,212,"최대 큰손 국민연금, 본격 코스닥 투자 임박? | 김성주 국민연금공단 이사장 [더 피플]"
2026-07-10 20:36:41,76536,2538,212,"최대 큰손 국민연금, 본격 코스닥 투자 임박? | 김성주 국민연금공단 이사장 [더 피플]"
2026-07-10 22:30:34,76536,2538,212,"최대 큰손 국민연금, 본격 코스닥 투자 임박? | 김성주 국민연금공단 이사장 [더 피플]"
2026-07-11 00:56:06,76536,2538,212,"최대 큰손 국민연금, 본격 코스닥 투자 임박? | 김성주 국민연금공단 이사장 [더 피플]"
2026-07-11 02:41:02,76536,2538,212,"최대 큰손 국민연금, 본격 코스닥 투자 임박? | 김성주 국민연금공단 이사장 [더 피플]"
2026-07-11 04:07:36,76536,2538,212,"최대 큰손 국민연금, 본격 코스닥 투자 임박? | 김성주 국민연금공단 이사장 [더 피플]"
2026-07-11 05:39:32,76536,2538,212,"최대 큰손 국민연금, 본격 코스닥 투자 임박? | 김성주 국민연금공단 이사장 [더 피플]"
2026-07-11 06:38:52,76536,2538,212,"최대 큰손 국민연금, 본격 코스닥 투자 임박? | 김성주 국민연금공단 이사장 [더 피플]"
2026-07-11 07:37:23,76536,2538,212,"최대 큰손 국민연금, 본격 코스닥 투자 임박? | 김성주 국민연금공단 이사장 [더 피플]"
2026-07-11 08:33:39,76536,2538,212,"최대 큰손 국민연금, 본격 코스닥 투자 임박? | 김성주 국민연금공단 이사장 [더 피플]"
2026-07-11 10:01:22,76536,2538,212,"최대 큰손 국민연금, 본격 코스닥 투자 임박? | 김성주 국민연금공단 이사장 [더 피플]"
2026-07-11 13:17:05,76536,2538,212,"최대 큰손 국민연금, 본격 코스닥 투자 임박? | 김성주 국민연금공단 이사장 [더 피플]"
2026-07-11 15:27:39,76536,2538,212,"최대 큰손 국민연금, 본격 코스닥 투자 임박? | 김성주 국민연금공단 이사장 [더 피플]"
2026-07-11 17:18:38,76536,2538,212,"최대 큰손 국민연금, 본격 코스닥 투자 임박? | 김성주 국민연금공단 이사장 [더 피플]"
2026-07-11 18:50:22,76538,2538,212,"최대 큰손 국민연금, 본격 코스닥 투자 임박? | 김성주 국민연금공단 이사장 [더 피플]"
2026-07-11 19:46:50,76538,2538,212,"최대 큰손 국민연금, 본격 코스닥 투자 임박? | 김성주 국민연금공단 이사장 [더 피플]"
2026-07-11 20:36:33,76538,2538,212,"최대 큰손 국민연금, 본격 코스닥 투자 임박? | 김성주 국민연금공단 이사장 [더 피플]"
2026-07-11 23:04:11,76538,2538,212,"최대 큰손 국민연금, 본격 코스닥 투자 임박? | 김성주 국민연금공단 이사장 [더 피플]"
2026-07-12 00:05:45,76538,2538,212,"최대 큰손 국민연금, 본격 코스닥 투자 임박? | 김성주 국민연금공단 이사장 [더 피플]"
2026-07-12 01:04:10,76538,2538,212,"최대 큰손 국민연금, 본격 코스닥 투자 임박? | 김성주 국민연금공단 이사장 [더 피플]"
2026-07-12 02:08:24,76538,2538,212,"최대 큰손 국민연금, 본격 코스닥 투자 임박? | 김성주 국민연금공단 이사장 [더 피플]"
2026-07-12 03:02:44,76538,2538,212,"최대 큰손 국민연금, 본격 코스닥 투자 임박? | 김성주 국민연금공단 이사장 [더 피플]"
2026-07-12 04:17:19,76538,2538,212,"최대 큰손 국민연금, 본격 코스닥 투자 임박? | 김성주 국민연금공단 이사장 [더 피플]"
2026-07-12 05:10:58,76538,2538,212,"최대 큰손 국민연금, 본격 코스닥 투자 임박? | 김성주 국민연금공단 이사장 [더 피플]"
2026-07-12 06:02:18,76538,2538,212,"최대 큰손 국민연금, 본격 코스닥 투자 임박? | 김성주 국민연금공단 이사장 [더 피플]"
2026-07-12 06:57:04,76538,2538,212,"최대 큰손 국민연금, 본격 코스닥 투자 임박? | 김성주 국민연금공단 이사장 [더 피플]"
2026-07-12 07:41:01,76538,2538,212,"최대 큰손 국민연금, 본격 코스닥 투자 임박? | 김성주 국민연금공단 이사장 [더 피플]"
2026-07-12 08:35:01,76539,2538,212,"최대 큰손 국민연금, 본격 코스닥 투자 임박? | 김성주 국민연금공단 이사장 [더 피플]"
2026-07-12 10:08:16,76539,2538,212,"최대 큰손 국민연금, 본격 코스닥 투자 임박? | 김성주 국민연금공단 이사장 [더 피플]"
2026-07-12 13:34:10,76539,2538,212,"최대 큰손 국민연금, 본격 코스닥 투자 임박? | 김성주 국민연금공단 이사장 [더 피플]"
2026-07-12 16:08:56,76540,2538,212,"최대 큰손 국민연금, 본격 코스닥 투자 임박? | 김성주 국민연금공단 이사장 [더 피플]"
2026-07-12 18:11:27,76540,2538,212,"최대 큰손 국민연금, 본격 코스닥 투자 임박? | 김성주 국민연금공단 이사장 [더 피플]"
2026-07-12 19:42:12,76540,2538,212,"최대 큰손 국민연금, 본격 코스닥 투자 임박? | 김성주 국민연금공단 이사장 [더 피플]"
2026-07-12 20:42:05,76540,2538,212,"최대 큰손 국민연금, 본격 코스닥 투자 임박? | 김성주 국민연금공단 이사장 [더 피플]"
2026-07-12 21:35:56,76540,2538,212,"최대 큰손 국민연금, 본격 코스닥 투자 임박? | 김성주 국민연금공단 이사장 [더 피플]"
2026-07-12 23:09:03,76540,2538,212,"최대 큰손 국민연금, 본격 코스닥 투자 임박? | 김성주 국민연금공단 이사장 [더 피플]"
2026-07-13 00:11:44,76540,2538,212,"최대 큰손 국민연금, 본격 코스닥 투자 임박? | 김성주 국민연금공단 이사장 [더 피플]"
2026-07-13 01:09:29,76540,2538,212,"최대 큰손 국민연금, 본격 코스닥 투자 임박? | 김성주 국민연금공단 이사장 [더 피플]"
2026-07-13 02:13:20,76540,2538,212,"최대 큰손 국민연금, 본격 코스닥 투자 임박? | 김성주 국민연금공단 이사장 [더 피플]"
2026-07-13 03:08:09,76540,2538,212,"최대 큰손 국민연금, 본격 코스닥 투자 임박? | 김성주 국민연금공단 이사장 [더 피플]"
2026-07-13 04:20:09,76540,2538,212,"최대 큰손 국민연금, 본격 코스닥 투자 임박? | 김성주 국민연금공단 이사장 [더 피플]"
2026-07-13 05:10:49,76540,2538,212,"최대 큰손 국민연금, 본격 코스닥 투자 임박? | 김성주 국민연금공단 이사장 [더 피플]"
2026-07-13 06:04:12,76540,2538,212,"최대 큰손 국민연금, 본격 코스닥 투자 임박? | 김성주 국민연금공단 이사장 [더 피플]"
2026-07-13 07:00:24,76540,2538,212,"최대 큰손 국민연금, 본격 코스닥 투자 임박? | 김성주 국민연금공단 이사장 [더 피플]"
2026-07-13 07:53:13,76540,2538,212,"최대 큰손 국민연금, 본격 코스닥 투자 임박? | 김성주 국민연금공단 이사장 [더 피플]"
2026-07-13 08:38:05,76540,2538,212,"최대 큰손 국민연금, 본격 코스닥 투자 임박? | 김성주 국민연금공단 이사장 [더 피플]"
2026-07-13 10:11:26,76540,2538,212,"최대 큰손 국민연금, 본격 코스닥 투자 임박? | 김성주 국민연금공단 이사장 [더 피플]"
2026-07-13 13:43:51,76540,2538,212,"최대 큰손 국민연금, 본격 코스닥 투자 임박? | 김성주 국민연금공단 이사장 [더 피플]"
2026-07-13 16:53:39,76540,2538,212,"최대 큰손 국민연금, 본격 코스닥 투자 임박? | 김성주 국민연금공단 이사장 [더 피플]"
2026-07-13 19:45:10,76540,2538,212,"최대 큰손 국민연금, 본격 코스닥 투자 임박? | 김성주 국민연금공단 이사장 [더 피플]"
2026-07-13 22:04:56,76540,2538,212,"최대 큰손 국민연금, 본격 코스닥 투자 임박? | 김성주 국민연금공단 이사장 [더 피플]"
2026-07-14 00:47:32,76540,2538,212,"최대 큰손 국민연금, 본격 코스닥 투자 임박? | 김성주 국민연금공단 이사장 [더 피플]"
2026-07-14 02:43:25,76541,2538,212,"최대 큰손 국민연금, 본격 코스닥 투자 임박? | 김성주 국민연금공단 이사장 [더 피플]"
2026-07-14 04:03:51,76541,2538,212,"최대 큰손 국민연금, 본격 코스닥 투자 임박? | 김성주 국민연금공단 이사장 [더 피플]"
2026-07-14 05:20:51,76541,2538,212,"최대 큰손 국민연금, 본격 코스닥 투자 임박? | 김성주 국민연금공단 이사장 [더 피플]"
2026-07-14 06:15:39,76541,2538,212,"최대 큰손 국민연금, 본격 코스닥 투자 임박? | 김성주 국민연금공단 이사장 [더 피플]"
2026-07-14 07:10:49,76541,2538,212,"최대 큰손 국민연금, 본격 코스닥 투자 임박? | 김성주 국민연금공단 이사장 [더 피플]"
2026-07-14 08:10:24,76541,2538,212,"최대 큰손 국민연금, 본격 코스닥 투자 임박? | 김성주 국민연금공단 이사장 [더 피플]"
2026-07-14 09:04:21,76541,2538,212,"최대 큰손 국민연금, 본격 코스닥 투자 임박? | 김성주 국민연금공단 이사장 [더 피플]"
2026-07-14 12:22:13,76541,2538,212,"최대 큰손 국민연금, 본격 코스닥 투자 임박? | 김성주 국민연금공단 이사장 [더 피플]"
2026-07-14 14:42:28,76541,2538,212,"최대 큰손 국민연금, 본격 코스닥 투자 임박? | 김성주 국민연금공단 이사장 [더 피플]"
2026-07-14 16:27:26,76541,2538,211,"최대 큰손 국민연금, 본격 코스닥 투자 임박? | 김성주 국민연금공단 이사장 [더 피플]"
2026-07-14 18:23:01,76541,2538,211,"최대 큰손 국민연금, 본격 코스닥 투자 임박? | 김성주 국민연금공단 이사장 [더 피플]"
2026-07-14 19:59:01,76541,2538,211,"최대 큰손 국민연금, 본격 코스닥 투자 임박? | 김성주 국민연금공단 이사장 [더 피플]"
2026-07-14 21:11:10,76541,2538,211,"최대 큰손 국민연금, 본격 코스닥 투자 임박? | 김성주 국민연금공단 이사장 [더 피플]"
2026-07-14 23:09:48,76541,2538,211,"최대 큰손 국민연금, 본격 코스닥 투자 임박? | 김성주 국민연금공단 이사장 [더 피플]"
2026-07-15 00:41:39,76541,2538,211,"최대 큰손 국민연금, 본격 코스닥 투자 임박? | 김성주 국민연금공단 이사장 [더 피플]"
2026-07-15 01:49:24,76541,2538,211,"최대 큰손 국민연금, 본격 코스닥 투자 임박? | 김성주 국민연금공단 이사장 [더 피플]"
2026-07-15 02:50:55,76541,2538,211,"최대 큰손 국민연금, 본격 코스닥 투자 임박? | 김성주 국민연금공단 이사장 [더 피플]"
2026-07-15 03:52:35,76541,2538,211,"최대 큰손 국민연금, 본격 코스닥 투자 임박? | 김성주 국민연금공단 이사장 [더 피플]"
2026-07-15 05:00:43,76541,2538,211,"최대 큰손 국민연금, 본격 코스닥 투자 임박? | 김성주 국민연금공단 이사장 [더 피플]"
2026-07-15 06:03:04,76541,2538,211,"최대 큰손 국민연금, 본격 코스닥 투자 임박? | 김성주 국민연금공단 이사장 [더 피플]"
2026-07-15 07:06:04,76541,2538,211,"최대 큰손 국민연금, 본격 코스닥 투자 임박? | 김성주 국민연금공단 이사장 [더 피플]"
2026-07-15 08:06:53,76542,2538,211,"최대 큰손 국민연금, 본격 코스닥 투자 임박? | 김성주 국민연금공단 이사장 [더 피플]"
2026-07-15 09:01:27,76541,2538,211,"최대 큰손 국민연금, 본격 코스닥 투자 임박? | 김성주 국민연금공단 이사장 [더 피플]"
2026-07-15 11:54:37,76542,2538,211,"최대 큰손 국민연금, 본격 코스닥 투자 임박? | 김성주 국민연금공단 이사장 [더 피플]"
2026-07-15 14:19:25,76542,2538,211,"최대 큰손 국민연금, 본격 코스닥 투자 임박? | 김성주 국민연금공단 이사장 [더 피플]"
2026-07-15 16:24:47,76542,2538,211,"최대 큰손 국민연금, 본격 코스닥 투자 임박? | 김성주 국민연금공단 이사장 [더 피플]"
2026-07-15 18:25:09,76542,2538,211,"최대 큰손 국민연금, 본격 코스닥 투자 임박? | 김성주 국민연금공단 이사장 [더 피플]"
2026-07-15 20:05:41,76544,2538,211,"최대 큰손 국민연금, 본격 코스닥 투자 임박? | 김성주 국민연금공단 이사장 [더 피플]"
2026-07-15 21:22:07,76543,2538,211,"최대 큰손 국민연금, 본격 코스닥 투자 임박? | 김성주 국민연금공단 이사장 [더 피플]"
2026-07-15 23:15:08,76544,2538,211,"최대 큰손 국민연금, 본격 코스닥 투자 임박? | 김성주 국민연금공단 이사장 [더 피플]"
2026-07-16 00:50:57,76544,2538,211,"최대 큰손 국민연금, 본격 코스닥 투자 임박? | 김성주 국민연금공단 이사장 [더 피플]"
2026-07-16 01:58:20,76545,2538,211,"최대 큰손 국민연금, 본격 코스닥 투자 임박? | 김성주 국민연금공단 이사장 [더 피플]"
2026-07-16 03:04:19,76545,2538,211,"최대 큰손 국민연금, 본격 코스닥 투자 임박? | 김성주 국민연금공단 이사장 [더 피플]"
2026-07-16 04:25:17,76545,2538,211,"최대 큰손 국민연금, 본격 코스닥 투자 임박? | 김성주 국민연금공단 이사장 [더 피플]"
2026-07-16 05:29:31,76545,2538,211,"최대 큰손 국민연금, 본격 코스닥 투자 임박? | 김성주 국민연금공단 이사장 [더 피플]"
2026-07-16 06:29:31,76545,2538,211,"최대 큰손 국민연금, 본격 코스닥 투자 임박? | 김성주 국민연금공단 이사장 [더 피플]"
2026-07-16 07:29:34,76545,2538,211,"최대 큰손 국민연금, 본격 코스닥 투자 임박? | 김성주 국민연금공단 이사장 [더 피플]"
2026-07-16 08:28:39,76545,2538,211,"최대 큰손 국민연금, 본격 코스닥 투자 임박? | 김성주 국민연금공단 이사장 [더 피플]"
2026-07-16 09:55:13,76545,2538,211,"최대 큰손 국민연금, 본격 코스닥 투자 임박? | 김성주 국민연금공단 이사장 [더 피플]"
2026-07-16 10:15:03,76545,2538,211,"최대 큰손 국민연금, 본격 코스닥 투자 임박? | 김성주 국민연금공단 이사장 [더 피플]"
2026-07-16 10:40:16,76545,2538,211,"최대 큰손 국민연금, 본격 코스닥 투자 임박? | 김성주 국민연금공단 이사장 [더 피플]"
2026-07-16 10:47:43,76545,2538,211,"최대 큰손 국민연금, 본격 코스닥 투자 임박? | 김성주 국민연금공단 이사장 [더 피플]"
2026-07-16 12:43:41,76545,2538,211,"최대 큰손 국민연금, 본격 코스닥 투자 임박? | 김성주 국민연금공단 이사장 [더 피플]"
2026-07-16 12:54:22,76545,2538,211,"최대 큰손 국민연금, 본격 코스닥 투자 임박? | 김성주 국민연금공단 이사장 [더 피플]"
2026-07-16 14:40:14,76545,2538,211,"최대 큰손 국민연금, 본격 코스닥 투자 임박? | 김성주 국민연금공단 이사장 [더 피플]"
2026-07-16 15:07:29,76545,2538,211,"최대 큰손 국민연금, 본격 코스닥 투자 임박? | 김성주 국민연금공단 이사장 [더 피플]"
2026-07-16 17:29:14,76545,2538,211,"최대 큰손 국민연금, 본격 코스닥 투자 임박? | 김성주 국민연금공단 이사장 [더 피플]"
2026-07-16 19:26:10,76545,2538,211,"최대 큰손 국민연금, 본격 코스닥 투자 임박? | 김성주 국민연금공단 이사장 [더 피플]"
2026-07-16 20:57:17,76545,2538,211,"최대 큰손 국민연금, 본격 코스닥 투자 임박? | 김성주 국민연금공단 이사장 [더 피플]"
2026-07-16 22:38:31,76545,2538,211,"최대 큰손 국민연금, 본격 코스닥 투자 임박? | 김성주 국민연금공단 이사장 [더 피플]"
2026-07-17 00:19:08,76545,2538,211,"최대 큰손 국민연금, 본격 코스닥 투자 임박? | 김성주 국민연금공단 이사장 [더 피플]"
2026-07-17 01:44:00,76546,2538,211,"최대 큰손 국민연금, 본격 코스닥 투자 임박? | 김성주 국민연금공단 이사장 [더 피플]"
2026-07-17 02:51:20,76546,2538,211,"최대 큰손 국민연금, 본격 코스닥 투자 임박? | 김성주 국민연금공단 이사장 [더 피플]"
2026-07-17 03:49:31,76546,2538,211,"최대 큰손 국민연금, 본격 코스닥 투자 임박? | 김성주 국민연금공단 이사장 [더 피플]"
2026-07-17 04:49:02,76546,2538,211,"최대 큰손 국민연금, 본격 코스닥 투자 임박? | 김성주 국민연금공단 이사장 [더 피플]"
2026-07-17 05:36:29,76546,2538,211,"최대 큰손 국민연금, 본격 코스닥 투자 임박? | 김성주 국민연금공단 이사장 [더 피플]"
2026-07-17 06:40:06,76546,2538,211,"최대 큰손 국민연금, 본격 코스닥 투자 임박? | 김성주 국민연금공단 이사장 [더 피플]"
2026-07-17 07:35:05,76546,2538,211,"최대 큰손 국민연금, 본격 코스닥 투자 임박? | 김성주 국민연금공단 이사장 [더 피플]"
2026-07-17 08:30:25,76546,2538,211,"최대 큰손 국민연금, 본격 코스닥 투자 임박? | 김성주 국민연금공단 이사장 [더 피플]"
2026-07-17 10:02:02,76547,2538,211,"최대 큰손 국민연금, 본격 코스닥 투자 임박? | 김성주 국민연금공단 이사장 [더 피플]"
2026-07-17 13:13:45,76547,2538,211,"최대 큰손 국민연금, 본격 코스닥 투자 임박? | 김성주 국민연금공단 이사장 [더 피플]"
2026-07-17 15:26:51,76547,2538,211,"최대 큰손 국민연금, 본격 코스닥 투자 임박? | 김성주 국민연금공단 이사장 [더 피플]"
2026-07-17 17:32:37,76547,2538,211,"최대 큰손 국민연금, 본격 코스닥 투자 임박? | 김성주 국민연금공단 이사장 [더 피플]"
2026-07-17 19:20:10,76547,2538,211,"최대 큰손 국민연금, 본격 코스닥 투자 임박? | 김성주 국민연금공단 이사장 [더 피플]"
2026-07-17 20:43:59,76548,2538,211,"최대 큰손 국민연금, 본격 코스닥 투자 임박? | 김성주 국민연금공단 이사장 [더 피플]"
2026-07-17 21:47:17,76548,2538,211,"최대 큰손 국민연금, 본격 코스닥 투자 임박? | 김성주 국민연금공단 이사장 [더 피플]"
2026-07-17 23:18:13,76548,2538,211,"최대 큰손 국민연금, 본격 코스닥 투자 임박? | 김성주 국민연금공단 이사장 [더 피플]"
2026-07-18 00:45:24,76548,2538,211,"최대 큰손 국민연금, 본격 코스닥 투자 임박? | 김성주 국민연금공단 이사장 [더 피플]"
2026-07-18 01:47:53,76548,2538,211,"최대 큰손 국민연금, 본격 코스닥 투자 임박? | 김성주 국민연금공단 이사장 [더 피플]"
2026-07-18 02:48:02,76548,2538,211,"최대 큰손 국민연금, 본격 코스닥 투자 임박? | 김성주 국민연금공단 이사장 [더 피플]"
2026-07-18 03:42:13,76548,2538,211,"최대 큰손 국민연금, 본격 코스닥 투자 임박? | 김성주 국민연금공단 이사장 [더 피플]"
2026-07-18 04:45:59,76548,2538,211,"최대 큰손 국민연금, 본격 코스닥 투자 임박? | 김성주 국민연금공단 이사장 [더 피플]"
2026-07-18 05:35:02,76548,2538,211,"최대 큰손 국민연금, 본격 코스닥 투자 임박? | 김성주 국민연금공단 이사장 [더 피플]"
2026-07-18 06:25:23,76548,2538,211,"최대 큰손 국민연금, 본격 코스닥 투자 임박? | 김성주 국민연금공단 이사장 [더 피플]"
2026-07-18 07:10:52,76548,2538,211,"최대 큰손 국민연금, 본격 코스닥 투자 임박? | 김성주 국민연금공단 이사장 [더 피플]"
2026-07-18 08:05:24,76548,2538,211,"최대 큰손 국민연금, 본격 코스닥 투자 임박? | 김성주 국민연금공단 이사장 [더 피플]"
2026-07-18 09:01:09,76548,2538,211,"최대 큰손 국민연금, 본격 코스닥 투자 임박? | 김성주 국민연금공단 이사장 [더 피플]"
2026-07-18 11:52:03,76548,2538,211,"최대 큰손 국민연금, 본격 코스닥 투자 임박? | 김성주 국민연금공단 이사장 [더 피플]"
2026-07-18 14:12:55,76548,2538,211,"최대 큰손 국민연금, 본격 코스닥 투자 임박? | 김성주 국민연금공단 이사장 [더 피플]"
2026-07-18 16:07:19,76548,2538,211,"최대 큰손 국민연금, 본격 코스닥 투자 임박? | 김성주 국민연금공단 이사장 [더 피플]"
2026-07-18 17:56:14,76548,2538,211,"최대 큰손 국민연금, 본격 코스닥 투자 임박? | 김성주 국민연금공단 이사장 [더 피플]"
2026-07-18 19:11:13,76548,2538,211,"최대 큰손 국민연금, 본격 코스닥 투자 임박? | 김성주 국민연금공단 이사장 [더 피플]"
2026-07-18 20:17:19,76548,2538,211,"최대 큰손 국민연금, 본격 코스닥 투자 임박? | 김성주 국민연금공단 이사장 [더 피플]"
2026-07-18 21:06:36,76548,2538,211,"최대 큰손 국민연금, 본격 코스닥 투자 임박? | 김성주 국민연금공단 이사장 [더 피플]"
2026-07-18 22:42:35,76548,2538,211,"최대 큰손 국민연금, 본격 코스닥 투자 임박? | 김성주 국민연금공단 이사장 [더 피플]"
2026-07-18 23:38:10,76548,2538,211,"최대 큰손 국민연금, 본격 코스닥 투자 임박? | 김성주 국민연금공단 이사장 [더 피플]"
2026-07-19 00:33:32,76548,2538,211,"최대 큰손 국민연금, 본격 코스닥 투자 임박? | 김성주 국민연금공단 이사장 [더 피플]"
2026-07-19 01:29:38,76548,2538,211,"최대 큰손 국민연금, 본격 코스닥 투자 임박? | 김성주 국민연금공단 이사장 [더 피플]"
2026-07-19 02:30:22,76548,2538,211,"최대 큰손 국민연금, 본격 코스닥 투자 임박? | 김성주 국민연금공단 이사장 [더 피플]"
2026-07-19 03:27:55,76548,2538,211,"최대 큰손 국민연금, 본격 코스닥 투자 임박? | 김성주 국민연금공단 이사장 [더 피플]"
2026-07-19 04:40:18,76548,2538,211,"최대 큰손 국민연금, 본격 코스닥 투자 임박? | 김성주 국민연금공단 이사장 [더 피플]"
2026-07-19 05:26:20,76548,2538,211,"최대 큰손 국민연금, 본격 코스닥 투자 임박? | 김성주 국민연금공단 이사장 [더 피플]"
2026-07-19 06:10:35,76548,2538,211,"최대 큰손 국민연금, 본격 코스닥 투자 임박? | 김성주 국민연금공단 이사장 [더 피플]"
2026-07-19 07:04:32,76548,2538,211,"최대 큰손 국민연금, 본격 코스닥 투자 임박? | 김성주 국민연금공단 이사장 [더 피플]"
2026-07-19 08:00:09,76548,2538,211,"최대 큰손 국민연금, 본격 코스닥 투자 임박? | 김성주 국민연금공단 이사장 [더 피플]"
2026-07-19 08:55:30,76548,2538,211,"최대 큰손 국민연금, 본격 코스닥 투자 임박? | 김성주 국민연금공단 이사장 [더 피플]"
2026-07-19 10:42:20,76548,2538,211,"최대 큰손 국민연금, 본격 코스닥 투자 임박? | 김성주 국민연금공단 이사장 [더 피플]"
2026-07-19 13:54:11,76548,2538,211,"최대 큰손 국민연금, 본격 코스닥 투자 임박? | 김성주 국민연금공단 이사장 [더 피플]"
2026-07-19 16:18:18,76548,2538,211,"최대 큰손 국민연금, 본격 코스닥 투자 임박? | 김성주 국민연금공단 이사장 [더 피플]"
2026-07-19 18:19:10,76548,2538,211,"최대 큰손 국민연금, 본격 코스닥 투자 임박? | 김성주 국민연금공단 이사장 [더 피플]"
2026-07-19 19:46:06,76548,2538,211,"최대 큰손 국민연금, 본격 코스닥 투자 임박? | 김성주 국민연금공단 이사장 [더 피플]"
2026-07-19 20:43:11,76548,2538,211,"최대 큰손 국민연금, 본격 코스닥 투자 임박? | 김성주 국민연금공단 이사장 [더 피플]"
2026-07-19 21:35:42,76548,2538,211,"최대 큰손 국민연금, 본격 코스닥 투자 임박? | 김성주 국민연금공단 이사장 [더 피플]"
2026-07-19 23:07:14,76548,2538,211,"최대 큰손 국민연금, 본격 코스닥 투자 임박? | 김성주 국민연금공단 이사장 [더 피플]"
2026-07-20 00:09:16,76548,2538,211,"최대 큰손 국민연금, 본격 코스닥 투자 임박? | 김성주 국민연금공단 이사장 [더 피플]"
2026-07-20 01:07:02,76548,2538,211,"최대 큰손 국민연금, 본격 코스닥 투자 임박? | 김성주 국민연금공단 이사장 [더 피플]"
2026-07-20 02:11:03,76549,2538,211,"최대 큰손 국민연금, 본격 코스닥 투자 임박? | 김성주 국민연금공단 이사장 [더 피플]"
2026-07-20 03:06:02,76548,2538,211,"최대 큰손 국민연금, 본격 코스닥 투자 임박? | 김성주 국민연금공단 이사장 [더 피플]"
2026-07-20 04:20:53,76548,2538,211,"최대 큰손 국민연금, 본격 코스닥 투자 임박? | 김성주 국민연금공단 이사장 [더 피플]"
2026-07-20 05:12:38,76549,2538,211,"최대 큰손 국민연금, 본격 코스닥 투자 임박? | 김성주 국민연금공단 이사장 [더 피플]"
2026-07-20 06:06:00,76549,2538,211,"최대 큰손 국민연금, 본격 코스닥 투자 임박? | 김성주 국민연금공단 이사장 [더 피플]"
2026-07-20 07:03:08,76549,2538,211,"최대 큰손 국민연금, 본격 코스닥 투자 임박? | 김성주 국민연금공단 이사장 [더 피플]"
2026-07-20 08:01:57,76549,2538,211,"최대 큰손 국민연금, 본격 코스닥 투자 임박? | 김성주 국민연금공단 이사장 [더 피플]"
2026-07-20 09:00:41,76550,2538,211,"최대 큰손 국민연금, 본격 코스닥 투자 임박? | 김성주 국민연금공단 이사장 [더 피플]"
2026-07-20 12:31:25,76550,2538,211,"최대 큰손 국민연금, 본격 코스닥 투자 임박? | 김성주 국민연금공단 이사장 [더 피플]"
2026-07-20 15:33:15,76550,2538,211,"최대 큰손 국민연금, 본격 코스닥 투자 임박? | 김성주 국민연금공단 이사장 [더 피플]"
2026-07-20 18:42:49,76550,2538,211,"최대 큰손 국민연금, 본격 코스닥 투자 임박? | 김성주 국민연금공단 이사장 [더 피플]"
2026-07-20 21:02:57,76551,2538,211,"최대 큰손 국민연금, 본격 코스닥 투자 임박? | 김성주 국민연금공단 이사장 [더 피플]"
2026-07-20 23:26:12,76551,2538,211,"최대 큰손 국민연금, 본격 코스닥 투자 임박? | 김성주 국민연금공단 이사장 [더 피플]"
2026-07-21 01:06:43,76551,2538,211,"최대 큰손 국민연금, 본격 코스닥 투자 임박? | 김성주 국민연금공단 이사장 [더 피플]"
2026-07-21 03:12:42,76551,2538,211,"최대 큰손 국민연금, 본격 코스닥 투자 임박? | 김성주 국민연금공단 이사장 [더 피플]"
2026-07-21 04:55:08,76551,2538,211,"최대 큰손 국민연금, 본격 코스닥 투자 임박? | 김성주 국민연금공단 이사장 [더 피플]"
2026-07-21 05:58:53,76551,2538,211,"최대 큰손 국민연금, 본격 코스닥 투자 임박? | 김성주 국민연금공단 이사장 [더 피플]"
2026-07-21 06:58:31,76551,2538,211,"최대 큰손 국민연금, 본격 코스닥 투자 임박? | 김성주 국민연금공단 이사장 [더 피플]"
2026-07-21 07:58:06,76551,2538,211,"최대 큰손 국민연금, 본격 코스닥 투자 임박? | 김성주 국민연금공단 이사장 [더 피플]"
2026-07-21 08:54:26,76551,2538,211,"최대 큰손 국민연금, 본격 코스닥 투자 임박? | 김성주 국민연금공단 이사장 [더 피플]"
2026-07-21 10:15:50,76551,2538,211,"최대 큰손 국민연금, 본격 코스닥 투자 임박? | 김성주 국민연금공단 이사장 [더 피플]"
2026-07-21 13:32:55,76551,2538,211,"최대 큰손 국민연금, 본격 코스닥 투자 임박? | 김성주 국민연금공단 이사장 [더 피플]"
2026-07-21 16:13:27,76551,2538,211,"최대 큰손 국민연금, 본격 코스닥 투자 임박? | 김성주 국민연금공단 이사장 [더 피플]"
2026-07-21 18:38:53,76551,2538,211,"최대 큰손 국민연금, 본격 코스닥 투자 임박? | 김성주 국민연금공단 이사장 [더 피플]"
2026-07-21 20:26:43,76551,2538,211,"최대 큰손 국민연금, 본격 코스닥 투자 임박? | 김성주 국민연금공단 이사장 [더 피플]"
2026-07-21 21:50:18,76551,2538,211,"최대 큰손 국민연금, 본격 코스닥 투자 임박? | 김성주 국민연금공단 이사장 [더 피플]"
2026-07-21 23:50:33,76551,2538,211,"최대 큰손 국민연금, 본격 코스닥 투자 임박? | 김성주 국민연금공단 이사장 [더 피플]"
2026-07-22 01:08:11,76551,2538,211,"최대 큰손 국민연금, 본격 코스닥 투자 임박? | 김성주 국민연금공단 이사장 [더 피플]"
2026-07-22 02:40:41,76551,2538,211,"최대 큰손 국민연금, 본격 코스닥 투자 임박? | 김성주 국민연금공단 이사장 [더 피플]"
2026-07-22 03:52:46,76551,2538,211,"최대 큰손 국민연금, 본격 코스닥 투자 임박? | 김성주 국민연금공단 이사장 [더 피플]"
2026-07-22 05:08:31,76551,2538,211,"최대 큰손 국민연금, 본격 코스닥 투자 임박? | 김성주 국민연금공단 이사장 [더 피플]"
2026-07-22 06:22:49,76551,2538,211,"최대 큰손 국민연금, 본격 코스닥 투자 임박? | 김성주 국민연금공단 이사장 [더 피플]"
2026-07-22 07:15:21,76551,2538,211,"최대 큰손 국민연금, 본격 코스닥 투자 임박? | 김성주 국민연금공단 이사장 [더 피플]"
2026-07-22 08:12:27,76551,2538,211,"최대 큰손 국민연금, 본격 코스닥 투자 임박? | 김성주 국민연금공단 이사장 [더 피플]"
2026-07-22 09:04:47,76551,2538,211,"최대 큰손 국민연금, 본격 코스닥 투자 임박? | 김성주 국민연금공단 이사장 [더 피플]"
2026-07-22 12:35:19,76551,2538,211,"최대 큰손 국민연금, 본격 코스닥 투자 임박? | 김성주 국민연금공단 이사장 [더 피플]"
2026-07-22 15:12:12,76551,2538,211,"최대 큰손 국민연금, 본격 코스닥 투자 임박? | 김성주 국민연금공단 이사장 [더 피플]"
2026-07-22 17:42:21,76551,2538,211,"최대 큰손 국민연금, 본격 코스닥 투자 임박? | 김성주 국민연금공단 이사장 [더 피플]"
2026-07-22 19:50:07,76551,2538,211,"최대 큰손 국민연금, 본격 코스닥 투자 임박? | 김성주 국민연금공단 이사장 [더 피플]"
2026-07-22 21:16:29,76551,2538,211,"최대 큰손 국민연금, 본격 코스닥 투자 임박? | 김성주 국민연금공단 이사장 [더 피플]"
2026-07-22 23:23:45,76551,2538,211,"최대 큰손 국민연금, 본격 코스닥 투자 임박? | 김성주 국민연금공단 이사장 [더 피플]"
2026-07-23 00:54:50,76551,2538,211,"최대 큰손 국민연금, 본격 코스닥 투자 임박? | 김성주 국민연금공단 이사장 [더 피플]"
2026-07-23 02:04:36,76551,2538,211,"최대 큰손 국민연금, 본격 코스닥 투자 임박? | 김성주 국민연금공단 이사장 [더 피플]"
2026-07-23 03:17:12,76551,2538,211,"최대 큰손 국민연금, 본격 코스닥 투자 임박? | 김성주 국민연금공단 이사장 [더 피플]"
2026-07-23 04:46:27,76551,2538,211,"최대 큰손 국민연금, 본격 코스닥 투자 임박? | 김성주 국민연금공단 이사장 [더 피플]"
2026-07-23 05:46:25,76551,2538,211,"최대 큰손 국민연금, 본격 코스닥 투자 임박? | 김성주 국민연금공단 이사장 [더 피플]"
2026-07-23 06:54:28,76551,2538,211,"최대 큰손 국민연금, 본격 코스닥 투자 임박? | 김성주 국민연금공단 이사장 [더 피플]"
2026-07-23 07:42:03,76551,2538,211,"최대 큰손 국민연금, 본격 코스닥 투자 임박? | 김성주 국민연금공단 이사장 [더 피플]"
2026-07-23 08:38:53,76551,2538,211,"최대 큰손 국민연금, 본격 코스닥 투자 임박? | 김성주 국민연금공단 이사장 [더 피플]"
2026-07-23 10:07:59,76551,2538,211,"최대 큰손 국민연금, 본격 코스닥 투자 임박? | 김성주 국민연금공단 이사장 [더 피플]"
2026-07-23 13:27:37,76551,2538,211,"최대 큰손 국민연금, 본격 코스닥 투자 임박? | 김성주 국민연금공단 이사장 [더 피플]"
2026-07-23 16:03:36,76551,2538,211,"최대 큰손 국민연금, 본격 코스닥 투자 임박? | 김성주 국민연금공단 이사장 [더 피플]"
2026-07-23 18:29:58,76552,2538,211,"최대 큰손 국민연금, 본격 코스닥 투자 임박? | 김성주 국민연금공단 이사장 [더 피플]"
2026-07-23 20:24:32,76552,2538,211,"최대 큰손 국민연금, 본격 코스닥 투자 임박? | 김성주 국민연금공단 이사장 [더 피플]"
2026-07-23 21:52:49,76552,2538,211,"최대 큰손 국민연금, 본격 코스닥 투자 임박? | 김성주 국민연금공단 이사장 [더 피플]"
2026-07-23 23:55:37,76552,2538,211,"최대 큰손 국민연금, 본격 코스닥 투자 임박? | 김성주 국민연금공단 이사장 [더 피플]"
2026-07-24 01:19:15,76553,2538,211,"최대 큰손 국민연금, 본격 코스닥 투자 임박? | 김성주 국민연금공단 이사장 [더 피플]"
2026-07-24 02:49:49,76553,2538,211,"최대 큰손 국민연금, 본격 코스닥 투자 임박? | 김성주 국민연금공단 이사장 [더 피플]"
2026-07-24 03:52:05,76553,2538,211,"최대 큰손 국민연금, 본격 코스닥 투자 임박? | 김성주 국민연금공단 이사장 [더 피플]"
2026-07-24 05:03:27,76553,2538,211,"최대 큰손 국민연금, 본격 코스닥 투자 임박? | 김성주 국민연금공단 이사장 [더 피플]"
2026-07-24 06:15:26,76553,2538,211,"최대 큰손 국민연금, 본격 코스닥 투자 임박? | 김성주 국민연금공단 이사장 [더 피플]"
2026-07-24 07:14:53,76553,2538,211,"최대 큰손 국민연금, 본격 코스닥 투자 임박? | 김성주 국민연금공단 이사장 [더 피플]"
2026-07-24 08:11:25,76553,2538,211,"최대 큰손 국민연금, 본격 코스닥 투자 임박? | 김성주 국민연금공단 이사장 [더 피플]"
2026-07-24 09:09:07,76553,2538,211,"최대 큰손 국민연금, 본격 코스닥 투자 임박? | 김성주 국민연금공단 이사장 [더 피플]"
2026-07-24 12:37:52,76553,2538,211,"최대 큰손 국민연금, 본격 코스닥 투자 임박? | 김성주 국민연금공단 이사장 [더 피플]"
2026-07-24 15:11:42,76553,2538,211,"최대 큰손 국민연금, 본격 코스닥 투자 임박? | 김성주 국민연금공단 이사장 [더 피플]"
2026-07-24 17:40:25,76553,2538,211,"최대 큰손 국민연금, 본격 코스닥 투자 임박? | 김성주 국민연금공단 이사장 [더 피플]"
2026-07-24 19:36:46,76553,2538,211,"최대 큰손 국민연금, 본격 코스닥 투자 임박? | 김성주 국민연금공단 이사장 [더 피플]"
2026-07-24 21:04:50,76553,2538,211,"최대 큰손 국민연금, 본격 코스닥 투자 임박? | 김성주 국민연금공단 이사장 [더 피플]"
2026-07-24 23:04:23,76553,2538,211,"최대 큰손 국민연금, 본격 코스닥 투자 임박? | 김성주 국민연금공단 이사장 [더 피플]"
2026-07-25 00:37:07,76553,2538,211,"최대 큰손 국민연금, 본격 코스닥 투자 임박? | 김성주 국민연금공단 이사장 [더 피플]"
2026-07-25 02:09:12,76553,2538,211,"최대 큰손 국민연금, 본격 코스닥 투자 임박? | 김성주 국민연금공단 이사장 [더 피플]"
2026-07-25 03:42:56,76554,2538,211,"최대 큰손 국민연금, 본격 코스닥 투자 임박? | 김성주 국민연금공단 이사장 [더 피플]"
2026-07-25 05:01:18,76554,2538,211,"최대 큰손 국민연금, 본격 코스닥 투자 임박? | 김성주 국민연금공단 이사장 [더 피플]"
2026-07-25 06:09:24,76554,2538,211,"최대 큰손 국민연금, 본격 코스닥 투자 임박? | 김성주 국민연금공단 이사장 [더 피플]"
2026-07-25 07:15:22,76554,2538,211,"최대 큰손 국민연금, 본격 코스닥 투자 임박? | 김성주 국민연금공단 이사장 [더 피플]"
2026-07-25 08:16:36,76554,2538,211,"최대 큰손 국민연금, 본격 코스닥 투자 임박? | 김성주 국민연금공단 이사장 [더 피플]"
2026-07-25 09:15:52,76554,2538,211,"최대 큰손 국민연금, 본격 코스닥 투자 임박? | 김성주 국민연금공단 이사장 [더 피플]"
2026-07-25 12:39:07,76554,2538,211,"최대 큰손 국민연금, 본격 코스닥 투자 임박? | 김성주 국민연금공단 이사장 [더 피플]"
2026-07-25 15:03:49,76554,2538,211,"최대 큰손 국민연금, 본격 코스닥 투자 임박? | 김성주 국민연금공단 이사장 [더 피플]"
2026-07-25 17:19:23,76554,2538,211,"최대 큰손 국민연금, 본격 코스닥 투자 임박? | 김성주 국민연금공단 이사장 [더 피플]"
2026-07-25 19:01:59,76554,2538,211,"최대 큰손 국민연금, 본격 코스닥 투자 임박? | 김성주 국민연금공단 이사장 [더 피플]"
2026-07-25 20:17:47,76554,2538,211,"최대 큰손 국민연금, 본격 코스닥 투자 임박? | 김성주 국민연금공단 이사장 [더 피플]"
2026-07-25 21:10:46,76554,2538,211,"최대 큰손 국민연금, 본격 코스닥 투자 임박? | 김성주 국민연금공단 이사장 [더 피플]"
2026-07-25 22:59:04,76554,2538,211,"최대 큰손 국민연금, 본격 코스닥 투자 임박? | 김성주 국민연금공단 이사장 [더 피플]"
2026-07-26 00:01:38,76554,2538,211,"최대 큰손 국민연금, 본격 코스닥 투자 임박? | 김성주 국민연금공단 이사장 [더 피플]"
2026-07-26 01:08:28,76554,2538,211,"최대 큰손 국민연금, 본격 코스닥 투자 임박? | 김성주 국민연금공단 이사장 [더 피플]"
2026-07-26 02:11:46,76554,2538,211,"최대 큰손 국민연금, 본격 코스닥 투자 임박? | 김성주 국민연금공단 이사장 [더 피플]"
2026-07-26 03:05:51,76554,2538,211,"최대 큰손 국민연금, 본격 코스닥 투자 임박? | 김성주 국민연금공단 이사장 [더 피플]"
2026-07-26 04:22:18,76554,2538,211,"최대 큰손 국민연금, 본격 코스닥 투자 임박? | 김성주 국민연금공단 이사장 [더 피플]"
2026-07-26 05:16:20,76554,2538,211,"최대 큰손 국민연금, 본격 코스닥 투자 임박? | 김성주 국민연금공단 이사장 [더 피플]"
2026-07-26 06:09:49,76554,2538,211,"최대 큰손 국민연금, 본격 코스닥 투자 임박? | 김성주 국민연금공단 이사장 [더 피플]"
2026-07-26 07:06:49,76554,2538,211,"최대 큰손 국민연금, 본격 코스닥 투자 임박? | 김성주 국민연금공단 이사장 [더 피플]"
2026-07-26 08:06:31,76554,2538,211,"최대 큰손 국민연금, 본격 코스닥 투자 임박? | 김성주 국민연금공단 이사장 [더 피플]"
2026-07-26 09:08:50,76554,2538,211,"최대 큰손 국민연금, 본격 코스닥 투자 임박? | 김성주 국민연금공단 이사장 [더 피플]"
2026-07-26 12:50:22,76554,2538,211,"최대 큰손 국민연금, 본격 코스닥 투자 임박? | 김성주 국민연금공단 이사장 [더 피플]"
2026-07-26 15:25:05,76554,2538,211,"최대 큰손 국민연금, 본격 코스닥 투자 임박? | 김성주 국민연금공단 이사장 [더 피플]"
2026-07-26 17:42:21,76554,2538,211,"최대 큰손 국민연금, 본격 코스닥 투자 임박? | 김성주 국민연금공단 이사장 [더 피플]"
2026-07-26 19:21:56,76554,2538,211,"최대 큰손 국민연금, 본격 코스닥 투자 임박? | 김성주 국민연금공단 이사장 [더 피플]"
2026-07-26 20:39:55,76554,2538,211,"최대 큰손 국민연금, 본격 코스닥 투자 임박? | 김성주 국민연금공단 이사장 [더 피플]"
2026-07-26 21:42:43,76554,2538,211,"최대 큰손 국민연금, 본격 코스닥 투자 임박? | 김성주 국민연금공단 이사장 [더 피플]"
2026-07-26 23:13:36,76554,2538,211,"최대 큰손 국민연금, 본격 코스닥 투자 임박? | 김성주 국민연금공단 이사장 [더 피플]"
2026-07-27 00:20:28,76554,2538,211,"최대 큰손 국민연금, 본격 코스닥 투자 임박? | 김성주 국민연금공단 이사장 [더 피플]"
2026-07-27 01:16:51,76554,2538,211,"최대 큰손 국민연금, 본격 코스닥 투자 임박? | 김성주 국민연금공단 이사장 [더 피플]"
2026-07-27 02:17:28,76554,2538,211,"최대 큰손 국민연금, 본격 코스닥 투자 임박? | 김성주 국민연금공단 이사장 [더 피플]"
2026-07-27 03:13:32,76554,2538,211,"최대 큰손 국민연금, 본격 코스닥 투자 임박? | 김성주 국민연금공단 이사장 [더 피플]"
2026-07-27 04:34:13,76554,2538,211,"최대 큰손 국민연금, 본격 코스닥 투자 임박? | 김성주 국민연금공단 이사장 [더 피플]"
2026-07-27 05:31:51,76554,2538,211,"최대 큰손 국민연금, 본격 코스닥 투자 임박? | 김성주 국민연금공단 이사장 [더 피플]"
2026-07-27 06:28:54,76554,2538,211,"최대 큰손 국민연금, 본격 코스닥 투자 임박? | 김성주 국민연금공단 이사장 [더 피플]"
2026-07-27 07:29:32,76554,2538,211,"최대 큰손 국민연금, 본격 코스닥 투자 임박? | 김성주 국민연금공단 이사장 [더 피플]"
2026-07-27 08:29:07,76554,2538,211,"최대 큰손 국민연금, 본격 코스닥 투자 임박? | 김성주 국민연금공단 이사장 [더 피플]"
2026-07-27 10:07:55,76554,2538,211,"최대 큰손 국민연금, 본격 코스닥 투자 임박? | 김성주 국민연금공단 이사장 [더 피플]"
2026-07-27 13:48:52,76553,2538,211,"최대 큰손 국민연금, 본격 코스닥 투자 임박? | 김성주 국민연금공단 이사장 [더 피플]"
2026-07-27 17:16:03,76553,2538,211,"최대 큰손 국민연금, 본격 코스닥 투자 임박? | 김성주 국민연금공단 이사장 [더 피플]"
2026-07-27 20:41:10,76553,2538,211,"최대 큰손 국민연금, 본격 코스닥 투자 임박? | 김성주 국민연금공단 이사장 [더 피플]"
2026-07-27 22:56:25,76553,2538,211,"최대 큰손 국민연금, 본격 코스닥 투자 임박? | 김성주 국민연금공단 이사장 [더 피플]"
2026-07-28 01:09:19,76553,2538,211,"최대 큰손 국민연금, 본격 코스닥 투자 임박? | 김성주 국민연금공단 이사장 [더 피플]"
2026-07-28 02:52:53,76553,2538,211,"최대 큰손 국민연금, 본격 코스닥 투자 임박? | 김성주 국민연금공단 이사장 [더 피플]"
2026-07-28 04:03:34,76553,2538,211,"최대 큰손 국민연금, 본격 코스닥 투자 임박? | 김성주 국민연금공단 이사장 [더 피플]"
2026-07-28 05:38:31,76553,2538,211,"최대 큰손 국민연금, 본격 코스닥 투자 임박? | 김성주 국민연금공단 이사장 [더 피플]"
2026-07-28 06:44:50,76553,2538,211,"최대 큰손 국민연금, 본격 코스닥 투자 임박? | 김성주 국민연금공단 이사장 [더 피플]"
2026-07-28 07:42:17,76553,2538,211,"최대 큰손 국민연금, 본격 코스닥 투자 임박? | 김성주 국민연금공단 이사장 [더 피플]"
2026-07-28 08:43:42,76553,2538,211,"최대 큰손 국민연금, 본격 코스닥 투자 임박? | 김성주 국민연금공단 이사장 [더 피플]"
2026-07-28 10:02:37,76554,2538,211,"최대 큰손 국민연금, 본격 코스닥 투자 임박? | 김성주 국민연금공단 이사장 [더 피플]"
2026-07-28 13:16:48,76554,2538,211,"최대 큰손 국민연금, 본격 코스닥 투자 임박? | 김성주 국민연금공단 이사장 [더 피플]"
2026-07-28 15:41:39,76554,2538,211,"최대 큰손 국민연금, 본격 코스닥 투자 임박? | 김성주 국민연금공단 이사장 [더 피플]"
2026-07-28 18:22:04,76554,2538,211,"최대 큰손 국민연금, 본격 코스닥 투자 임박? | 김성주 국민연금공단 이사장 [더 피플]"
2026-07-28 20:30:57,76554,2538,211,"최대 큰손 국민연금, 본격 코스닥 투자 임박? | 김성주 국민연금공단 이사장 [더 피플]"
2026-07-28 22:10:59,76554,2538,211,"최대 큰손 국민연금, 본격 코스닥 투자 임박? | 김성주 국민연금공단 이사장 [더 피플]"
2026-07-29 00:31:43,76554,2538,211,"최대 큰손 국민연금, 본격 코스닥 투자 임박? | 김성주 국민연금공단 이사장 [더 피플]"
2026-07-29 02:00:42,76554,2538,211,"최대 큰손 국민연금, 본격 코스닥 투자 임박? | 김성주 국민연금공단 이사장 [더 피플]"
2026-07-29 03:16:53,76554,2538,211,"최대 큰손 국민연금, 본격 코스닥 투자 임박? | 김성주 국민연금공단 이사장 [더 피플]"
2026-07-29 04:54:13,76554,2538,211,"최대 큰손 국민연금, 본격 코스닥 투자 임박? | 김성주 국민연금공단 이사장 [더 피플]"
2026-07-29 05:53:59,76554,2538,211,"최대 큰손 국민연금, 본격 코스닥 투자 임박? | 김성주 국민연금공단 이사장 [더 피플]"
2026-07-29 06:51:46,76554,2538,211,"최대 큰손 국민연금, 본격 코스닥 투자 임박? | 김성주 국민연금공단 이사장 [더 피플]"
2026-07-29 07:44:54,76554,2538,211,"최대 큰손 국민연금, 본격 코스닥 투자 임박? | 김성주 국민연금공단 이사장 [더 피플]"
2026-07-29 08:41:19,76554,2538,211,"최대 큰손 국민연금, 본격 코스닥 투자 임박? | 김성주 국민연금공단 이사장 [더 피플]"
2026-07-29 10:06:47,76554,2538,211,"최대 큰손 국민연금, 본격 코스닥 투자 임박? | 김성주 국민연금공단 이사장 [더 피플]"
2026-07-29 13:24:11,76556,2538,211,"최대 큰손 국민연금, 본격 코스닥 투자 임박? | 김성주 국민연금공단 이사장 [더 피플]"
2026-07-29 16:10:00,76556,2538,211,"최대 큰손 국민연금, 본격 코스닥 투자 임박? | 김성주 국민연금공단 이사장 [더 피플]"
2026-07-29 18:47:02,76558,2538,211,"최대 큰손 국민연금, 본격 코스닥 투자 임박? | 김성주 국민연금공단 이사장 [더 피플]"
2026-07-29 20:49:28,76558,2538,211,"최대 큰손 국민연금, 본격 코스닥 투자 임박? | 김성주 국민연금공단 이사장 [더 피플]"
2026-07-29 22:26:17,76558,2538,211,"최대 큰손 국민연금, 본격 코스닥 투자 임박? | 김성주 국민연금공단 이사장 [더 피플]"
2026-07-30 00:25:34,76558,2538,211,"최대 큰손 국민연금, 본격 코스닥 투자 임박? | 김성주 국민연금공단 이사장 [더 피플]"
2026-07-30 01:44:54,76558,2538,211,"최대 큰손 국민연금, 본격 코스닥 투자 임박? | 김성주 국민연금공단 이사장 [더 피플]"
2026-07-30 02:55:45,76558,2538,211,"최대 큰손 국민연금, 본격 코스닥 투자 임박? | 김성주 국민연금공단 이사장 [더 피플]"
2026-07-30 03:55:56,76558,2538,211,"최대 큰손 국민연금, 본격 코스닥 투자 임박? | 김성주 국민연금공단 이사장 [더 피플]"
2026-07-30 05:07:45,76558,2538,211,"최대 큰손 국민연금, 본격 코스닥 투자 임박? | 김성주 국민연금공단 이사장 [더 피플]"
2026-07-30 06:09:04,76558,2538,211,"최대 큰손 국민연금, 본격 코스닥 투자 임박? | 김성주 국민연금공단 이사장 [더 피플]"
2026-07-30 07:09:09,76558,2538,211,"최대 큰손 국민연금, 본격 코스닥 투자 임박? | 김성주 국민연금공단 이사장 [더 피플]"
2026-07-30 08:10:48,76558,2538,211,"최대 큰손 국민연금, 본격 코스닥 투자 임박? | 김성주 국민연금공단 이사장 [더 피플]"
2026-07-30 09:08:19,76558,2538,211,"최대 큰손 국민연금, 본격 코스닥 투자 임박? | 김성주 국민연금공단 이사장 [더 피플]"
2026-07-30 12:20:49,76558,2538,211,"최대 큰손 국민연금, 본격 코스닥 투자 임박? | 김성주 국민연금공단 이사장 [더 피플]"
2026-07-30 15:01:45,76558,2538,211,"최대 큰손 국민연금, 본격 코스닥 투자 임박? | 김성주 국민연금공단 이사장 [더 피플]"
2026-07-30 17:39:37,76558,2538,211,"최대 큰손 국민연금, 본격 코스닥 투자 임박? | 김성주 국민연금공단 이사장 [더 피플]"
2026-07-30 19:49:02,76558,2538,211,"최대 큰손 국민연금, 본격 코스닥 투자 임박? | 김성주 국민연금공단 이사장 [더 피플]"
2026-07-30 21:16:31,76558,2538,211,"최대 큰손 국민연금, 본격 코스닥 투자 임박? | 김성주 국민연금공단 이사장 [더 피플]"
2026-07-30 23:33:29,76558,2538,211,"최대 큰손 국민연금, 본격 코스닥 투자 임박? | 김성주 국민연금공단 이사장 [더 피플]"
2026-07-31 01:08:39,76558,2538,211,"최대 큰손 국민연금, 본격 코스닥 투자 임박? | 김성주 국민연금공단 이사장 [더 피플]"
2026-07-31 02:44:08,76558,2538,211,"최대 큰손 국민연금, 본격 코스닥 투자 임박? | 김성주 국민연금공단 이사장 [더 피플]"
2026-07-31 04:00:24,76558,2538,211,"최대 큰손 국민연금, 본격 코스닥 투자 임박? | 김성주 국민연금공단 이사장 [더 피플]"
2026-07-31 05:16:11,76558,2538,211,"최대 큰손 국민연금, 본격 코스닥 투자 임박? | 김성주 국민연금공단 이사장 [더 피플]"
2026-07-31 06:33:13,76558,2538,211,"최대 큰손 국민연금, 본격 코스닥 투자 임박? | 김성주 국민연금공단 이사장 [더 피플]"
2026-07-31 07:39:28,76558,2538,211,"최대 큰손 국민연금, 본격 코스닥 투자 임박? | 김성주 국민연금공단 이사장 [더 피플]"
2026-07-31 08:38:08,76558,2538,211,"최대 큰손 국민연금, 본격 코스닥 투자 임박? | 김성주 국민연금공단 이사장 [더 피플]"
2026-07-31 10:09:36,76558,2538,211,"최대 큰손 국민연금, 본격 코스닥 투자 임박? | 김성주 국민연금공단 이사장 [더 피플]"
2026-07-31 13:35:02,76558,2538,211,"최대 큰손 국민연금, 본격 코스닥 투자 임박? | 김성주 국민연금공단 이사장 [더 피플]"
2026-07-31 16:26:16,76558,2538,211,"최대 큰손 국민연금, 본격 코스닥 투자 임박? | 김성주 국민연금공단 이사장 [더 피플]"
2026-07-31 19:03:28,76558,2538,211,"최대 큰손 국민연금, 본격 코스닥 투자 임박? | 김성주 국민연금공단 이사장 [더 피플]"
2026-07-31 21:07:26,76558,2538,211,"최대 큰손 국민연금, 본격 코스닥 투자 임박? | 김성주 국민연금공단 이사장 [더 피플]"
2026-07-31 23:29:42,76559,2538,211,"최대 큰손 국민연금, 본격 코스닥 투자 임박? | 김성주 국민연금공단 이사장 [더 피플]"
2026-08-01 01:16:26,76559,2538,211,"최대 큰손 국민연금, 본격 코스닥 투자 임박? | 김성주 국민연금공단 이사장 [더 피플]"
2026-08-01 02:53:46,76559,2538,211,"최대 큰손 국민연금, 본격 코스닥 투자 임박? | 김성주 국민연금공단 이사장 [더 피플]"
2026-08-01 03:59:25,76559,2538,211,"최대 큰손 국민연금, 본격 코스닥 투자 임박? | 김성주 국민연금공단 이사장 [더 피플]"
2026-08-01 05:20:28,76559,2538,211,"최대 큰손 국민연금, 본격 코스닥 투자 임박? | 김성주 국민연금공단 이사장 [더 피플]"
2026-08-01 06:31:36,76559,2538,211,"최대 큰손 국민연금, 본격 코스닥 투자 임박? | 김성주 국민연금공단 이사장 [더 피플]"
2026-08-01 07:33:41,76559,2538,211,"최대 큰손 국민연금, 본격 코스닥 투자 임박? | 김성주 국민연금공단 이사장 [더 피플]"
2026-08-01 08:34:05,76559,2538,211,"최대 큰손 국민연금, 본격 코스닥 투자 임박? | 김성주 국민연금공단 이사장 [더 피플]"
2026-08-01 10:07:17,76559,2538,211,"최대 큰손 국민연금, 본격 코스닥 투자 임박? | 김성주 국민연금공단 이사장 [더 피플]"
2026-08-01 13:29:47,76559,2538,211,"최대 큰손 국민연금, 본격 코스닥 투자 임박? | 김성주 국민연금공단 이사장 [더 피플]"
2026-08-01 16:02:21,76559,2538,211,"최대 큰손 국민연금, 본격 코스닥 투자 임박? | 김성주 국민연금공단 이사장 [더 피플]"
2026-08-01 18:11:32,76559,2538,211,"최대 큰손 국민연금, 본격 코스닥 투자 임박? | 김성주 국민연금공단 이사장 [더 피플]"
2026-08-01 19:46:56,76560,2538,211,"최대 큰손 국민연금, 본격 코스닥 투자 임박? | 김성주 국민연금공단 이사장 [더 피플]"
2026-08-01 20:48:01,76560,2538,211,"최대 큰손 국민연금, 본격 코스닥 투자 임박? | 김성주 국민연금공단 이사장 [더 피플]"
2026-08-01 21:41:42,76560,2538,211,"최대 큰손 국민연금, 본격 코스닥 투자 임박? | 김성주 국민연금공단 이사장 [더 피플]"
2026-08-01 23:11:42,76560,2538,211,"최대 큰손 국민연금, 본격 코스닥 투자 임박? | 김성주 국민연금공단 이사장 [더 피플]"
2026-08-02 00:14:44,76560,2538,211,"최대 큰손 국민연금, 본격 코스닥 투자 임박? | 김성주 국민연금공단 이사장 [더 피플]"
2026-08-02 01:12:58,76560,2538,211,"최대 큰손 국민연금, 본격 코스닥 투자 임박? | 김성주 국민연금공단 이사장 [더 피플]"
2026-08-02 02:13:05,76560,2538,211,"최대 큰손 국민연금, 본격 코스닥 투자 임박? | 김성주 국민연금공단 이사장 [더 피플]"
2026-08-02 03:10:05,76560,2538,211,"최대 큰손 국민연금, 본격 코스닥 투자 임박? | 김성주 국민연금공단 이사장 [더 피플]"
2026-08-02 04:30:12,76560,2538,211,"최대 큰손 국민연금, 본격 코스닥 투자 임박? | 김성주 국민연금공단 이사장 [더 피플]"
2026-08-02 05:26:24,76560,2538,211,"최대 큰손 국민연금, 본격 코스닥 투자 임박? | 김성주 국민연금공단 이사장 [더 피플]"
2026-08-02 06:21:55,76560,2538,211,"최대 큰손 국민연금, 본격 코스닥 투자 임박? | 김성주 국민연금공단 이사장 [더 피플]"
2026-08-02 07:14:06,76560,2538,211,"최대 큰손 국민연금, 본격 코스닥 투자 임박? | 김성주 국민연금공단 이사장 [더 피플]"
2026-08-02 08:10:28,76560,2538,211,"최대 큰손 국민연금, 본격 코스닥 투자 임박? | 김성주 국민연금공단 이사장 [더 피플]"
2026-08-02 09:08:46,76560,2538,211,"최대 큰손 국민연금, 본격 코스닥 투자 임박? | 김성주 국민연금공단 이사장 [더 피플]"
2026-08-02 12:47:33,76560,2538,211,"최대 큰손 국민연금, 본격 코스닥 투자 임박? | 김성주 국민연금공단 이사장 [더 피플]"
2026-08-02 15:21:38,76560,2538,211,"최대 큰손 국민연금, 본격 코스닥 투자 임박? | 김성주 국민연금공단 이사장 [더 피플]"
2026-08-02 17:40:05,76560,2538,211,"최대 큰손 국민연금, 본격 코스닥 투자 임박? | 김성주 국민연금공단 이사장 [더 피플]"
2026-08-02 19:18:24,76560,2538,211,"최대 큰손 국민연금, 본격 코스닥 투자 임박? | 김성주 국민연금공단 이사장 [더 피플]"
2026-08-02 20:36:07,76560,2538,211,"최대 큰손 국민연금, 본격 코스닥 투자 임박? | 김성주 국민연금공단 이사장 [더 피플]"
2026-08-02 21:39:08,76560,2538,211,"최대 큰손 국민연금, 본격 코스닥 투자 임박? | 김성주 국민연금공단 이사장 [더 피플]"
2026-08-02 23:11:51,76560,2538,211,"최대 큰손 국민연금, 본격 코스닥 투자 임박? | 김성주 국민연금공단 이사장 [더 피플]"
2026-08-03 00:17:28,76560,2538,211,"최대 큰손 국민연금, 본격 코스닥 투자 임박? | 김성주 국민연금공단 이사장 [더 피플]"
2026-08-03 01:14:44,76560,2538,211,"최대 큰손 국민연금, 본격 코스닥 투자 임박? | 김성주 국민연금공단 이사장 [더 피플]"
2026-08-03 02:15:36,76560,2538,211,"최대 큰손 국민연금, 본격 코스닥 투자 임박? | 김성주 국민연금공단 이사장 [더 피플]"
2026-08-03 03:11:39,76560,2538,211,"최대 큰손 국민연금, 본격 코스닥 투자 임박? | 김성주 국민연금공단 이사장 [더 피플]"
2026-08-03 04:31:52,76560,2538,211,"최대 큰손 국민연금, 본격 코스닥 투자 임박? | 김성주 국민연금공단 이사장 [더 피플]"
2026-08-03 05:29:32,76560,2538,211,"최대 큰손 국민연금, 본격 코스닥 투자 임박? | 김성주 국민연금공단 이사장 [더 피플]"
2026-08-03 06:24:49,76560,2538,211,"최대 큰손 국민연금, 본격 코스닥 투자 임박? | 김성주 국민연금공단 이사장 [더 피플]"
2026-08-03 07:15:22,76560,2538,211,"최대 큰손 국민연금, 본격 코스닥 투자 임박? | 김성주 국민연금공단 이사장 [더 피플]"
2026-08-03 08:12:19,76560,2538,211,"최대 큰손 국민연금, 본격 코스닥 투자 임박? | 김성주 국민연금공단 이사장 [더 피플]"
2026-08-03 09:10:59,76560,2538,211,"최대 큰손 국민연금, 본격 코스닥 투자 임박? | 김성주 국민연금공단 이사장 [더 피플]"
2026-08-03 12:50:57,76560,2538,211,"최대 큰손 국민연금, 본격 코스닥 투자 임박? | 김성주 국민연금공단 이사장 [더 피플]"
2026-08-03 15:48:31,76560,2538,211,"최대 큰손 국민연금, 본격 코스닥 투자 임박? | 김성주 국민연금공단 이사장 [더 피플]"
2026-08-03 19:27:54,76560,2537,211,"최대 큰손 국민연금, 본격 코스닥 투자 임박? | 김성주 국민연금공단 이사장 [더 피플]"
2026-08-03 22:23:49,76560,2537,211,"최대 큰손 국민연금, 본격 코스닥 투자 임박? | 김성주 국민연금공단 이사장 [더 피플]"
2026-08-04 00:58:41,76560,2537,211,"최대 큰손 국민연금, 본격 코스닥 투자 임박? | 김성주 국민연금공단 이사장 [더 피플]"
2026-08-04 02:48:54,76560,2537,211,"최대 큰손 국민연금, 본격 코스닥 투자 임박? | 김성주 국민연금공단 이사장 [더 피플]"
2026-08-04 04:11:02,76560,2537,211,"최대 큰손 국민연금, 본격 코스닥 투자 임박? | 김성주 국민연금공단 이사장 [더 피플]"
2026-08-04 05:38:11,76560,2537,211,"최대 큰손 국민연금, 본격 코스닥 투자 임박? | 김성주 국민연금공단 이사장 [더 피플]"
2026-08-04 06:45:34,76560,2537,211,"최대 큰손 국민연금, 본격 코스닥 투자 임박? | 김성주 국민연금공단 이사장 [더 피플]"
2026-08-04 07:41:39,76560,2537,211,"최대 큰손 국민연금, 본격 코스닥 투자 임박? | 김성주 국민연금공단 이사장 [더 피플]"
2026-08-04 08:46:29,76560,2537,211,"최대 큰손 국민연금, 본격 코스닥 투자 임박? | 김성주 국민연금공단 이사장 [더 피플]"
2026-08-04 10:07:46,76560,2537,211,"최대 큰손 국민연금, 본격 코스닥 투자 임박? | 김성주 국민연금공단 이사장 [더 피플]"
2026-08-04 13:24:51,76560,2537,211,"최대 큰손 국민연금, 본격 코스닥 투자 임박? | 김성주 국민연금공단 이사장 [더 피플]"
2026-08-04 16:05:55,76560,2537,211,"최대 큰손 국민연금, 본격 코스닥 투자 임박? | 김성주 국민연금공단 이사장 [더 피플]"
2026-08-04 18:45:08,76560,2537,211,"최대 큰손 국민연금, 본격 코스닥 투자 임박? | 김성주 국민연금공단 이사장 [더 피플]"
2026-08-04 20:49:04,76560,2537,211,"최대 큰손 국민연금, 본격 코스닥 투자 임박? | 김성주 국민연금공단 이사장 [더 피플]"
2026-08-04 22:25:55,76560,2537,211,"최대 큰손 국민연금, 본격 코스닥 투자 임박? | 김성주 국민연금공단 이사장 [더 피플]"
2026-08-05 00:42:51,76561,2537,211,"최대 큰손 국민연금, 본격 코스닥 투자 임박? | 김성주 국민연금공단 이사장 [더 피플]"
2026-08-05 02:19:17,76561,2537,211,"최대 큰손 국민연금, 본격 코스닥 투자 임박? | 김성주 국민연금공단 이사장 [더 피플]"
2026-08-05 03:56:58,76561,2537,211,"최대 큰손 국민연금, 본격 코스닥 투자 임박? | 김성주 국민연금공단 이사장 [더 피플]"
2026-08-05 05:19:57,76561,2537,211,"최대 큰손 국민연금, 본격 코스닥 투자 임박? | 김성주 국민연금공단 이사장 [더 피플]"
2026-08-05 06:40:22,76561,2537,211,"최대 큰손 국민연금, 본격 코스닥 투자 임박? | 김성주 국민연금공단 이사장 [더 피플]"
2026-08-05 07:41:42,76561,2537,211,"최대 큰손 국민연금, 본격 코스닥 투자 임박? | 김성주 국민연금공단 이사장 [더 피플]"
2026-08-05 08:40:42,76561,2537,211,"최대 큰손 국민연금, 본격 코스닥 투자 임박? | 김성주 국민연금공단 이사장 [더 피플]"
2026-08-05 10:02:08,76561,2537,211,"최대 큰손 국민연금, 본격 코스닥 투자 임박? | 김성주 국민연금공단 이사장 [더 피플]"
2026-08-05 13:17:02,76561,2537,211,"최대 큰손 국민연금, 본격 코스닥 투자 임박? | 김성주 국민연금공단 이사장 [더 피플]"
2026-08-05 15:43:23,76561,2537,211,"최대 큰손 국민연금, 본격 코스닥 투자 임박? | 김성주 국민연금공단 이사장 [더 피플]"
2026-08-05 18:23:56,76561,2537,211,"최대 큰손 국민연금, 본격 코스닥 투자 임박? | 김성주 국민연금공단 이사장 [더 피플]"
2026-08-05 20:33:33,76561,2537,211,"최대 큰손 국민연금, 본격 코스닥 투자 임박? | 김성주 국민연금공단 이사장 [더 피플]"
2026-08-05 22:14:25,76561,2537,211,"최대 큰손 국민연금, 본격 코스닥 투자 임박? | 김성주 국민연금공단 이사장 [더 피플]"
2026-08-06 00:27:17,76561,2537,211,"최대 큰손 국민연금, 본격 코스닥 투자 임박? | 김성주 국민연금공단 이사장 [더 피플]"
2026-08-06 01:58:51,76561,2537,211,"최대 큰손 국민연금, 본격 코스닥 투자 임박? | 김성주 국민연금공단 이사장 [더 피플]"
2026-08-06 03:20:20,76561,2537,211,"최대 큰손 국민연금, 본격 코스닥 투자 임박? | 김성주 국민연금공단 이사장 [더 피플]"
2026-08-06 04:58:46,76561,2537,211,"최대 큰손 국민연금, 본격 코스닥 투자 임박? | 김성주 국민연금공단 이사장 [더 피플]"
2026-08-06 06:05:04,76561,2537,211,"최대 큰손 국민연금, 본격 코스닥 투자 임박? | 김성주 국민연금공단 이사장 [더 피플]"
2026-08-06 07:16:57,76561,2537,211,"최대 큰손 국민연금, 본격 코스닥 투자 임박? | 김성주 국민연금공단 이사장 [더 피플]"
2026-08-06 08:18:19,76561,2537,211,"최대 큰손 국민연금, 본격 코스닥 투자 임박? | 김성주 국민연금공단 이사장 [더 피플]"
2026-08-06 09:12:04,76561,2537,211,"최대 큰손 국민연금, 본격 코스닥 투자 임박? | 김성주 국민연금공단 이사장 [더 피플]"
2026-08-06 12:33:54,76561,2537,211,"최대 큰손 국민연금, 본격 코스닥 투자 임박? | 김성주 국민연금공단 이사장 [더 피플]"
2026-08-06 15:12:07,76561,2537,211,"최대 큰손 국민연금, 본격 코스닥 투자 임박? | 김성주 국민연금공단 이사장 [더 피플]"
2026-08-06 17:51:38,76561,2537,211,"최대 큰손 국민연금, 본격 코스닥 투자 임박? | 김성주 국민연금공단 이사장 [더 피플]"
2026-08-06 20:09:02,76561,2537,211,"최대 큰손 국민연금, 본격 코스닥 투자 임박? | 김성주 국민연금공단 이사장 [더 피플]"
2026-08-06 22:01:57,76561,2537,211,"최대 큰손 국민연금, 본격 코스닥 투자 임박? | 김성주 국민연금공단 이사장 [더 피플]"
2026-08-07 00:20:20,76561,2537,211,"최대 큰손 국민연금, 본격 코스닥 투자 임박? | 김성주 국민연금공단 이사장 [더 피플]"
2026-08-07 09:26:32,76561,2537,211,"최대 큰손 국민연금, 본격 코스닥 투자 임박? | 김성주 국민연금공단 이사장 [더 피플]"
2026-08-07 12:24:24,76561,2537,211,"최대 큰손 국민연금, 본격 코스닥 투자 임박? | 김성주 국민연금공단 이사장 [더 피플]"
2026-08-07 14:08:52,76561,2537,211,"최대 큰손 국민연금, 본격 코스닥 투자 임박? | 김성주 국민연금공단 이사장 [더 피플]"
2026-08-07 15:15:10,76561,2537,211,"최대 큰손 국민연금, 본격 코스닥 투자 임박? | 김성주 국민연금공단 이사장 [더 피플]"
2026-08-07 16:41:33,76561,2537,211,"최대 큰손 국민연금, 본격 코스닥 투자 임박? | 김성주 국민연금공단 이사장 [더 피플]"
2026-08-07 17:38:10,76561,2537,211,"최대 큰손 국민연금, 본격 코스닥 투자 임박? | 김성주 국민연금공단 이사장 [더 피플]"
2026-08-07 18:36:44,76561,2537,211,"최대 큰손 국민연금, 본격 코스닥 투자 임박? | 김성주 국민연금공단 이사장 [더 피플]"
2026-08-07 19:29:20,76561,2537,211,"최대 큰손 국민연금, 본격 코스닥 투자 임박? | 김성주 국민연금공단 이사장 [더 피플]"
2026-08-07 20:21:33,76561,2537,211,"최대 큰손 국민연금, 본격 코스닥 투자 임박? | 김성주 국민연금공단 이사장 [더 피플]"
2026-08-07 21:01:35,76561,2537,211,"최대 큰손 국민연금, 본격 코스닥 투자 임박? | 김성주 국민연금공단 이사장 [더 피플]"
2026-08-07 22:17:32,76561,2537,211,"최대 큰손 국민연금, 본격 코스닥 투자 임박? | 김성주 국민연금공단 이사장 [더 피플]"
2026-08-07 23:19:45,76561,2537,211,"최대 큰손 국민연금, 본격 코스닥 투자 임박? | 김성주 국민연금공단 이사장 [더 피플]"
2026-08-08 00:12:11,76561,2537,211,"최대 큰손 국민연금, 본격 코스닥 투자 임박? | 김성주 국민연금공단 이사장 [더 피플]"
2026-08-08 01:07:25,76561,2537,211,"최대 큰손 국민연금, 본격 코스닥 투자 임박? | 김성주 국민연금공단 이사장 [더 피플]"
2026-08-08 02:03:20,76561,2537,211,"최대 큰손 국민연금, 본격 코스닥 투자 임박? | 김성주 국민연금공단 이사장 [더 피플]"
2026-08-08 02:54:27,76561,2537,211,"최대 큰손 국민연금, 본격 코스닥 투자 임박? | 김성주 국민연금공단 이사장 [더 피플]"
2026-08-08 03:34:13,76561,2537,211,"최대 큰손 국민연금, 본격 코스닥 투자 임박? | 김성주 국민연금공단 이사장 [더 피플]"
2026-08-08 04:34:24,76561,2537,211,"최대 큰손 국민연금, 본격 코스닥 투자 임박? | 김성주 국민연금공단 이사장 [더 피플]"
2026-08-08 05:09:15,76561,2537,211,"최대 큰손 국민연금, 본격 코스닥 투자 임박? | 김성주 국민연금공단 이사장 [더 피플]"
2026-08-08 05:54:35,76561,2537,211,"최대 큰손 국민연금, 본격 코스닥 투자 임박? | 김성주 국민연금공단 이사장 [더 피플]"
2026-08-08 06:25:17,76561,2537,211,"최대 큰손 국민연금, 본격 코스닥 투자 임박? | 김성주 국민연금공단 이사장 [더 피플]"
2026-08-08 07:02:23,76561,2537,211,"최대 큰손 국민연금, 본격 코스닥 투자 임박? | 김성주 국민연금공단 이사장 [더 피플]"
2026-08-08 07:46:45,76561,2537,211,"최대 큰손 국민연금, 본격 코스닥 투자 임박? | 김성주 국민연금공단 이사장 [더 피플]"
2026-08-08 08:18:44,76561,2537,211,"최대 큰손 국민연금, 본격 코스닥 투자 임박? | 김성주 국민연금공단 이사장 [더 피플]"
2026-08-08 08:50:11,76561,2537,211,"최대 큰손 국민연금, 본격 코스닥 투자 임박? | 김성주 국민연금공단 이사장 [더 피플]"
2026-08-08 09:34:31,76561,2537,211,"최대 큰손 국민연금, 본격 코스닥 투자 임박? | 김성주 국민연금공단 이사장 [더 피플]"
2026-08-08 11:30:25,76561,2537,211,"최대 큰손 국민연금, 본격 코스닥 투자 임박? | 김성주 국민연금공단 이사장 [더 피플]"
2026-08-08 12:50:26,76561,2537,211,"최대 큰손 국민연금, 본격 코스닥 투자 임박? | 김성주 국민연금공단 이사장 [더 피플]"
2026-08-08 13:41:32,76561,2537,211,"최대 큰손 국민연금, 본격 코스닥 투자 임박? | 김성주 국민연금공단 이사장 [더 피플]"
2026-08-08 14:24:11,76561,2537,211,"최대 큰손 국민연금, 본격 코스닥 투자 임박? | 김성주 국민연금공단 이사장 [더 피플]"
2026-08-08 15:01:39,76561,2537,211,"최대 큰손 국민연금, 본격 코스닥 투자 임박? | 김성주 국민연금공단 이사장 [더 피플]"
2026-08-08 16:03:12,76561,2537,211,"최대 큰손 국민연금, 본격 코스닥 투자 임박? | 김성주 국민연금공단 이사장 [더 피플]"
2026-08-08 16:53:27,76561,2537,211,"최대 큰손 국민연금, 본격 코스닥 투자 임박? | 김성주 국민연금공단 이사장 [더 피플]"
2026-08-08 17:23:01,76561,2537,211,"최대 큰손 국민연금, 본격 코스닥 투자 임박? | 김성주 국민연금공단 이사장 [더 피플]"
2026-08-08 18:05:16,76561,2537,211,"최대 큰손 국민연금, 본격 코스닥 투자 임박? | 김성주 국민연금공단 이사장 [더 피플]"
2026-08-08 18:49:21,76561,2537,211,"최대 큰손 국민연금, 본격 코스닥 투자 임박? | 김성주 국민연금공단 이사장 [더 피플]"
2026-08-08 19:15:18,76561,2537,211,"최대 큰손 국민연금, 본격 코스닥 투자 임박? | 김성주 국민연금공단 이사장 [더 피플]"
2026-08-08 19:51:40,76561,2537,211,"최대 큰손 국민연금, 본격 코스닥 투자 임박? | 김성주 국민연금공단 이사장 [더 피플]"
2026-08-08 20:15:04,76561,2537,211,"최대 큰손 국민연금, 본격 코스닥 투자 임박? | 김성주 국민연금공단 이사장 [더 피플]"
2026-08-08 20:43:22,76562,2537,211,"최대 큰손 국민연금, 본격 코스닥 투자 임박? | 김성주 국민연금공단 이사장 [더 피플]"
2026-08-08 21:01:39,76562,2537,211,"최대 큰손 국민연금, 본격 코스닥 투자 임박? | 김성주 국민연금공단 이사장 [더 피플]"
2026-08-08 22:00:19,76561,2537,211,"최대 큰손 국민연금, 본격 코스닥 투자 임박? | 김성주 국민연금공단 이사장 [더 피플]"
2026-08-08 22:47:51,76562,2537,211,"최대 큰손 국민연금, 본격 코스닥 투자 임박? | 김성주 국민연금공단 이사장 [더 피플]"
2026-08-08 23:18:09,76562,2537,211,"최대 큰손 국민연금, 본격 코스닥 투자 임박? | 김성주 국민연금공단 이사장 [더 피플]"
2026-08-08 23:51:11,76562,2537,211,"최대 큰손 국민연금, 본격 코스닥 투자 임박? | 김성주 국민연금공단 이사장 [더 피플]"
2026-08-09 00:13:51,76562,2537,211,"최대 큰손 국민연금, 본격 코스닥 투자 임박? | 김성주 국민연금공단 이사장 [더 피플]"
2026-08-09 00:44:53,76562,2537,211,"최대 큰손 국민연금, 본격 코스닥 투자 임박? | 김성주 국민연금공단 이사장 [더 피플]"
2026-08-09 01:03:29,76562,2537,211,"최대 큰손 국민연금, 본격 코스닥 투자 임박? | 김성주 국민연금공단 이사장 [더 피플]"
2026-08-09 01:44:53,76562,2537,211,"최대 큰손 국민연금, 본격 코스닥 투자 임박? | 김성주 국민연금공단 이사장 [더 피플]"
2026-08-09 02:12:35,76562,2537,211,"최대 큰손 국민연금, 본격 코스닥 투자 임박? | 김성주 국민연금공단 이사장 [더 피플]"
2026-08-09 02:45:13,76562,2537,211,"최대 큰손 국민연금, 본격 코스닥 투자 임박? | 김성주 국민연금공단 이사장 [더 피플]"
2026-08-09 03:03:34,76562,2537,211,"최대 큰손 국민연금, 본격 코스닥 투자 임박? | 김성주 국민연금공단 이사장 [더 피플]"
2026-08-09 03:51:20,76562,2537,211,"최대 큰손 국민연금, 본격 코스닥 투자 임박? | 김성주 국민연금공단 이사장 [더 피플]"
2026-08-09 04:18:16,76562,2537,211,"최대 큰손 국민연금, 본격 코스닥 투자 임박? | 김성주 국민연금공단 이사장 [더 피플]"
2026-08-09 04:46:31,76562,2537,211,"최대 큰손 국민연금, 본격 코스닥 투자 임박? | 김성주 국민연금공단 이사장 [더 피플]"
2026-08-09 05:03:57,76562,2537,211,"최대 큰손 국민연금, 본격 코스닥 투자 임박? | 김성주 국민연금공단 이사장 [더 피플]"
2026-08-09 05:40:18,76562,2537,211,"최대 큰손 국민연금, 본격 코스닥 투자 임박? | 김성주 국민연금공단 이사장 [더 피플]"
2026-08-09 06:03:30,76562,2537,211,"최대 큰손 국민연금, 본격 코스닥 투자 임박? | 김성주 국민연금공단 이사장 [더 피플]"
2026-08-09 06:38:57,76562,2537,211,"최대 큰손 국민연금, 본격 코스닥 투자 임박? | 김성주 국민연금공단 이사장 [더 피플]"
2026-08-09 06:59:40,76562,2537,211,"최대 큰손 국민연금, 본격 코스닥 투자 임박? | 김성주 국민연금공단 이사장 [더 피플]"
2026-08-09 07:29:28,76562,2537,211,"최대 큰손 국민연금, 본격 코스닥 투자 임박? | 김성주 국민연금공단 이사장 [더 피플]"
2026-08-09 07:57:39,76562,2537,211,"최대 큰손 국민연금, 본격 코스닥 투자 임박? | 김성주 국민연금공단 이사장 [더 피플]"
2026-08-09 08:23:27,76562,2537,211,"최대 큰손 국민연금, 본격 코스닥 투자 임박? | 김성주 국민연금공단 이사장 [더 피플]"
2026-08-09 08:49:32,76562,2537,211,"최대 큰손 국민연금, 본격 코스닥 투자 임박? | 김성주 국민연금공단 이사장 [더 피플]"
2026-08-09 09:35:31,76562,2537,211,"최대 큰손 국민연금, 본격 코스닥 투자 임박? | 김성주 국민연금공단 이사장 [더 피플]"
2026-08-09 11:36:59,76562,2537,211,"최대 큰손 국민연금, 본격 코스닥 투자 임박? | 김성주 국민연금공단 이사장 [더 피플]"
2026-08-09 13:02:27,76562,2537,211,"최대 큰손 국민연금, 본격 코스닥 투자 임박? | 김성주 국민연금공단 이사장 [더 피플]"
2026-08-09 14:12:21,76562,2537,211,"최대 큰손 국민연금, 본격 코스닥 투자 임박? | 김성주 국민연금공단 이사장 [더 피플]"
2026-08-09 14:56:23,76562,2537,211,"최대 큰손 국민연금, 본격 코스닥 투자 임박? | 김성주 국민연금공단 이사장 [더 피플]"
2026-08-09 15:41:02,76562,2537,211,"최대 큰손 국민연금, 본격 코스닥 투자 임박? | 김성주 국민연금공단 이사장 [더 피플]"
2026-08-09 16:38:55,76562,2537,211,"최대 큰손 국민연금, 본격 코스닥 투자 임박? | 김성주 국민연금공단 이사장 [더 피플]"
2026-08-09 17:19:59,76562,2537,211,"최대 큰손 국민연금, 본격 코스닥 투자 임박? | 김성주 국민연금공단 이사장 [더 피플]"
2026-08-09 18:05:38,76562,2537,211,"최대 큰손 국민연금, 본격 코스닥 투자 임박? | 김성주 국민연금공단 이사장 [더 피플]"
2026-08-09 18:50:48,76562,2537,211,"최대 큰손 국민연금, 본격 코스닥 투자 임박? | 김성주 국민연금공단 이사장 [더 피플]"
2026-08-09 19:17:30,76562,2537,211,"최대 큰손 국민연금, 본격 코스닥 투자 임박? | 김성주 국민연금공단 이사장 [더 피플]"
2026-08-09 19:54:10,76562,2537,211,"최대 큰손 국민연금, 본격 코스닥 투자 임박? | 김성주 국민연금공단 이사장 [더 피플]"
2026-08-09 20:16:34,76562,2537,211,"최대 큰손 국민연금, 본격 코스닥 투자 임박? | 김성주 국민연금공단 이사장 [더 피플]"
2026-08-09 20:46:36,76562,2537,211,"최대 큰손 국민연금, 본격 코스닥 투자 임박? | 김성주 국민연금공단 이사장 [더 피플]"
2026-08-09 21:04:44,76562,2537,211,"최대 큰손 국민연금, 본격 코스닥 투자 임박? | 김성주 국민연금공단 이사장 [더 피플]"
2026-08-09 22:09:40,76562,2537,211,"최대 큰손 국민연금, 본격 코스닥 투자 임박? | 김성주 국민연금공단 이사장 [더 피플]"
2026-08-09 22:55:44,76562,2537,211,"최대 큰손 국민연금, 본격 코스닥 투자 임박? | 김성주 국민연금공단 이사장 [더 피플]"
2026-08-09 23:24:15,76562,2537,211,"최대 큰손 국민연금, 본격 코스닥 투자 임박? | 김성주 국민연금공단 이사장 [더 피플]"
2026-08-09 23:57:22,76562,2537,211,"최대 큰손 국민연금, 본격 코스닥 투자 임박? | 김성주 국민연금공단 이사장 [더 피플]"
2026-08-10 00:25:10,76562,2537,211,"최대 큰손 국민연금, 본격 코스닥 투자 임박? | 김성주 국민연금공단 이사장 [더 피플]"
2026-08-10 00:54:19,76562,2537,211,"최대 큰손 국민연금, 본격 코스닥 투자 임박? | 김성주 국민연금공단 이사장 [더 피플]"
2026-08-10 01:16:51,76562,2537,211,"최대 큰손 국민연금, 본격 코스닥 투자 임박? | 김성주 국민연금공단 이사장 [더 피플]"
2026-08-10 01:55:54,76562,2537,211,"최대 큰손 국민연금, 본격 코스닥 투자 임박? | 김성주 국민연금공단 이사장 [더 피플]"
2026-08-10 02:21:48,76562,2537,211,"최대 큰손 국민연금, 본격 코스닥 투자 임박? | 김성주 국민연금공단 이사장 [더 피플]"
2026-08-10 02:52:34,76562,2537,211,"최대 큰손 국민연금, 본격 코스닥 투자 임박? | 김성주 국민연금공단 이사장 [더 피플]"
2026-08-10 03:18:07,76562,2537,211,"최대 큰손 국민연금, 본격 코스닥 투자 임박? | 김성주 국민연금공단 이사장 [더 피플]"
2026-08-10 04:03:59,76562,2537,211,"최대 큰손 국민연금, 본격 코스닥 투자 임박? | 김성주 국민연금공단 이사장 [더 피플]"
2026-08-10 04:41:08,76562,2537,211,"최대 큰손 국민연금, 본격 코스닥 투자 임박? | 김성주 국민연금공단 이사장 [더 피플]"
2026-08-10 05:02:20,76562,2537,211,"최대 큰손 국민연금, 본격 코스닥 투자 임박? | 김성주 국민연금공단 이사장 [더 피플]"
2026-08-10 05:43:04,76562,2537,211,"최대 큰손 국민연금, 본격 코스닥 투자 임박? | 김성주 국민연금공단 이사장 [더 피플]"
2026-08-10 06:07:33,76562,2537,211,"최대 큰손 국민연금, 본격 코스닥 투자 임박? | 김성주 국민연금공단 이사장 [더 피플]"
2026-08-10 06:44:15,76562,2537,211,"최대 큰손 국민연금, 본격 코스닥 투자 임박? | 김성주 국민연금공단 이사장 [더 피플]"
2026-08-10 07:03:52,76562,2537,211,"최대 큰손 국민연금, 본격 코스닥 투자 임박? | 김성주 국민연금공단 이사장 [더 피플]"
2026-08-10 07:40:59,76562,2537,211,"최대 큰손 국민연금, 본격 코스닥 투자 임박? | 김성주 국민연금공단 이사장 [더 피플]"
2026-08-10 08:03:53,76562,2537,211,"최대 큰손 국민연금, 본격 코스닥 투자 임박? | 김성주 국민연금공단 이사장 [더 피플]"
2026-08-10 08:39:22,76562,2537,211,"최대 큰손 국민연금, 본격 코스닥 투자 임박? | 김성주 국민연금공단 이사장 [더 피플]"
2026-08-10 09:02:33,76562,2537,211,"최대 큰손 국민연금, 본격 코스닥 투자 임박? | 김성주 국민연금공단 이사장 [더 피플]"
2026-08-10 11:25:38,76562,2537,211,"최대 큰손 국민연금, 본격 코스닥 투자 임박? | 김성주 국민연금공단 이사장 [더 피플]"
2026-08-10 13:10:29,76562,2537,211,"최대 큰손 국민연금, 본격 코스닥 투자 임박? | 김성주 국민연금공단 이사장 [더 피플]"
2026-08-10 14:41:18,76562,2537,211,"최대 큰손 국민연금, 본격 코스닥 투자 임박? | 김성주 국민연금공단 이사장 [더 피플]"
2026-08-10 15:54:41,76562,2537,211,"최대 큰손 국민연금, 본격 코스닥 투자 임박? | 김성주 국민연금공단 이사장 [더 피플]"
2026-08-10 17:18:40,76562,2537,211,"최대 큰손 국민연금, 본격 코스닥 투자 임박? | 김성주 국민연금공단 이사장 [더 피플]"
2026-08-10 18:51:21,76562,2537,211,"최대 큰손 국민연금, 본격 코스닥 투자 임박? | 김성주 국민연금공단 이사장 [더 피플]"
2026-08-10 19:51:18,76562,2537,211,"최대 큰손 국민연금, 본격 코스닥 투자 임박? | 김성주 국민연금공단 이사장 [더 피플]"
2026-08-10 20:36:33,76562,2537,211,"최대 큰손 국민연금, 본격 코스닥 투자 임박? | 김성주 국민연금공단 이사장 [더 피플]"
2026-08-10 21:26:58,76564,2537,211,"최대 큰손 국민연금, 본격 코스닥 투자 임박? | 김성주 국민연금공단 이사장 [더 피플]"
2026-08-10 22:51:42,76564,2537,211,"최대 큰손 국민연금, 본격 코스닥 투자 임박? | 김성주 국민연금공단 이사장 [더 피플]"
2026-08-10 23:46:19,76564,2537,211,"최대 큰손 국민연금, 본격 코스닥 투자 임박? | 김성주 국민연금공단 이사장 [더 피플]"
2026-08-11 00:39:45,76564,2537,211,"최대 큰손 국민연금, 본격 코스닥 투자 임박? | 김성주 국민연금공단 이사장 [더 피플]"
2026-08-11 01:28:28,76564,2537,211,"최대 큰손 국민연금, 본격 코스닥 투자 임박? | 김성주 국민연금공단 이사장 [더 피플]"
2026-08-11 02:24:25,76564,2537,211,"최대 큰손 국민연금, 본격 코스닥 투자 임박? | 김성주 국민연금공단 이사장 [더 피플]"
2026-08-11 03:08:34,76564,2537,211,"최대 큰손 국민연금, 본격 코스닥 투자 임박? | 김성주 국민연금공단 이사장 [더 피플]"
2026-08-11 04:11:28,76564,2537,211,"최대 큰손 국민연금, 본격 코스닥 투자 임박? | 김성주 국민연금공단 이사장 [더 피플]"
2026-08-11 04:59:21,76564,2537,211,"최대 큰손 국민연금, 본격 코스닥 투자 임박? | 김성주 국민연금공단 이사장 [더 피플]"
2026-08-11 05:41:23,76564,2537,211,"최대 큰손 국민연금, 본격 코스닥 투자 임박? | 김성주 국민연금공단 이사장 [더 피플]"
2026-08-11 06:24:30,76564,2537,211,"최대 큰손 국민연금, 본격 코스닥 투자 임박? | 김성주 국민연금공단 이사장 [더 피플]"
2026-08-11 07:03:12,76564,2537,211,"최대 큰손 국민연금, 본격 코스닥 투자 임박? | 김성주 국민연금공단 이사장 [더 피플]"
2026-08-11 07:48:30,76564,2537,211,"최대 큰손 국민연금, 본격 코스닥 투자 임박? | 김성주 국민연금공단 이사장 [더 피플]"
2026-08-11 08:19:54,76564,2537,211,"최대 큰손 국민연금, 본격 코스닥 투자 임박? | 김성주 국민연금공단 이사장 [더 피플]"
2026-08-11 08:53:18,76564,2537,211,"최대 큰손 국민연금, 본격 코스닥 투자 임박? | 김성주 국민연금공단 이사장 [더 피플]"
2026-08-11 09:39:11,76564,2537,211,"최대 큰손 국민연금, 본격 코스닥 투자 임박? | 김성주 국민연금공단 이사장 [더 피플]"
2026-08-11 11:48:42,76564,2537,211,"최대 큰손 국민연금, 본격 코스닥 투자 임박? | 김성주 국민연금공단 이사장 [더 피플]"
2026-08-11 13:06:32,76564,2537,211,"최대 큰손 국민연금, 본격 코스닥 투자 임박? | 김성주 국민연금공단 이사장 [더 피플]"
2026-08-11 14:17:31,76564,2537,211,"최대 큰손 국민연금, 본격 코스닥 투자 임박? | 김성주 국민연금공단 이사장 [더 피플]"
2026-08-11 15:05:44,76564,2537,211,"최대 큰손 국민연금, 본격 코스닥 투자 임박? | 김성주 국민연금공단 이사장 [더 피플]"
2026-08-11 16:22:23,76564,2537,211,"최대 큰손 국민연금, 본격 코스닥 투자 임박? | 김성주 국민연금공단 이사장 [더 피플]"
2026-08-11 17:27:31,76564,2537,211,"최대 큰손 국민연금, 본격 코스닥 투자 임박? | 김성주 국민연금공단 이사장 [더 피플]"
2026-08-11 18:29:03,76564,2537,211,"최대 큰손 국민연금, 본격 코스닥 투자 임박? | 김성주 국민연금공단 이사장 [더 피플]"
2026-08-11 19:23:55,76564,2537,211,"최대 큰손 국민연금, 본격 코스닥 투자 임박? | 김성주 국민연금공단 이사장 [더 피플]"
2026-08-11 20:09:57,76564,2537,211,"최대 큰손 국민연금, 본격 코스닥 투자 임박? | 김성주 국민연금공단 이사장 [더 피플]"
2026-08-11 20:53:52,76564,2537,211,"최대 큰손 국민연금, 본격 코스닥 투자 임박? | 김성주 국민연금공단 이사장 [더 피플]"
2026-08-11 21:31:59,76564,2537,211,"최대 큰손 국민연금, 본격 코스닥 투자 임박? | 김성주 국민연금공단 이사장 [더 피플]"
2026-08-11 22:57:32,76564,2537,211,"최대 큰손 국민연금, 본격 코스닥 투자 임박? | 김성주 국민연금공단 이사장 [더 피플]"
2026-08-11 23:52:47,76564,2537,211,"최대 큰손 국민연금, 본격 코스닥 투자 임박? | 김성주 국민연금공단 이사장 [더 피플]"
2026-08-12 00:44:21,76564,2537,211,"최대 큰손 국민연금, 본격 코스닥 투자 임박? | 김성주 국민연금공단 이사장 [더 피플]"
2026-08-12 01:37:20,76564,2537,211,"최대 큰손 국민연금, 본격 코스닥 투자 임박? | 김성주 국민연금공단 이사장 [더 피플]"
2026-08-12 02:33:07,76564,2537,211,"최대 큰손 국민연금, 본격 코스닥 투자 임박? | 김성주 국민연금공단 이사장 [더 피플]"
2026-08-12 03:27:25,76564,2537,211,"최대 큰손 국민연금, 본격 코스닥 투자 임박? | 김성주 국민연금공단 이사장 [더 피플]"
2026-08-12 04:32:50,76564,2537,211,"최대 큰손 국민연금, 본격 코스닥 투자 임박? | 김성주 국민연금공단 이사장 [더 피플]"
2026-08-12 05:11:04,76564,2537,211,"최대 큰손 국민연금, 본격 코스닥 투자 임박? | 김성주 국민연금공단 이사장 [더 피플]"
2026-08-12 06:01:15,76564,2537,211,"최대 큰손 국민연금, 본격 코스닥 투자 임박? | 김성주 국민연금공단 이사장 [더 피플]"
2026-08-12 06:53:54,76564,2537,211,"최대 큰손 국민연금, 본격 코스닥 투자 임박? | 김성주 국민연금공단 이사장 [더 피플]"
2026-08-12 07:27:22,76564,2537,211,"최대 큰손 국민연금, 본격 코스닥 투자 임박? | 김성주 국민연금공단 이사장 [더 피플]"
2026-08-12 08:10:21,76564,2537,211,"최대 큰손 국민연금, 본격 코스닥 투자 임박? | 김성주 국민연금공단 이사장 [더 피플]"
2026-08-12 08:55:59,76564,2537,211,"최대 큰손 국민연금, 본격 코스닥 투자 임박? | 김성주 국민연금공단 이사장 [더 피플]"
2026-08-12 10:07:24,76564,2537,211,"최대 큰손 국민연금, 본격 코스닥 투자 임박? | 김성주 국민연금공단 이사장 [더 피플]"
2026-08-12 12:28:10,76564,2537,211,"최대 큰손 국민연금, 본격 코스닥 투자 임박? | 김성주 국민연금공단 이사장 [더 피플]"
2026-08-12 14:12:53,76564,2537,211,"최대 큰손 국민연금, 본격 코스닥 투자 임박? | 김성주 국민연금공단 이사장 [더 피플]"
2026-08-12 15:41:06,76564,2537,211,"최대 큰손 국민연금, 본격 코스닥 투자 임박? | 김성주 국민연금공단 이사장 [더 피플]"
2026-08-12 17:02:29,76564,2537,211,"최대 큰손 국민연금, 본격 코스닥 투자 임박? | 김성주 국민연금공단 이사장 [더 피플]"
2026-08-12 18:18:41,76564,2537,211,"최대 큰손 국민연금, 본격 코스닥 투자 임박? | 김성주 국민연금공단 이사장 [더 피플]"
2026-08-12 19:29:02,76564,2537,211,"최대 큰손 국민연금, 본격 코스닥 투자 임박? | 김성주 국민연금공단 이사장 [더 피플]"
2026-08-12 20:20:57,76564,2537,211,"최대 큰손 국민연금, 본격 코스닥 투자 임박? | 김성주 국민연금공단 이사장 [더 피플]"
2026-08-12 21:02:13,76564,2537,211,"최대 큰손 국민연금, 본격 코스닥 투자 임박? | 김성주 국민연금공단 이사장 [더 피플]"
2026-08-12 22:26:53,76564,2537,211,"최대 큰손 국민연금, 본격 코스닥 투자 임박? | 김성주 국민연금공단 이사장 [더 피플]"
2026-08-12 23:34:21,76564,2537,211,"최대 큰손 국민연금, 본격 코스닥 투자 임박? | 김성주 국민연금공단 이사장 [더 피플]"
2026-08-13 00:31:05,76564,2537,211,"최대 큰손 국민연금, 본격 코스닥 투자 임박? | 김성주 국민연금공단 이사장 [더 피플]"
2026-08-13 01:26:44,76564,2537,211,"최대 큰손 국민연금, 본격 코스닥 투자 임박? | 김성주 국민연금공단 이사장 [더 피플]"
2026-08-13 02:26:00,76564,2537,211,"최대 큰손 국민연금, 본격 코스닥 투자 임박? | 김성주 국민연금공단 이사장 [더 피플]"
2026-08-13 03:13:47,76564,2537,211,"최대 큰손 국민연금, 본격 코스닥 투자 임박? | 김성주 국민연금공단 이사장 [더 피플]"
2026-08-13 04:19:40,76564,2537,211,"최대 큰손 국민연금, 본격 코스닥 투자 임박? | 김성주 국민연금공단 이사장 [더 피플]"
2026-08-13 05:05:48,76564,2537,211,"최대 큰손 국민연금, 본격 코스닥 투자 임박? | 김성주 국민연금공단 이사장 [더 피플]"
2026-08-13 05:57:24,76564,2537,211,"최대 큰손 국민연금, 본격 코스닥 투자 임박? | 김성주 국민연금공단 이사장 [더 피플]"
2026-08-13 06:39:26,76564,2537,211,"최대 큰손 국민연금, 본격 코스닥 투자 임박? | 김성주 국민연금공단 이사장 [더 피플]"
2026-08-13 07:22:34,76564,2537,211,"최대 큰손 국민연금, 본격 코스닥 투자 임박? | 김성주 국민연금공단 이사장 [더 피플]"
2026-08-13 08:06:09,76564,2537,211,"최대 큰손 국민연금, 본격 코스닥 투자 임박? | 김성주 국민연금공단 이사장 [더 피플]"
2026-08-13 08:53:13,76564,2537,211,"최대 큰손 국민연금, 본격 코스닥 투자 임박? | 김성주 국민연금공단 이사장 [더 피플]"
2026-08-13 09:46:26,76564,2537,211,"최대 큰손 국민연금, 본격 코스닥 투자 임박? | 김성주 국민연금공단 이사장 [더 피플]"
2026-08-13 12:15:21,76564,2537,211,"최대 큰손 국민연금, 본격 코스닥 투자 임박? | 김성주 국민연금공단 이사장 [더 피플]"
2026-08-13 14:06:00,76564,2537,211,"최대 큰손 국민연금, 본격 코스닥 투자 임박? | 김성주 국민연금공단 이사장 [더 피플]"
2026-08-13 15:24:55,76564,2537,211,"최대 큰손 국민연금, 본격 코스닥 투자 임박? | 김성주 국민연금공단 이사장 [더 피플]"
2026-08-13 16:59:08,76564,2537,211,"최대 큰손 국민연금, 본격 코스닥 투자 임박? | 김성주 국민연금공단 이사장 [더 피플]"
2026-08-13 18:10:41,76564,2537,211,"최대 큰손 국민연금, 본격 코스닥 투자 임박? | 김성주 국민연금공단 이사장 [더 피플]"
2026-08-13 19:19:35,76564,2537,211,"최대 큰손 국민연금, 본격 코스닥 투자 임박? | 김성주 국민연금공단 이사장 [더 피플]"
2026-08-13 20:12:54,76564,2537,211,"최대 큰손 국민연금, 본격 코스닥 투자 임박? | 김성주 국민연금공단 이사장 [더 피플]"
2026-08-13 20:58:18,76564,2537,211,"최대 큰손 국민연금, 본격 코스닥 투자 임박? | 김성주 국민연금공단 이사장 [더 피플]"
2026-08-13 22:02:45,76564,2537,211,"최대 큰손 국민연금, 본격 코스닥 투자 임박? | 김성주 국민연금공단 이사장 [더 피플]"
2026-08-13 23:24:31,76564,2537,211,"최대 큰손 국민연금, 본격 코스닥 투자 임박? | 김성주 국민연금공단 이사장 [더 피플]"
2026-08-14 00:26:47,76564,2537,211,"최대 큰손 국민연금, 본격 코스닥 투자 임박? | 김성주 국민연금공단 이사장 [더 피플]"
2026-08-14 01:22:39,76564,2537,211,"최대 큰손 국민연금, 본격 코스닥 투자 임박? | 김성주 국민연금공단 이사장 [더 피플]"
2026-08-14 02:23:36,76564,2537,211,"최대 큰손 국민연금, 본격 코스닥 투자 임박? | 김성주 국민연금공단 이사장 [더 피플]"
2026-08-14 03:12:52,76564,2537,211,"최대 큰손 국민연금, 본격 코스닥 투자 임박? | 김성주 국민연금공단 이사장 [더 피플]"
2026-08-14 04:18:28,76564,2537,211,"최대 큰손 국민연금, 본격 코스닥 투자 임박? | 김성주 국민연금공단 이사장 [더 피플]"
2026-08-14 05:00:39,76564,2537,211,"최대 큰손 국민연금, 본격 코스닥 투자 임박? | 김성주 국민연금공단 이사장 [더 피플]"
2026-08-14 05:48:02,76564,2537,211,"최대 큰손 국민연금, 본격 코스닥 투자 임박? | 김성주 국민연금공단 이사장 [더 피플]"
2026-08-14 06:29:47,76564,2537,211,"최대 큰손 국민연금, 본격 코스닥 투자 임박? | 김성주 국민연금공단 이사장 [더 피플]"
2026-08-14 07:11:02,76564,2537,211,"최대 큰손 국민연금, 본격 코스닥 투자 임박? | 김성주 국민연금공단 이사장 [더 피플]"
2026-08-14 07:58:54,76564,2537,211,"최대 큰손 국민연금, 본격 코스닥 투자 임박? | 김성주 국민연금공단 이사장 [더 피플]"
2026-08-14 08:39:15,76564,2537,211,"최대 큰손 국민연금, 본격 코스닥 투자 임박? | 김성주 국민연금공단 이사장 [더 피플]"
2026-08-14 09:41:14,76564,2537,211,"최대 큰손 국민연금, 본격 코스닥 투자 임박? | 김성주 국민연금공단 이사장 [더 피플]"
2026-08-14 12:10:51,76565,2537,211,"최대 큰손 국민연금, 본격 코스닥 투자 임박? | 김성주 국민연금공단 이사장 [더 피플]"
2026-08-14 13:58:58,76565,2537,211,"최대 큰손 국민연금, 본격 코스닥 투자 임박? | 김성주 국민연금공단 이사장 [더 피플]"
2026-08-14 15:12:19,76565,2537,211,"최대 큰손 국민연금, 본격 코스닥 투자 임박? | 김성주 국민연금공단 이사장 [더 피플]"
2026-08-14 16:48:36,76565,2537,211,"최대 큰손 국민연금, 본격 코스닥 투자 임박? | 김성주 국민연금공단 이사장 [더 피플]"
2026-08-14 17:49:15,76565,2537,211,"최대 큰손 국민연금, 본격 코스닥 투자 임박? | 김성주 국민연금공단 이사장 [더 피플]"
2026-08-14 18:45:17,76565,2537,211,"최대 큰손 국민연금, 본격 코스닥 투자 임박? | 김성주 국민연금공단 이사장 [더 피플]"
2026-08-14 19:40:02,76565,2537,211,"최대 큰손 국민연금, 본격 코스닥 투자 임박? | 김성주 국민연금공단 이사장 [더 피플]"
2026-08-14 20:24:35,76565,2537,211,"최대 큰손 국민연금, 본격 코스닥 투자 임박? | 김성주 국민연금공단 이사장 [더 피플]"
2026-08-14 21:03:02,76565,2537,211,"최대 큰손 국민연금, 본격 코스닥 투자 임박? | 김성주 국민연금공단 이사장 [더 피플]"
2026-08-14 22:23:57,76565,2537,211,"최대 큰손 국민연금, 본격 코스닥 투자 임박? | 김성주 국민연금공단 이사장 [더 피플]"
2026-08-14 23:28:21,76565,2537,211,"최대 큰손 국민연금, 본격 코스닥 투자 임박? | 김성주 국민연금공단 이사장 [더 피플]"
2026-08-15 00:21:05,76565,2537,211,"최대 큰손 국민연금, 본격 코스닥 투자 임박? | 김성주 국민연금공단 이사장 [더 피플]"
2026-08-15 01:08:54,76565,2537,211,"최대 큰손 국민연금, 본격 코스닥 투자 임박? | 김성주 국민연금공단 이사장 [더 피플]"
2026-08-15 02:06:44,76565,2537,211,"최대 큰손 국민연금, 본격 코스닥 투자 임박? | 김성주 국민연금공단 이사장 [더 피플]"
2026-08-15 03:00:21,76565,2537,211,"최대 큰손 국민연금, 본격 코스닥 투자 임박? | 김성주 국민연금공단 이사장 [더 피플]"
2026-08-15 03:57:24,76565,2537,211,"최대 큰손 국민연금, 본격 코스닥 투자 임박? | 김성주 국민연금공단 이사장 [더 피플]"
2026-08-15 04:43:42,76565,2537,211,"최대 큰손 국민연금, 본격 코스닥 투자 임박? | 김성주 국민연금공단 이사장 [더 피플]"
2026-08-15 05:14:50,76565,2537,211,"최대 큰손 국민연금, 본격 코스닥 투자 임박? | 김성주 국민연금공단 이사장 [더 피플]"
2026-08-15 05:45:49,76565,2537,211,"최대 큰손 국민연금, 본격 코스닥 투자 임박? | 김성주 국민연금공단 이사장 [더 피플]"
2026-08-15 06:02:59,76565,2537,211,"최대 큰손 국민연금, 본격 코스닥 투자 임박? | 김성주 국민연금공단 이사장 [더 피플]"
2026-08-15 06:33:03,76565,2537,211,"최대 큰손 국민연금, 본격 코스닥 투자 임박? | 김성주 국민연금공단 이사장 [더 피플]"
2026-08-15 06:52:03,76565,2537,211,"최대 큰손 국민연금, 본격 코스닥 투자 임박? | 김성주 국민연금공단 이사장 [더 피플]"
2026-08-15 07:07:23,76566,2537,211,"최대 큰손 국민연금, 본격 코스닥 투자 임박? | 김성주 국민연금공단 이사장 [더 피플]"
2026-08-15 07:35:15,76566,2537,211,"최대 큰손 국민연금, 본격 코스닥 투자 임박? | 김성주 국민연금공단 이사장 [더 피플]"
2026-08-15 07:53:35,76566,2537,211,"최대 큰손 국민연금, 본격 코스닥 투자 임박? | 김성주 국민연금공단 이사장 [더 피플]"
2026-08-15 08:08:33,76566,2537,211,"최대 큰손 국민연금, 본격 코스닥 투자 임박? | 김성주 국민연금공단 이사장 [더 피플]"
2026-08-15 08:32:29,76566,2537,211,"최대 큰손 국민연금, 본격 코스닥 투자 임박? | 김성주 국민연금공단 이사장 [더 피플]"
2026-08-15 08:50:23,76566,2537,211,"최대 큰손 국민연금, 본격 코스닥 투자 임박? | 김성주 국민연금공단 이사장 [더 피플]"
2026-08-15 09:02:30,76566,2537,211,"최대 큰손 국민연금, 본격 코스닥 투자 임박? | 김성주 국민연금공단 이사장 [더 피플]"
2026-08-15 10:43:06,76566,2537,211,"최대 큰손 국민연금, 본격 코스닥 투자 임박? | 김성주 국민연금공단 이사장 [더 피플]"
2026-08-15 11:37:44,76566,2537,211,"최대 큰손 국민연금, 본격 코스닥 투자 임박? | 김성주 국민연금공단 이사장 [더 피플]"
2026-08-15 12:19:57,76566,2537,211,"최대 큰손 국민연금, 본격 코스닥 투자 임박? | 김성주 국민연금공단 이사장 [더 피플]"
2026-08-15 12:57:25,76566,2537,211,"최대 큰손 국민연금, 본격 코스닥 투자 임박? | 김성주 국민연금공단 이사장 [더 피플]"
2026-08-15 13:23:28,76566,2537,211,"최대 큰손 국민연금, 본격 코스닥 투자 임박? | 김성주 국민연금공단 이사장 [더 피플]"
2026-08-15 13:52:05,76566,2537,211,"최대 큰손 국민연금, 본격 코스닥 투자 임박? | 김성주 국민연금공단 이사장 [더 피플]"
2026-08-15 14:11:47,76566,2537,211,"최대 큰손 국민연금, 본격 코스닥 투자 임박? | 김성주 국민연금공단 이사장 [더 피플]"
2026-08-15 14:38:10,76566,2537,211,"최대 큰손 국민연금, 본격 코스닥 투자 임박? | 김성주 국민연금공단 이사장 [더 피플]"
2026-08-15 14:56:33,76566,2537,211,"최대 큰손 국민연금, 본격 코스닥 투자 임박? | 김성주 국민연금공단 이사장 [더 피플]"
2026-08-15 15:22:43,76566,2537,211,"최대 큰손 국민연금, 본격 코스닥 투자 임박? | 김성주 국민연금공단 이사장 [더 피플]"
2026-08-15 16:02:55,76566,2537,211,"최대 큰손 국민연금, 본격 코스닥 투자 임박? | 김성주 국민연금공단 이사장 [더 피플]"
2026-08-15 16:36:44,76566,2537,211,"최대 큰손 국민연금, 본격 코스닥 투자 임박? | 김성주 국민연금공단 이사장 [더 피플]"
2026-08-15 16:55:58,76566,2537,211,"최대 큰손 국민연금, 본격 코스닥 투자 임박? | 김성주 국민연금공단 이사장 [더 피플]"
2026-08-15 17:16:15,76566,2537,211,"최대 큰손 국민연금, 본격 코스닥 투자 임박? | 김성주 국민연금공단 이사장 [더 피플]"
2026-08-15 17:45:59,76566,2537,211,"최대 큰손 국민연금, 본격 코스닥 투자 임박? | 김성주 국민연금공단 이사장 [더 피플]"
2026-08-15 18:03:39,76566,2537,211,"최대 큰손 국민연금, 본격 코스닥 투자 임박? | 김성주 국민연금공단 이사장 [더 피플]"
2026-08-15 18:33:59,76566,2537,211,"최대 큰손 국민연금, 본격 코스닥 투자 임박? | 김성주 국민연금공단 이사장 [더 피플]"
2026-08-15 18:51:58,76566,2537,211,"최대 큰손 국민연금, 본격 코스닥 투자 임박? | 김성주 국민연금공단 이사장 [더 피플]"
2026-08-15 19:06:30,76566,2537,211,"최대 큰손 국민연금, 본격 코스닥 투자 임박? | 김성주 국민연금공단 이사장 [더 피플]"
2026-08-15 19:33:40,76566,2537,211,"최대 큰손 국민연금, 본격 코스닥 투자 임박? | 김성주 국민연금공단 이사장 [더 피플]"
2026-08-15 19:51:17,76566,2537,211,"최대 큰손 국민연금, 본격 코스닥 투자 임박? | 김성주 국민연금공단 이사장 [더 피플]"
2026-08-15 20:02:00,76566,2537,211,"최대 큰손 국민연금, 본격 코스닥 투자 임박? | 김성주 국민연금공단 이사장 [더 피플]"
2026-08-15 20:26:40,76566,2537,211,"최대 큰손 국민연금, 본격 코스닥 투자 임박? | 김성주 국민연금공단 이사장 [더 피플]"
2026-08-15 20:41:54,76566,2537,211,"최대 큰손 국민연금, 본격 코스닥 투자 임박? | 김성주 국민연금공단 이사장 [더 피플]"
2026-08-15 20:55:23,76566,2537,211,"최대 큰손 국민연금, 본격 코스닥 투자 임박? | 김성주 국민연금공단 이사장 [더 피플]"
2026-08-15 21:16:06,76566,2537,211,"최대 큰손 국민연금, 본격 코스닥 투자 임박? | 김성주 국민연금공단 이사장 [더 피플]"
2026-08-15 21:59:42,76566,2537,211,"최대 큰손 국민연금, 본격 코스닥 투자 임박? | 김성주 국민연금공단 이사장 [더 피플]"
2026-08-15 22:30:21,76566,2537,211,"최대 큰손 국민연금, 본격 코스닥 투자 임박? | 김성주 국민연금공단 이사장 [더 피플]"
2026-08-15 22:52:12,76566,2537,211,"최대 큰손 국민연금, 본격 코스닥 투자 임박? | 김성주 국민연금공단 이사장 [더 피플]"
2026-08-15 23:07:49,76566,2537,211,"최대 큰손 국민연금, 본격 코스닥 투자 임박? | 김성주 국민연금공단 이사장 [더 피플]"
2026-08-15 23:34:36,76567,2537,211,"최대 큰손 국민연금, 본격 코스닥 투자 임박? | 김성주 국민연금공단 이사장 [더 피플]"
2026-08-15 23:52:42,76567,2537,211,"최대 큰손 국민연금, 본격 코스닥 투자 임박? | 김성주 국민연금공단 이사장 [더 피플]"
2026-08-16 00:04:11,76567,2537,211,"최대 큰손 국민연금, 본격 코스닥 투자 임박? | 김성주 국민연금공단 이사장 [더 피플]"
2026-08-16 00:29:17,76567,2537,211,"최대 큰손 국민연금, 본격 코스닥 투자 임박? | 김성주 국민연금공단 이사장 [더 피플]"
2026-08-16 00:45:18,76567,2537,211,"최대 큰손 국민연금, 본격 코스닥 투자 임박? | 김성주 국민연금공단 이사장 [더 피플]"
2026-08-16 00:57:08,76567,2537,211,"최대 큰손 국민연금, 본격 코스닥 투자 임박? | 김성주 국민연금공단 이사장 [더 피플]"
2026-08-16 01:16:42,76567,2537,211,"최대 큰손 국민연금, 본격 코스닥 투자 임박? | 김성주 국민연금공단 이사장 [더 피플]"
2026-08-16 01:42:59,76567,2537,211,"최대 큰손 국민연금, 본격 코스닥 투자 임박? | 김성주 국민연금공단 이사장 [더 피플]"
2026-08-16 01:58:46,76567,2537,211,"최대 큰손 국민연금, 본격 코스닥 투자 임박? | 김성주 국민연금공단 이사장 [더 피플]"
2026-08-16 02:18:48,76567,2537,211,"최대 큰손 국민연금, 본격 코스닥 투자 임박? | 김성주 국민연금공단 이사장 [더 피플]"
2026-08-16 02:38:56,76567,2537,211,"최대 큰손 국민연금, 본격 코스닥 투자 임박? | 김성주 국민연금공단 이사장 [더 피플]"
2026-08-16 02:53:44,76567,2537,211,"최대 큰손 국민연금, 본격 코스닥 투자 임박? | 김성주 국민연금공단 이사장 [더 피플]"
2026-08-16 03:07:47,76567,2537,211,"최대 큰손 국민연금, 본격 코스닥 투자 임박? | 김성주 국민연금공단 이사장 [더 피플]"
2026-08-16 03:44:01,76567,2537,211,"최대 큰손 국민연금, 본격 코스닥 투자 임박? | 김성주 국민연금공단 이사장 [더 피플]"
2026-08-16 04:02:37,76567,2537,211,"최대 큰손 국민연금, 본격 코스닥 투자 임박? | 김성주 국민연금공단 이사장 [더 피플]"
2026-08-16 04:26:50,76567,2537,211,"최대 큰손 국민연금, 본격 코스닥 투자 임박? | 김성주 국민연금공단 이사장 [더 피플]"
2026-08-16 04:42:50,76567,2537,211,"최대 큰손 국민연금, 본격 코스닥 투자 임박? | 김성주 국민연금공단 이사장 [더 피플]"
2026-08-16 04:54:48,76567,2537,211,"최대 큰손 국민연금, 본격 코스닥 투자 임박? | 김성주 국민연금공단 이사장 [더 피플]"
2026-08-16 05:08:52,76567,2537,211,"최대 큰손 국민연금, 본격 코스닥 투자 임박? | 김성주 국민연금공단 이사장 [더 피플]"
2026-08-16 05:34:52,76567,2537,211,"최대 큰손 국민연금, 본격 코스닥 투자 임박? | 김성주 국민연금공단 이사장 [더 피플]"
2026-08-16 05:52:26,76567,2537,211,"최대 큰손 국민연금, 본격 코스닥 투자 임박? | 김성주 국민연금공단 이사장 [더 피플]"
2026-08-16 06:05:25,76567,2537,211,"최대 큰손 국민연금, 본격 코스닥 투자 임박? | 김성주 국민연금공단 이사장 [더 피플]"
2026-08-16 06:29:45,76567,2537,211,"최대 큰손 국민연금, 본격 코스닥 투자 임박? | 김성주 국민연금공단 이사장 [더 피플]"
2026-08-16 06:45:55,76567,2537,211,"최대 큰손 국민연금, 본격 코스닥 투자 임박? | 김성주 국민연금공단 이사장 [더 피플]"
2026-08-16 06:57:33,76567,2537,211,"최대 큰손 국민연금, 본격 코스닥 투자 임박? | 김성주 국민연금공단 이사장 [더 피플]"
2026-08-16 07:14:53,76567,2537,211,"최대 큰손 국민연금, 본격 코스닥 투자 임박? | 김성주 국민연금공단 이사장 [더 피플]"
2026-08-16 07:37:10,76567,2537,211,"최대 큰손 국민연금, 본격 코스닥 투자 임박? | 김성주 국민연금공단 이사장 [더 피플]"
2026-08-16 07:53:33,76567,2537,211,"최대 큰손 국민연금, 본격 코스닥 투자 임박? | 김성주 국민연금공단 이사장 [더 피플]"
2026-08-16 08:07:29,76567,2537,211,"최대 큰손 국민연금, 본격 코스닥 투자 임박? | 김성주 국민연금공단 이사장 [더 피플]"
2026-08-16 08:30:10,76567,2537,211,"최대 큰손 국민연금, 본격 코스닥 투자 임박? | 김성주 국민연금공단 이사장 [더 피플]"
2026-08-16 08:45:56,76567,2537,211,"최대 큰손 국민연금, 본격 코스닥 투자 임박? | 김성주 국민연금공단 이사장 [더 피플]"
2026-08-16 08:57:35,76567,2537,211,"최대 큰손 국민연금, 본격 코스닥 투자 임박? | 김성주 국민연금공단 이사장 [더 피플]"
2026-08-16 10:00:11,76567,2537,211,"최대 큰손 국민연금, 본격 코스닥 투자 임박? | 김성주 국민연금공단 이사장 [더 피플]"
2026-08-16 11:21:18,76567,2537,211,"최대 큰손 국민연금, 본격 코스닥 투자 임박? | 김성주 국민연금공단 이사장 [더 피플]"
2026-08-16 12:15:43,76567,2537,211,"최대 큰손 국민연금, 본격 코스닥 투자 임박? | 김성주 국민연금공단 이사장 [더 피플]"
2026-08-16 13:00:10,76567,2537,211,"최대 큰손 국민연금, 본격 코스닥 투자 임박? | 김성주 국민연금공단 이사장 [더 피플]"
2026-08-16 13:37:24,76567,2537,211,"최대 큰손 국민연금, 본격 코스닥 투자 임박? | 김성주 국민연금공단 이사장 [더 피플]"
2026-08-16 14:03:39,76567,2537,211,"최대 큰손 국민연금, 본격 코스닥 투자 임박? | 김성주 국민연금공단 이사장 [더 피플]"
2026-08-16 14:35:39,76567,2537,211,"최대 큰손 국민연금, 본격 코스닥 투자 임박? | 김성주 국민연금공단 이사장 [더 피플]"
2026-08-16 14:56:46,76567,2537,211,"최대 큰손 국민연금, 본격 코스닥 투자 임박? | 김성주 국민연금공단 이사장 [더 피플]"
2026-08-16 15:26:55,76567,2537,211,"최대 큰손 국민연금, 본격 코스닥 투자 임박? | 김성주 국민연금공단 이사장 [더 피플]"
2026-08-16 16:07:41,76567,2537,211,"최대 큰손 국민연금, 본격 코스닥 투자 임박? | 김성주 국민연금공단 이사장 [더 피플]"
2026-08-16 16:40:16,76567,2537,211,"최대 큰손 국민연금, 본격 코스닥 투자 임박? | 김성주 국민연금공단 이사장 [더 피플]"
2026-08-16 16:57:29,76567,2537,211,"최대 큰손 국민연금, 본격 코스닥 투자 임박? | 김성주 국민연금공단 이사장 [더 피플]"
2026-08-16 17:21:55,76567,2537,211,"최대 큰손 국민연금, 본격 코스닥 투자 임박? | 김성주 국민연금공단 이사장 [더 피플]"
2026-08-16 17:51:23,76567,2537,211,"최대 큰손 국민연금, 본격 코스닥 투자 임박? | 김성주 국민연금공단 이사장 [더 피플]"
2026-08-16 18:12:11,76567,2537,211,"최대 큰손 국민연금, 본격 코스닥 투자 임박? | 김성주 국민연금공단 이사장 [더 피플]"
2026-08-16 18:39:55,76567,2537,211,"최대 큰손 국민연금, 본격 코스닥 투자 임박? | 김성주 국민연금공단 이사장 [더 피플]"
2026-08-16 18:56:18,76567,2537,211,"최대 큰손 국민연금, 본격 코스닥 투자 임박? | 김성주 국민연금공단 이사장 [더 피플]"
2026-08-16 19:14:13,76567,2537,211,"최대 큰손 국민연금, 본격 코스닥 투자 임박? | 김성주 국민연금공단 이사장 [더 피플]"
2026-08-16 19:39:50,76567,2537,211,"최대 큰손 국민연금, 본격 코스닥 투자 임박? | 김성주 국민연금공단 이사장 [더 피플]"
2026-08-16 19:56:15,76567,2537,211,"최대 큰손 국민연금, 본격 코스닥 투자 임박? | 김성주 국민연금공단 이사장 [더 피플]"
2026-08-16 20:12:11,76567,2537,211,"최대 큰손 국민연금, 본격 코스닥 투자 임박? | 김성주 국민연금공단 이사장 [더 피플]"
2026-08-16 20:32:38,76567,2537,211,"최대 큰손 국민연금, 본격 코스닥 투자 임박? | 김성주 국민연금공단 이사장 [더 피플]"
2026-08-16 20:48:32,76567,2537,211,"최대 큰손 국민연금, 본격 코스닥 투자 임박? | 김성주 국민연금공단 이사장 [더 피플]"
2026-08-16 20:59:48,76567,2537,211,"최대 큰손 국민연금, 본격 코스닥 투자 임박? | 김성주 국민연금공단 이사장 [더 피플]"
2026-08-16 21:39:44,76567,2537,211,"최대 큰손 국민연금, 본격 코스닥 투자 임박? | 김성주 국민연금공단 이사장 [더 피플]"
2026-08-16 22:16:51,76567,2537,211,"최대 큰손 국민연금, 본격 코스닥 투자 임박? | 김성주 국민연금공단 이사장 [더 피플]"
2026-08-16 22:46:00,76567,2537,211,"최대 큰손 국민연금, 본격 코스닥 투자 임박? | 김성주 국민연금공단 이사장 [더 피플]"
2026-08-16 23:00:19,76567,2537,211,"최대 큰손 국민연금, 본격 코스닥 투자 임박? | 김성주 국민연금공단 이사장 [더 피플]"
2026-08-16 23:24:55,76567,2537,211,"최대 큰손 국민연금, 본격 코스닥 투자 임박? | 김성주 국민연금공단 이사장 [더 피플]"
2026-08-16 23:44:15,76567,2537,211,"최대 큰손 국민연금, 본격 코스닥 투자 임박? | 김성주 국민연금공단 이사장 [더 피플]"
2026-08-16 23:58:52,76567,2537,211,"최대 큰손 국민연금, 본격 코스닥 투자 임박? | 김성주 국민연금공단 이사장 [더 피플]"
2026-08-17 00:19:23,76567,2537,211,"최대 큰손 국민연금, 본격 코스닥 투자 임박? | 김성주 국민연금공단 이사장 [더 피플]"
2026-08-17 00:40:01,76567,2537,211,"최대 큰손 국민연금, 본격 코스닥 투자 임박? | 김성주 국민연금공단 이사장 [더 피플]"
2026-08-17 00:54:51,76567,2537,211,"최대 큰손 국민연금, 본격 코스닥 투자 임박? | 김성주 국민연금공단 이사장 [더 피플]"
2026-08-17 01:10:19,76570,2537,211,"최대 큰손 국민연금, 본격 코스닥 투자 임박? | 김성주 국민연금공단 이사장 [더 피플]"
2026-08-17 01:39:11,76570,2537,211,"최대 큰손 국민연금, 본격 코스닥 투자 임박? | 김성주 국민연금공단 이사장 [더 피플]"
2026-08-17 01:56:56,76570,2537,211,"최대 큰손 국민연금, 본격 코스닥 투자 임박? | 김성주 국민연금공단 이사장 [더 피플]"
2026-08-17 02:13:58,76570,2537,211,"최대 큰손 국민연금, 본격 코스닥 투자 임박? | 김성주 국민연금공단 이사장 [더 피플]"
2026-08-17 02:33:41,76570,2537,211,"최대 큰손 국민연금, 본격 코스닥 투자 임박? | 김성주 국민연금공단 이사장 [더 피플]"
2026-08-17 02:49:26,76570,2537,211,"최대 큰손 국민연금, 본격 코스닥 투자 임박? | 김성주 국민연금공단 이사장 [더 피플]"
2026-08-17 02:59:31,76570,2537,211,"최대 큰손 국민연금, 본격 코스닥 투자 임박? | 김성주 국민연금공단 이사장 [더 피플]"
2026-08-17 03:28:22,76570,2537,211,"최대 큰손 국민연금, 본격 코스닥 투자 임박? | 김성주 국민연금공단 이사장 [더 피플]"
2026-08-17 03:55:16,76570,2537,211,"최대 큰손 국민연금, 본격 코스닥 투자 임박? | 김성주 국민연금공단 이사장 [더 피플]"
2026-08-17 04:12:57,76570,2537,211,"최대 큰손 국민연금, 본격 코스닥 투자 임박? | 김성주 국민연금공단 이사장 [더 피플]"
2026-08-17 04:32:01,76570,2537,211,"최대 큰손 국민연금, 본격 코스닥 투자 임박? | 김성주 국민연금공단 이사장 [더 피플]"
2026-08-17 04:46:42,76570,2537,211,"최대 큰손 국민연금, 본격 코스닥 투자 임박? | 김성주 국민연금공단 이사장 [더 피플]"
2026-08-17 04:57:45,76570,2537,211,"최대 큰손 국민연금, 본격 코스닥 투자 임박? | 김성주 국민연금공단 이사장 [더 피플]"
2026-08-17 05:15:15,76570,2537,211,"최대 큰손 국민연금, 본격 코스닥 투자 임박? | 김성주 국민연금공단 이사장 [더 피플]"
2026-08-17 05:38:24,76570,2537,211,"최대 큰손 국민연금, 본격 코스닥 투자 임박? | 김성주 국민연금공단 이사장 [더 피플]"
2026-08-17 05:54:14,76570,2537,211,"최대 큰손 국민연금, 본격 코스닥 투자 임박? | 김성주 국민연금공단 이사장 [더 피플]"
2026-08-17 06:07:08,76570,2537,211,"최대 큰손 국민연금, 본격 코스닥 투자 임박? | 김성주 국민연금공단 이사장 [더 피플]"
2026-08-17 06:30:40,76570,2537,211,"최대 큰손 국민연금, 본격 코스닥 투자 임박? | 김성주 국민연금공단 이사장 [더 피플]"
2026-08-17 06:46:18,76570,2537,211,"최대 큰손 국민연금, 본격 코스닥 투자 임박? | 김성주 국민연금공단 이사장 [더 피플]"
2026-08-17 06:57:24,76570,2537,211,"최대 큰손 국민연금, 본격 코스닥 투자 임박? | 김성주 국민연금공단 이사장 [더 피플]"
2026-08-17 07:14:49,76570,2537,211,"최대 큰손 국민연금, 본격 코스닥 투자 임박? | 김성주 국민연금공단 이사장 [더 피플]"
2026-08-17 07:36:35,76570,2537,211,"최대 큰손 국민연금, 본격 코스닥 투자 임박? | 김성주 국민연금공단 이사장 [더 피플]"
2026-08-17 07:52:46,76570,2537,211,"최대 큰손 국민연금, 본격 코스닥 투자 임박? | 김성주 국민연금공단 이사장 [더 피플]"
2026-08-17 08:01:17,76570,2537,211,"최대 큰손 국민연금, 본격 코스닥 투자 임박? | 김성주 국민연금공단 이사장 [더 피플]"
2026-08-17 08:24:57,76570,2537,211,"최대 큰손 국민연금, 본격 코스닥 투자 임박? | 김성주 국민연금공단 이사장 [더 피플]"
2026-08-17 08:39:59,76570,2537,211,"최대 큰손 국민연금, 본격 코스닥 투자 임박? | 김성주 국민연금공단 이사장 [더 피플]"
2026-08-17 08:53:10,76570,2537,211,"최대 큰손 국민연금, 본격 코스닥 투자 임박? | 김성주 국민연금공단 이사장 [더 피플]"
2026-08-17 09:23:56,76570,2537,211,"최대 큰손 국민연금, 본격 코스닥 투자 임박? | 김성주 국민연금공단 이사장 [더 피플]"
2026-08-17 10:58:35,76570,2537,211,"최대 큰손 국민연금, 본격 코스닥 투자 임박? | 김성주 국민연금공단 이사장 [더 피플]"
2026-08-17 11:57:14,76570,2537,211,"최대 큰손 국민연금, 본격 코스닥 투자 임박? | 김성주 국민연금공단 이사장 [더 피플]"
2026-08-17 12:43:51,76570,2537,211,"최대 큰손 국민연금, 본격 코스닥 투자 임박? | 김성주 국민연금공단 이사장 [더 피플]"
2026-08-17 13:25:25,76570,2537,211,"최대 큰손 국민연금, 본격 코스닥 투자 임박? | 김성주 국민연금공단 이사장 [더 피플]"
2026-08-17 14:04:29,76570,2537,211,"최대 큰손 국민연금, 본격 코스닥 투자 임박? | 김성주 국민연금공단 이사장 [더 피플]"
2026-08-17 14:42:45,76570,2537,211,"최대 큰손 국민연금, 본격 코스닥 투자 임박? | 김성주 국민연금공단 이사장 [더 피플]"
2026-08-17 15:04:25,76570,2537,211,"최대 큰손 국민연금, 본격 코스닥 투자 임박? | 김성주 국민연금공단 이사장 [더 피플]"
2026-08-17 16:10:44,76570,2537,211,"최대 큰손 국민연금, 본격 코스닥 투자 임박? | 김성주 국민연금공단 이사장 [더 피플]"
2026-08-17 16:58:14,76570,2537,211,"최대 큰손 국민연금, 본격 코스닥 투자 임박? | 김성주 국민연금공단 이사장 [더 피플]"
2026-08-17 17:38:38,76570,2537,211,"최대 큰손 국민연금, 본격 코스닥 투자 임박? | 김성주 국민연금공단 이사장 [더 피플]"
2026-08-17 18:21:34,76570,2537,211,"최대 큰손 국민연금, 본격 코스닥 투자 임박? | 김성주 국민연금공단 이사장 [더 피플]"
2026-08-17 19:01:05,76570,2537,211,"최대 큰손 국민연금, 본격 코스닥 투자 임박? | 김성주 국민연금공단 이사장 [더 피플]"
2026-08-17 19:36:02,76570,2537,211,"최대 큰손 국민연금, 본격 코스닥 투자 임박? | 김성주 국민연금공단 이사장 [더 피플]"
2026-08-17 19:59:33,76570,2537,211,"최대 큰손 국민연금, 본격 코스닥 투자 임박? | 김성주 국민연금공단 이사장 [더 피플]"
2026-08-17 20:25:50,76570,2537,211,"최대 큰손 국민연금, 본격 코스닥 투자 임박? | 김성주 국민연금공단 이사장 [더 피플]"
2026-08-17 20:46:56,76570,2537,211,"최대 큰손 국민연금, 본격 코스닥 투자 임박? | 김성주 국민연금공단 이사장 [더 피플]"
2026-08-17 21:00:54,76570,2537,211,"최대 큰손 국민연금, 본격 코스닥 투자 임박? | 김성주 국민연금공단 이사장 [더 피플]"
2026-08-17 21:51:40,76570,2537,211,"최대 큰손 국민연금, 본격 코스닥 투자 임박? | 김성주 국민연금공단 이사장 [더 피플]"
2026-08-17 22:28:17,76570,2537,211,"최대 큰손 국민연금, 본격 코스닥 투자 임박? | 김성주 국민연금공단 이사장 [더 피플]"
2026-08-17 23:00:28,76570,2537,211,"최대 큰손 국민연금, 본격 코스닥 투자 임박? | 김성주 국민연금공단 이사장 [더 피플]"
2026-08-17 23:30:36,76570,2537,211,"최대 큰손 국민연금, 본격 코스닥 투자 임박? | 김성주 국민연금공단 이사장 [더 피플]"
2026-08-17 23:54:49,76570,2537,211,"최대 큰손 국민연금, 본격 코스닥 투자 임박? | 김성주 국민연금공단 이사장 [더 피플]"
2026-08-18 00:13:35,76570,2537,211,"최대 큰손 국민연금, 본격 코스닥 투자 임박? | 김성주 국민연금공단 이사장 [더 피플]"
2026-08-18 00:38:54,76570,2537,211,"최대 큰손 국민연금, 본격 코스닥 투자 임박? | 김성주 국민연금공단 이사장 [더 피플]"
2026-08-18 00:55:38,76570,2537,211,"최대 큰손 국민연금, 본격 코스닥 투자 임박? | 김성주 국민연금공단 이사장 [더 피플]"
2026-08-18 01:14:55,76570,2537,211,"최대 큰손 국민연금, 본격 코스닥 투자 임박? | 김성주 국민연금공단 이사장 [더 피플]"
2026-08-18 01:45:32,76570,2537,211,"최대 큰손 국민연금, 본격 코스닥 투자 임박? | 김성주 국민연금공단 이사장 [더 피플]"
2026-08-18 02:05:04,76570,2537,211,"최대 큰손 국민연금, 본격 코스닥 투자 임박? | 김성주 국민연금공단 이사장 [더 피플]"
2026-08-18 02:36:29,76570,2537,211,"최대 큰손 국민연금, 본격 코스닥 투자 임박? | 김성주 국민연금공단 이사장 [더 피플]"
2026-08-18 02:58:47,76570,2537,211,"최대 큰손 국민연금, 본격 코스닥 투자 임박? | 김성주 국민연금공단 이사장 [더 피플]"
2026-08-18 03:36:11,76570,2537,211,"최대 큰손 국민연금, 본격 코스닥 투자 임박? | 김성주 국민연금공단 이사장 [더 피플]"
2026-08-18 04:09:29,76570,2537,211,"최대 큰손 국민연금, 본격 코스닥 투자 임박? | 김성주 국민연금공단 이사장 [더 피플]"
2026-08-18 04:37:03,76570,2537,211,"최대 큰손 국민연금, 본격 코스닥 투자 임박? | 김성주 국민연금공단 이사장 [더 피플]"
2026-08-18 04:55:10,76570,2537,211,"최대 큰손 국민연금, 본격 코스닥 투자 임박? | 김성주 국민연금공단 이사장 [더 피플]"
2026-08-18 05:13:33,76570,2537,211,"최대 큰손 국민연금, 본격 코스닥 투자 임박? | 김성주 국민연금공단 이사장 [더 피플]"
2026-08-18 05:42:41,76570,2537,211,"최대 큰손 국민연금, 본격 코스닥 투자 임박? | 김성주 국민연금공단 이사장 [더 피플]"
2026-08-18 06:01:38,76570,2537,211,"최대 큰손 국민연금, 본격 코스닥 투자 임박? | 김성주 국민연금공단 이사장 [더 피플]"
2026-08-18 06:30:50,76570,2537,211,"최대 큰손 국민연금, 본격 코스닥 투자 임박? | 김성주 국민연금공단 이사장 [더 피플]"
2026-08-18 06:51:16,76570,2537,211,"최대 큰손 국민연금, 본격 코스닥 투자 임박? | 김성주 국민연금공단 이사장 [더 피플]"
2026-08-18 07:06:26,76570,2537,211,"최대 큰손 국민연금, 본격 코스닥 투자 임박? | 김성주 국민연금공단 이사장 [더 피플]"
2026-08-18 07:35:17,76570,2537,211,"최대 큰손 국민연금, 본격 코스닥 투자 임박? | 김성주 국민연금공단 이사장 [더 피플]"
2026-08-18 07:54:05,76570,2537,211,"최대 큰손 국민연금, 본격 코스닥 투자 임박? | 김성주 국민연금공단 이사장 [더 피플]"
2026-08-18 08:09:30,76570,2537,211,"최대 큰손 국민연금, 본격 코스닥 투자 임박? | 김성주 국민연금공단 이사장 [더 피플]"
2026-08-18 08:33:23,76570,2537,211,"최대 큰손 국민연금, 본격 코스닥 투자 임박? | 김성주 국민연금공단 이사장 [더 피플]"
2026-08-18 08:49:57,76570,2537,211,"최대 큰손 국민연금, 본격 코스닥 투자 임박? | 김성주 국민연금공단 이사장 [더 피플]"
2026-08-18 09:01:34,76570,2537,211,"최대 큰손 국민연금, 본격 코스닥 투자 임박? | 김성주 국민연금공단 이사장 [더 피플]"
2026-08-18 10:37:09,76570,2537,211,"최대 큰손 국민연금, 본격 코스닥 투자 임박? | 김성주 국민연금공단 이사장 [더 피플]"
2026-08-18 11:40:12,76570,2537,211,"최대 큰손 국민연금, 본격 코스닥 투자 임박? | 김성주 국민연금공단 이사장 [더 피플]"
2026-08-18 12:25:39,76570,2537,211,"최대 큰손 국민연금, 본격 코스닥 투자 임박? | 김성주 국민연금공단 이사장 [더 피플]"
2026-08-18 13:03:41,76570,2537,211,"최대 큰손 국민연금, 본격 코스닥 투자 임박? | 김성주 국민연금공단 이사장 [더 피플]"
2026-08-18 13:44:14,76570,2537,211,"최대 큰손 국민연금, 본격 코스닥 투자 임박? | 김성주 국민연금공단 이사장 [더 피플]"
2026-08-18 14:13:05,76570,2537,211,"최대 큰손 국민연금, 본격 코스닥 투자 임박? | 김성주 국민연금공단 이사장 [더 피플]"
2026-08-18 14:44:05,76570,2537,211,"최대 큰손 국민연금, 본격 코스닥 투자 임박? | 김성주 국민연금공단 이사장 [더 피플]"
2026-08-18 15:01:39,76570,2537,211,"최대 큰손 국민연금, 본격 코스닥 투자 임박? | 김성주 국민연금공단 이사장 [더 피플]"
2026-08-18 15:53:42,76570,2537,211,"최대 큰손 국민연금, 본격 코스닥 투자 임박? | 김성주 국민연금공단 이사장 [더 피플]"
2026-08-18 16:25:47,76570,2537,211,"최대 큰손 국민연금, 본격 코스닥 투자 임박? | 김성주 국민연금공단 이사장 [더 피플]"
2026-08-18 16:59:50,76570,2537,211,"최대 큰손 국민연금, 본격 코스닥 투자 임박? | 김성주 국민연금공단 이사장 [더 피플]"
2026-08-18 17:37:51,76571,2537,211,"최대 큰손 국민연금, 본격 코스닥 투자 임박? | 김성주 국민연금공단 이사장 [더 피플]"
2026-08-18 18:06:01,76570,2537,211,"최대 큰손 국민연금, 본격 코스닥 투자 임박? | 김성주 국민연금공단 이사장 [더 피플]"
2026-08-18 18:43:33,76571,2537,211,"최대 큰손 국민연금, 본격 코스닥 투자 임박? | 김성주 국민연금공단 이사장 [더 피플]"
2026-08-18 19:02:40,76571,2537,211,"최대 큰손 국민연금, 본격 코스닥 투자 임박? | 김성주 국민연금공단 이사장 [더 피플]"
2026-08-18 19:36:53,76571,2537,211,"최대 큰손 국민연금, 본격 코스닥 투자 임박? | 김성주 국민연금공단 이사장 [더 피플]"
2026-08-18 19:58:33,76571,2537,211,"최대 큰손 국민연금, 본격 코스닥 투자 임박? | 김성주 국민연금공단 이사장 [더 피플]"
2026-08-18 20:22:12,76571,2537,211,"최대 큰손 국민연금, 본격 코스닥 투자 임박? | 김성주 국민연금공단 이사장 [더 피플]"
2026-08-18 20:45:42,76571,2537,211,"최대 큰손 국민연금, 본격 코스닥 투자 임박? | 김성주 국민연금공단 이사장 [더 피플]"
2026-08-18 21:01:32,76571,2537,211,"최대 큰손 국민연금, 본격 코스닥 투자 임박? | 김성주 국민연금공단 이사장 [더 피플]"
2026-08-18 21:56:35,76571,2537,211,"최대 큰손 국민연금, 본격 코스닥 투자 임박? | 김성주 국민연금공단 이사장 [더 피플]"
2026-08-18 22:36:23,76571,2537,211,"최대 큰손 국민연금, 본격 코스닥 투자 임박? | 김성주 국민연금공단 이사장 [더 피플]"
2026-08-18 23:09:21,76571,2537,211,"최대 큰손 국민연금, 본격 코스닥 투자 임박? | 김성주 국민연금공단 이사장 [더 피플]"
2026-08-18 23:48:17,76571,2537,211,"최대 큰손 국민연금, 본격 코스닥 투자 임박? | 김성주 국민연금공단 이사장 [더 피플]"
2026-08-19 00:14:27,76571,2537,211,"최대 큰손 국민연금, 본격 코스닥 투자 임박? | 김성주 국민연금공단 이사장 [더 피플]"
2026-08-19 00:45:55,76571,2537,211,"최대 큰손 국민연금, 본격 코스닥 투자 임박? | 김성주 국민연금공단 이사장 [더 피플]"
2026-08-19 01:03:36,76571,2537,211,"최대 큰손 국민연금, 본격 코스닥 투자 임박? | 김성주 국민연금공단 이사장 [더 피플]"
2026-08-19 01:40:55,76571,2537,211,"최대 큰손 국민연금, 본격 코스닥 투자 임박? | 김성주 국민연금공단 이사장 [더 피플]"
2026-08-19 02:02:11,76571,2537,211,"최대 큰손 국민연금, 본격 코스닥 투자 임박? | 김성주 국민연금공단 이사장 [더 피플]"
2026-08-19 02:33:49,76571,2537,211,"최대 큰손 국민연금, 본격 코스닥 투자 임박? | 김성주 국민연금공단 이사장 [더 피플]"
2026-08-19 02:56:23,76571,2537,211,"최대 큰손 국민연금, 본격 코스닥 투자 임박? | 김성주 국민연금공단 이사장 [더 피플]"
2026-08-19 03:24:47,76571,2537,211,"최대 큰손 국민연금, 본격 코스닥 투자 임박? | 김성주 국민연금공단 이사장 [더 피플]"
2026-08-19 04:03:26,76571,2537,211,"최대 큰손 국민연금, 본격 코스닥 투자 임박? | 김성주 국민연금공단 이사장 [더 피플]"
2026-08-19 04:33:28,76571,2537,211,"최대 큰손 국민연금, 본격 코스닥 투자 임박? | 김성주 국민연금공단 이사장 [더 피플]"
2026-08-19 04:51:13,76571,2537,211,"최대 큰손 국민연금, 본격 코스닥 투자 임박? | 김성주 국민연금공단 이사장 [더 피플]"
2026-08-19 05:01:37,76571,2537,211,"최대 큰손 국민연금, 본격 코스닥 투자 임박? | 김성주 국민연금공단 이사장 [더 피플]"
2026-08-19 05:30:15,76571,2537,211,"최대 큰손 국민연금, 본격 코스닥 투자 임박? | 김성주 국민연금공단 이사장 [더 피플]"
2026-08-19 05:50:47,76571,2537,211,"최대 큰손 국민연금, 본격 코스닥 투자 임박? | 김성주 국민연금공단 이사장 [더 피플]"
2026-08-19 06:09:19,76571,2537,211,"최대 큰손 국민연금, 본격 코스닥 투자 임박? | 김성주 국민연금공단 이사장 [더 피플]"
2026-08-19 06:34:42,76571,2537,211,"최대 큰손 국민연금, 본격 코스닥 투자 임박? | 김성주 국민연금공단 이사장 [더 피플]"
2026-08-19 06:51:45,76571,2537,211,"최대 큰손 국민연금, 본격 코스닥 투자 임박? | 김성주 국민연금공단 이사장 [더 피플]"
2026-08-19 07:01:43,76571,2537,211,"최대 큰손 국민연금, 본격 코스닥 투자 임박? | 김성주 국민연금공단 이사장 [더 피플]"
2026-08-19 07:29:56,76571,2537,211,"최대 큰손 국민연금, 본격 코스닥 투자 임박? | 김성주 국민연금공단 이사장 [더 피플]"
2026-08-19 07:51:31,76571,2537,211,"최대 큰손 국민연금, 본격 코스닥 투자 임박? | 김성주 국민연금공단 이사장 [더 피플]"
2026-08-19 08:08:25,76571,2537,211,"최대 큰손 국민연금, 본격 코스닥 투자 임박? | 김성주 국민연금공단 이사장 [더 피플]"
2026-08-19 08:32:44,76571,2537,211,"최대 큰손 국민연금, 본격 코스닥 투자 임박? | 김성주 국민연금공단 이사장 [더 피플]"
2026-08-19 08:50:02,76571,2537,211,"최대 큰손 국민연금, 본격 코스닥 투자 임박? | 김성주 국민연금공단 이사장 [더 피플]"
2026-08-19 09:01:06,76571,2537,211,"최대 큰손 국민연금, 본격 코스닥 투자 임박? | 김성주 국민연금공단 이사장 [더 피플]"
2026-08-19 10:34:45,76571,2537,211,"최대 큰손 국민연금, 본격 코스닥 투자 임박? | 김성주 국민연금공단 이사장 [더 피플]"
2026-08-19 11:42:30,76571,2537,211,"최대 큰손 국민연금, 본격 코스닥 투자 임박? | 김성주 국민연금공단 이사장 [더 피플]"
2026-08-19 12:28:17,76571,2537,211,"최대 큰손 국민연금, 본격 코스닥 투자 임박? | 김성주 국민연금공단 이사장 [더 피플]"
2026-08-19 13:06:50,76571,2537,211,"최대 큰손 국민연금, 본격 코스닥 투자 임박? | 김성주 국민연금공단 이사장 [더 피플]"
2026-08-19 13:47:05,76571,2537,211,"최대 큰손 국민연금, 본격 코스닥 투자 임박? | 김성주 국민연금공단 이사장 [더 피플]"
2026-08-19 14:14:48,76571,2537,211,"최대 큰손 국민연금, 본격 코스닥 투자 임박? | 김성주 국민연금공단 이사장 [더 피플]"
2026-08-19 14:46:49,76571,2537,211,"최대 큰손 국민연금, 본격 코스닥 투자 임박? | 김성주 국민연금공단 이사장 [더 피플]"
2026-08-19 15:04:11,76571,2537,211,"최대 큰손 국민연금, 본격 코스닥 투자 임박? | 김성주 국민연금공단 이사장 [더 피플]"
2026-08-19 15:58:42,76571,2537,211,"최대 큰손 국민연금, 본격 코스닥 투자 임박? | 김성주 국민연금공단 이사장 [더 피플]"
2026-08-19 16:35:53,76571,2537,211,"최대 큰손 국민연금, 본격 코스닥 투자 임박? | 김성주 국민연금공단 이사장 [더 피플]"
2026-08-19 17:05:39,76571,2537,211,"최대 큰손 국민연금, 본격 코스닥 투자 임박? | 김성주 국민연금공단 이사장 [더 피플]"
2026-08-19 17:49:37,76571,2537,211,"최대 큰손 국민연금, 본격 코스닥 투자 임박? | 김성주 국민연금공단 이사장 [더 피플]"
2026-08-19 18:17:17,76571,2537,211,"최대 큰손 국민연금, 본격 코스닥 투자 임박? | 김성주 국민연금공단 이사장 [더 피플]"
2026-08-19 18:50:57,76571,2537,211,"최대 큰손 국민연금, 본격 코스닥 투자 임박? | 김성주 국민연금공단 이사장 [더 피플]"
2026-08-19 19:12:09,76571,2537,211,"최대 큰손 국민연금, 본격 코스닥 투자 임박? | 김성주 국민연금공단 이사장 [더 피플]"
2026-08-19 19:44:37,76571,2537,211,"최대 큰손 국민연금, 본격 코스닥 투자 임박? | 김성주 국민연금공단 이사장 [더 피플]"
2026-08-19 20:02:09,76572,2537,211,"최대 큰손 국민연금, 본격 코스닥 투자 임박? | 김성주 국민연금공단 이사장 [더 피플]"
2026-08-19 20:32:02,76572,2537,211,"최대 큰손 국민연금, 본격 코스닥 투자 임박? | 김성주 국민연금공단 이사장 [더 피플]"
2026-08-19 20:52:37,76571,2537,211,"최대 큰손 국민연금, 본격 코스닥 투자 임박? | 김성주 국민연금공단 이사장 [더 피플]"
2026-08-19 21:15:18,76572,2537,211,"최대 큰손 국민연금, 본격 코스닥 투자 임박? | 김성주 국민연금공단 이사장 [더 피플]"
2026-08-19 22:09:08,76572,2537,211,"최대 큰손 국민연금, 본격 코스닥 투자 임박? | 김성주 국민연금공단 이사장 [더 피플]"
2026-08-19 22:53:48,76572,2537,211,"최대 큰손 국민연금, 본격 코스닥 투자 임박? | 김성주 국민연금공단 이사장 [더 피플]"
2026-08-19 23:19:54,76572,2537,211,"최대 큰손 국민연금, 본격 코스닥 투자 임박? | 김성주 국민연금공단 이사장 [더 피플]"
2026-08-19 23:55:55,76572,2537,211,"최대 큰손 국민연금, 본격 코스닥 투자 임박? | 김성주 국민연금공단 이사장 [더 피플]"
2026-08-20 00:21:27,76572,2537,211,"최대 큰손 국민연금, 본격 코스닥 투자 임박? | 김성주 국민연금공단 이사장 [더 피플]"
2026-08-20 00:50:34,76572,2537,211,"최대 큰손 국민연금, 본격 코스닥 투자 임박? | 김성주 국민연금공단 이사장 [더 피플]"
2026-08-20 01:13:32,76572,2537,211,"최대 큰손 국민연금, 본격 코스닥 투자 임박? | 김성주 국민연금공단 이사장 [더 피플]"
2026-08-20 01:45:36,76572,2537,211,"최대 큰손 국민연금, 본격 코스닥 투자 임박? | 김성주 국민연금공단 이사장 [더 피플]"
2026-08-20 02:03:34,76572,2537,211,"최대 큰손 국민연금, 본격 코스닥 투자 임박? | 김성주 국민연금공단 이사장 [더 피플]"
2026-08-20 02:33:59,76572,2537,211,"최대 큰손 국민연금, 본격 코스닥 투자 임박? | 김성주 국민연금공단 이사장 [더 피플]"
2026-08-20 02:53:05,76572,2537,211,"최대 큰손 국민연금, 본격 코스닥 투자 임박? | 김성주 국민연금공단 이사장 [더 피플]"
2026-08-20 03:12:37,76572,2537,211,"최대 큰손 국민연금, 본격 코스닥 투자 임박? | 김성주 국민연금공단 이사장 [더 피플]"
2026-08-20 03:51:52,76572,2537,211,"최대 큰손 국민연금, 본격 코스닥 투자 임박? | 김성주 국민연금공단 이사장 [더 피플]"
2026-08-20 04:13:37,76572,2537,211,"최대 큰손 국민연금, 본격 코스닥 투자 임박? | 김성주 국민연금공단 이사장 [더 피플]"
2026-08-20 04:38:33,76572,2537,211,"최대 큰손 국민연금, 본격 코스닥 투자 임박? | 김성주 국민연금공단 이사장 [더 피플]"
2026-08-20 04:55:25,76572,2537,211,"최대 큰손 국민연금, 본격 코스닥 투자 임박? | 김성주 국민연금공단 이사장 [더 피플]"
2026-08-20 05:14:26,76572,2537,211,"최대 큰손 국민연금, 본격 코스닥 투자 임박? | 김성주 국민연금공단 이사장 [더 피플]"
2026-08-20 05:45:12,76572,2537,211,"최대 큰손 국민연금, 본격 코스닥 투자 임박? | 김성주 국민연금공단 이사장 [더 피플]"
2026-08-20 06:03:41,76572,2537,211,"최대 큰손 국민연금, 본격 코스닥 투자 임박? | 김성주 국민연금공단 이사장 [더 피플]"
2026-08-20 06:33:30,76572,2537,211,"최대 큰손 국민연금, 본격 코스닥 투자 임박? | 김성주 국민연금공단 이사장 [더 피플]"
2026-08-20 06:53:21,76572,2537,211,"최대 큰손 국민연금, 본격 코스닥 투자 임박? | 김성주 국민연금공단 이사장 [더 피플]"
2026-08-20 07:37:44,76572,2537,211,"최대 큰손 국민연금, 본격 코스닥 투자 임박? | 김성주 국민연금공단 이사장 [더 피플]"
2026-08-20 07:56:00,76572,2537,211,"최대 큰손 국민연금, 본격 코스닥 투자 임박? | 김성주 국민연금공단 이사장 [더 피플]"
2026-08-20 08:14:30,76572,2537,211,"최대 큰손 국민연금, 본격 코스닥 투자 임박? | 김성주 국민연금공단 이사장 [더 피플]"
2026-08-20 08:36:05,76572,2537,211,"최대 큰손 국민연금, 본격 코스닥 투자 임박? | 김성주 국민연금공단 이사장 [더 피플]"
2026-08-20 08:53:12,76572,2537,211,"최대 큰손 국민연금, 본격 코스닥 투자 임박? | 김성주 국민연금공단 이사장 [더 피플]"
2026-08-20 09:24:10,76572,2537,211,"최대 큰손 국민연금, 본격 코스닥 투자 임박? | 김성주 국민연금공단 이사장 [더 피플]"
2026-08-20 10:55:50,76572,2537,211,"최대 큰손 국민연금, 본격 코스닥 투자 임박? | 김성주 국민연금공단 이사장 [더 피플]"
2026-08-20 11:48:01,76572,2537,211,"최대 큰손 국민연금, 본격 코스닥 투자 임박? | 김성주 국민연금공단 이사장 [더 피플]"
2026-08-20 12:31:49,76572,2537,211,"최대 큰손 국민연금, 본격 코스닥 투자 임박? | 김성주 국민연금공단 이사장 [더 피플]"
2026-08-20 13:09:18,76572,2537,211,"최대 큰손 국민연금, 본격 코스닥 투자 임박? | 김성주 국민연금공단 이사장 [더 피플]"
2026-08-20 13:49:25,76572,2537,211,"최대 큰손 국민연금, 본격 코스닥 투자 임박? | 김성주 국민연금공단 이사장 [더 피플]"
2026-08-20 14:16:32,76572,2537,211,"최대 큰손 국민연금, 본격 코스닥 투자 임박? | 김성주 국민연금공단 이사장 [더 피플]"
2026-08-20 14:47:39,76572,2537,211,"최대 큰손 국민연금, 본격 코스닥 투자 임박? | 김성주 국민연금공단 이사장 [더 피플]"
2026-08-20 15:16:39,76572,2537,211,"최대 큰손 국민연금, 본격 코스닥 투자 임박? | 김성주 국민연금공단 이사장 [더 피플]"
2026-08-20 16:07:49,76572,2537,211,"최대 큰손 국민연금, 본격 코스닥 투자 임박? | 김성주 국민연금공단 이사장 [더 피플]"
2026-08-20 16:52:25,76572,2537,211,"최대 큰손 국민연금, 본격 코스닥 투자 임박? | 김성주 국민연금공단 이사장 [더 피플]"
2026-08-20 17:19:53,76572,2537,211,"최대 큰손 국민연금, 본격 코스닥 투자 임박? | 김성주 국민연금공단 이사장 [더 피플]"
2026-08-20 17:59:24,76572,2537,211,"최대 큰손 국민연금, 본격 코스닥 투자 임박? | 김성주 국민연금공단 이사장 [더 피플]"
2026-08-20 18:33:42,76572,2537,211,"최대 큰손 국민연금, 본격 코스닥 투자 임박? | 김성주 국민연금공단 이사장 [더 피플]"
2026-08-20 19:02:29,76572,2537,211,"최대 큰손 국민연금, 본격 코스닥 투자 임박? | 김성주 국민연금공단 이사장 [더 피플]"
2026-08-20 19:38:18,76572,2537,211,"최대 큰손 국민연금, 본격 코스닥 투자 임박? | 김성주 국민연금공단 이사장 [더 피플]"
2026-08-20 20:00:53,76572,2537,211,"최대 큰손 국민연금, 본격 코스닥 투자 임박? | 김성주 국민연금공단 이사장 [더 피플]"
2026-08-20 20:29:39,76572,2537,211,"최대 큰손 국민연금, 본격 코스닥 투자 임박? | 김성주 국민연금공단 이사장 [더 피플]"
2026-08-20 20:53:25,76572,2537,211,"최대 큰손 국민연금, 본격 코스닥 투자 임박? | 김성주 국민연금공단 이사장 [더 피플]"
2026-08-20 21:17:28,76572,2537,211,"최대 큰손 국민연금, 본격 코스닥 투자 임박? | 김성주 국민연금공단 이사장 [더 피플]"
2026-08-20 22:13:25,76572,2537,211,"최대 큰손 국민연금, 본격 코스닥 투자 임박? | 김성주 국민연금공단 이사장 [더 피플]"
2026-08-20 22:58:37,76572,2537,211,"최대 큰손 국민연금, 본격 코스닥 투자 임박? | 김성주 국민연금공단 이사장 [더 피플]"
2026-08-20 23:33:14,76572,2537,211,"최대 큰손 국민연금, 본격 코스닥 투자 임박? | 김성주 국민연금공단 이사장 [더 피플]"
2026-08-21 00:06:48,76572,2537,211,"최대 큰손 국민연금, 본격 코스닥 투자 임박? | 김성주 국민연금공단 이사장 [더 피플]"
2026-08-21 00:44:29,76572,2537,211,"최대 큰손 국민연금, 본격 코스닥 투자 임박? | 김성주 국민연금공단 이사장 [더 피플]"
2026-08-21 01:04:23,76572,2537,211,"최대 큰손 국민연금, 본격 코스닥 투자 임박? | 김성주 국민연금공단 이사장 [더 피플]"
2026-08-21 01:45:00,76572,2537,211,"최대 큰손 국민연금, 본격 코스닥 투자 임박? | 김성주 국민연금공단 이사장 [더 피플]"
2026-08-21 02:10:20,76572,2537,211,"최대 큰손 국민연금, 본격 코스닥 투자 임박? | 김성주 국민연금공단 이사장 [더 피플]"
2026-08-21 02:42:16,76572,2537,211,"최대 큰손 국민연금, 본격 코스닥 투자 임박? | 김성주 국민연금공단 이사장 [더 피플]"
2026-08-21 03:01:16,76572,2537,211,"최대 큰손 국민연금, 본격 코스닥 투자 임박? | 김성주 국민연금공단 이사장 [더 피플]"
2026-08-21 03:47:11,76572,2537,211,"최대 큰손 국민연금, 본격 코스닥 투자 임박? | 김성주 국민연금공단 이사장 [더 피플]"
2026-08-21 04:19:16,76572,2537,211,"최대 큰손 국민연금, 본격 코스닥 투자 임박? | 김성주 국민연금공단 이사장 [더 피플]"
2026-08-21 04:48:25,76572,2537,211,"최대 큰손 국민연금, 본격 코스닥 투자 임박? | 김성주 국민연금공단 이사장 [더 피플]"
2026-08-21 05:10:09,76572,2537,211,"최대 큰손 국민연금, 본격 코스닥 투자 임박? | 김성주 국민연금공단 이사장 [더 피플]"
2026-08-21 05:43:14,76572,2537,211,"최대 큰손 국민연금, 본격 코스닥 투자 임박? | 김성주 국민연금공단 이사장 [더 피플]"
2026-08-21 06:03:11,76572,2537,211,"최대 큰손 국민연금, 본격 코스닥 투자 임박? | 김성주 국민연금공단 이사장 [더 피플]"
2026-08-21 06:35:18,76572,2537,211,"최대 큰손 국민연금, 본격 코스닥 투자 임박? | 김성주 국민연금공단 이사장 [더 피플]"
2026-08-21 06:56:03,76572,2537,211,"최대 큰손 국민연금, 본격 코스닥 투자 임박? | 김성주 국민연금공단 이사장 [더 피플]"
2026-08-21 07:16:54,76572,2537,211,"최대 큰손 국민연금, 본격 코스닥 투자 임박? | 김성주 국민연금공단 이사장 [더 피플]"
2026-08-21 07:46:53,76572,2537,211,"최대 큰손 국민연금, 본격 코스닥 투자 임박? | 김성주 국민연금공단 이사장 [더 피플]"
2026-08-21 08:04:13,76572,2537,211,"최대 큰손 국민연금, 본격 코스닥 투자 임박? | 김성주 국민연금공단 이사장 [더 피플]"
2026-08-21 08:33:53,76572,2537,211,"최대 큰손 국민연금, 본격 코스닥 투자 임박? | 김성주 국민연금공단 이사장 [더 피플]"
2026-08-21 08:52:52,76572,2537,211,"최대 큰손 국민연금, 본격 코스닥 투자 임박? | 김성주 국민연금공단 이사장 [더 피플]"
2026-08-21 09:26:31,76572,2537,211,"최대 큰손 국민연금, 본격 코스닥 투자 임박? | 김성주 국민연금공단 이사장 [더 피플]"
2026-08-21 11:05:45,76572,2537,211,"최대 큰손 국민연금, 본격 코스닥 투자 임박? | 김성주 국민연금공단 이사장 [더 피플]"
2026-08-21 12:11:50,76572,2537,211,"최대 큰손 국민연금, 본격 코스닥 투자 임박? | 김성주 국민연금공단 이사장 [더 피플]"
2026-08-21 12:58:27,76572,2537,211,"최대 큰손 국민연금, 본격 코스닥 투자 임박? | 김성주 국민연금공단 이사장 [더 피플]"
2026-08-21 13:35:11,76572,2537,211,"최대 큰손 국민연금, 본격 코스닥 투자 임박? | 김성주 국민연금공단 이사장 [더 피플]"
2026-08-21 14:07:10,76572,2537,211,"최대 큰손 국민연금, 본격 코스닥 투자 임박? | 김성주 국민연금공단 이사장 [더 피플]"
2026-08-21 14:44:14,76572,2537,211,"최대 큰손 국민연금, 본격 코스닥 투자 임박? | 김성주 국민연금공단 이사장 [더 피플]"
2026-08-21 15:03:49,76572,2537,211,"최대 큰손 국민연금, 본격 코스닥 투자 임박? | 김성주 국민연금공단 이사장 [더 피플]"
2026-08-21 16:00:15,76572,2537,211,"최대 큰손 국민연금, 본격 코스닥 투자 임박? | 김성주 국민연금공단 이사장 [더 피플]"
2026-08-21 16:44:05,76572,2537,211,"최대 큰손 국민연금, 본격 코스닥 투자 임박? | 김성주 국민연금공단 이사장 [더 피플]"
2026-08-21 17:19:13,76572,2537,211,"최대 큰손 국민연금, 본격 코스닥 투자 임박? | 김성주 국민연금공단 이사장 [더 피플]"
2026-08-21 18:00:52,76572,2537,211,"최대 큰손 국민연금, 본격 코스닥 투자 임박? | 김성주 국민연금공단 이사장 [더 피플]"
2026-08-21 18:40:25,76572,2537,211,"최대 큰손 국민연금, 본격 코스닥 투자 임박? | 김성주 국민연금공단 이사장 [더 피플]"
2026-08-21 19:04:34,76572,2537,211,"최대 큰손 국민연금, 본격 코스닥 투자 임박? | 김성주 국민연금공단 이사장 [더 피플]"
2026-08-21 19:39:02,76572,2537,211,"최대 큰손 국민연금, 본격 코스닥 투자 임박? | 김성주 국민연금공단 이사장 [더 피플]"
2026-08-21 20:01:04,76572,2537,211,"최대 큰손 국민연금, 본격 코스닥 투자 임박? | 김성주 국민연금공단 이사장 [더 피플]"
2026-08-21 20:30:49,76572,2537,211,"최대 큰손 국민연금, 본격 코스닥 투자 임박? | 김성주 국민연금공단 이사장 [더 피플]"
2026-08-21 20:53:36,76572,2537,211,"최대 큰손 국민연금, 본격 코스닥 투자 임박? | 김성주 국민연금공단 이사장 [더 피플]"
2026-08-21 21:17:41,76572,2537,211,"최대 큰손 국민연금, 본격 코스닥 투자 임박? | 김성주 국민연금공단 이사장 [더 피플]"
2026-08-21 22:13:07,76572,2537,211,"최대 큰손 국민연금, 본격 코스닥 투자 임박? | 김성주 국민연금공단 이사장 [더 피플]"
2026-08-21 22:57:08,76572,2537,211,"최대 큰손 국민연금, 본격 코스닥 투자 임박? | 김성주 국민연금공단 이사장 [더 피플]"
2026-08-21 23:27:44,76572,2537,211,"최대 큰손 국민연금, 본격 코스닥 투자 임박? | 김성주 국민연금공단 이사장 [더 피플]"
2026-08-22 00:02:02,76572,2537,211,"최대 큰손 국민연금, 본격 코스닥 투자 임박? | 김성주 국민연금공단 이사장 [더 피플]"
2026-08-22 00:40:09,76572,2537,211,"최대 큰손 국민연금, 본격 코스닥 투자 임박? | 김성주 국민연금공단 이사장 [더 피플]"
2026-08-22 01:02:52,76572,2537,211,"최대 큰손 국민연금, 본격 코스닥 투자 임박? | 김성주 국민연금공단 이사장 [더 피플]"
2026-08-22 01:43:21,76572,2537,211,"최대 큰손 국민연금, 본격 코스닥 투자 임박? | 김성주 국민연금공단 이사장 [더 피플]"
2026-08-22 02:05:42,76572,2537,211,"최대 큰손 국민연금, 본격 코스닥 투자 임박? | 김성주 국민연금공단 이사장 [더 피플]"
2026-08-22 02:38:02,76572,2537,211,"최대 큰손 국민연금, 본격 코스닥 투자 임박? | 김성주 국민연금공단 이사장 [더 피플]"
2026-08-22 02:59:59,76572,2537,211,"최대 큰손 국민연금, 본격 코스닥 투자 임박? | 김성주 국민연금공단 이사장 [더 피플]"
2026-08-22 03:37:42,76572,2537,211,"최대 큰손 국민연금, 본격 코스닥 투자 임박? | 김성주 국민연금공단 이사장 [더 피플]"
2026-08-22 04:08:32,76572,2537,211,"최대 큰손 국민연금, 본격 코스닥 투자 임박? | 김성주 국민연금공단 이사장 [더 피플]"
2026-08-22 04:33:28,76572,2537,211,"최대 큰손 국민연금, 본격 코스닥 투자 임박? | 김성주 국민연금공단 이사장 [더 피플]"
2026-08-22 04:49:59,76572,2537,211,"최대 큰손 국민연금, 본격 코스닥 투자 임박? | 김성주 국민연금공단 이사장 [더 피플]"
2026-08-22 05:01:11,76572,2537,211,"최대 큰손 국민연금, 본격 코스닥 투자 임박? | 김성주 국민연금공단 이사장 [더 피플]"
2026-08-22 05:30:32,76572,2537,211,"최대 큰손 국민연금, 본격 코스닥 투자 임박? | 김성주 국민연금공단 이사장 [더 피플]"
2026-08-22 05:50:54,76572,2537,211,"최대 큰손 국민연금, 본격 코스닥 투자 임박? | 김성주 국민연금공단 이사장 [더 피플]"
2026-08-22 06:09:22,76572,2537,211,"최대 큰손 국민연금, 본격 코스닥 투자 임박? | 김성주 국민연금공단 이사장 [더 피플]"
2026-08-22 06:35:28,76572,2537,211,"최대 큰손 국민연금, 본격 코스닥 투자 임박? | 김성주 국민연금공단 이사장 [더 피플]"
2026-08-22 06:54:05,76572,2537,211,"최대 큰손 국민연금, 본격 코스닥 투자 임박? | 김성주 국민연금공단 이사장 [더 피플]"
2026-08-22 07:09:14,76572,2537,211,"최대 큰손 국민연금, 본격 코스닥 투자 임박? | 김성주 국민연금공단 이사장 [더 피플]"
2026-08-22 07:37:15,76572,2537,211,"최대 큰손 국민연금, 본격 코스닥 투자 임박? | 김성주 국민연금공단 이사장 [더 피플]"
2026-08-22 07:55:49,76572,2537,211,"최대 큰손 국민연금, 본격 코스닥 투자 임박? | 김성주 국민연금공단 이사장 [더 피플]"
2026-08-22 08:14:01,76572,2537,211,"최대 큰손 국민연금, 본격 코스닥 투자 임박? | 김성주 국민연금공단 이사장 [더 피플]"
2026-08-22 08:37:35,76572,2537,211,"최대 큰손 국민연금, 본격 코스닥 투자 임박? | 김성주 국민연금공단 이사장 [더 피플]"
2026-08-22 08:54:51,76572,2537,211,"최대 큰손 국민연금, 본격 코스닥 투자 임박? | 김성주 국민연금공단 이사장 [더 피플]"
2026-08-22 09:30:13,76572,2537,211,"최대 큰손 국민연금, 본격 코스닥 투자 임박? | 김성주 국민연금공단 이사장 [더 피플]"
2026-08-22 10:57:53,76572,2537,211,"최대 큰손 국민연금, 본격 코스닥 투자 임박? | 김성주 국민연금공단 이사장 [더 피플]"
2026-08-22 11:50:15,76572,2537,211,"최대 큰손 국민연금, 본격 코스닥 투자 임박? | 김성주 국민연금공단 이사장 [더 피플]"
2026-08-22 12:28:21,76572,2537,211,"최대 큰손 국민연금, 본격 코스닥 투자 임박? | 김성주 국민연금공단 이사장 [더 피플]"
2026-08-22 13:04:41,76572,2537,211,"최대 큰손 국민연금, 본격 코스닥 투자 임박? | 김성주 국민연금공단 이사장 [더 피플]"
2026-08-22 13:42:33,76572,2537,211,"최대 큰손 국민연금, 본격 코스닥 투자 임박? | 김성주 국민연금공단 이사장 [더 피플]"
2026-08-22 14:03:48,76572,2537,211,"최대 큰손 국민연금, 본격 코스닥 투자 임박? | 김성주 국민연금공단 이사장 [더 피플]"
2026-08-22 14:35:04,76572,2537,211,"최대 큰손 국민연금, 본격 코스닥 투자 임박? | 김성주 국민연금공단 이사장 [더 피플]"
2026-08-22 14:56:28,76572,2537,211,"최대 큰손 국민연금, 본격 코스닥 투자 임박? | 김성주 국민연금공단 이사장 [더 피플]"
2026-08-22 15:24:56,76572,2537,211,"최대 큰손 국민연금, 본격 코스닥 투자 임박? | 김성주 국민연금공단 이사장 [더 피플]"
2026-08-22 16:06:20,76572,2537,211,"최대 큰손 국민연금, 본격 코스닥 투자 임박? | 김성주 국민연금공단 이사장 [더 피플]"
2026-08-22 16:39:18,76572,2537,211,"최대 큰손 국민연금, 본격 코스닥 투자 임박? | 김성주 국민연금공단 이사장 [더 피플]"
2026-08-22 16:58:10,76572,2537,211,"최대 큰손 국민연금, 본격 코스닥 투자 임박? | 김성주 국민연금공단 이사장 [더 피플]"
2026-08-22 17:24:37,76572,2537,211,"최대 큰손 국민연금, 본격 코스닥 투자 임박? | 김성주 국민연금공단 이사장 [더 피플]"
2026-08-22 17:53:00,76572,2537,211,"최대 큰손 국민연금, 본격 코스닥 투자 임박? | 김성주 국민연금공단 이사장 [더 피플]"
2026-08-22 18:13:51,76572,2537,211,"최대 큰손 국민연금, 본격 코스닥 투자 임박? | 김성주 국민연금공단 이사장 [더 피플]"
2026-08-22 18:41:57,76572,2537,211,"최대 큰손 국민연금, 본격 코스닥 투자 임박? | 김성주 국민연금공단 이사장 [더 피플]"
2026-08-22 18:58:16,76572,2537,211,"최대 큰손 국민연금, 본격 코스닥 투자 임박? | 김성주 국민연금공단 이사장 [더 피플]"
2026-08-22 19:19:01,76572,2537,211,"최대 큰손 국민연금, 본격 코스닥 투자 임박? | 김성주 국민연금공단 이사장 [더 피플]"
2026-08-22 19:43:38,76572,2537,211,"최대 큰손 국민연금, 본격 코스닥 투자 임박? | 김성주 국민연금공단 이사장 [더 피플]"
2026-08-22 19:58:32,76572,2537,211,"최대 큰손 국민연금, 본격 코스닥 투자 임박? | 김성주 국민연금공단 이사장 [더 피플]"
2026-08-22 20:18:18,76572,2537,211,"최대 큰손 국민연금, 본격 코스닥 투자 임박? | 김성주 국민연금공단 이사장 [더 피플]"
2026-08-22 20:39:05,76572,2537,211,"최대 큰손 국민연금, 본격 코스닥 투자 임박? | 김성주 국민연금공단 이사장 [더 피플]"
2026-08-22 20:54:22,76572,2537,211,"최대 큰손 국민연금, 본격 코스닥 투자 임박? | 김성주 국민연금공단 이사장 [더 피플]"
2026-08-22 21:11:43,76572,2537,211,"최대 큰손 국민연금, 본격 코스닥 투자 임박? | 김성주 국민연금공단 이사장 [더 피플]"
2026-08-22 21:58:23,76572,2537,211,"최대 큰손 국민연금, 본격 코스닥 투자 임박? | 김성주 국민연금공단 이사장 [더 피플]"
2026-08-22 22:28:47,76572,2537,211,"최대 큰손 국민연금, 본격 코스닥 투자 임박? | 김성주 국민연금공단 이사장 [더 피플]"
2026-08-22 22:51:31,76572,2537,211,"최대 큰손 국민연금, 본격 코스닥 투자 임박? | 김성주 국민연금공단 이사장 [더 피플]"
2026-08-22 23:03:22,76573,2537,211,"최대 큰손 국민연금, 본격 코스닥 투자 임박? | 김성주 국민연금공단 이사장 [더 피플]"
2026-08-22 23:29:59,76574,2537,211,"최대 큰손 국민연금, 본격 코스닥 투자 임박? | 김성주 국민연금공단 이사장 [더 피플]"
2026-08-22 23:48:41,76574,2537,211,"최대 큰손 국민연금, 본격 코스닥 투자 임박? | 김성주 국민연금공단 이사장 [더 피플]"
2026-08-23 00:01:05,76573,2537,211,"최대 큰손 국민연금, 본격 코스닥 투자 임박? | 김성주 국민연금공단 이사장 [더 피플]"
2026-08-23 00:25:46,76573,2537,211,"최대 큰손 국민연금, 본격 코스닥 투자 임박? | 김성주 국민연금공단 이사장 [더 피플]"
2026-08-23 00:42:28,76573,2537,211,"최대 큰손 국민연금, 본격 코스닥 투자 임박? | 김성주 국민연금공단 이사장 [더 피플]"
2026-08-23 00:56:08,76573,2537,211,"최대 큰손 국민연금, 본격 코스닥 투자 임박? | 김성주 국민연금공단 이사장 [더 피플]"
2026-08-23 01:13:02,76574,2537,211,"최대 큰손 국민연금, 본격 코스닥 투자 임박? | 김성주 국민연금공단 이사장 [더 피플]"
2026-08-23 01:39:02,76573,2537,211,"최대 큰손 국민연금, 본격 코스닥 투자 임박? | 김성주 국민연금공단 이사장 [더 피플]"
2026-08-23 01:56:28,76574,2537,211,"최대 큰손 국민연금, 본격 코스닥 투자 임박? | 김성주 국민연금공단 이사장 [더 피플]"
2026-08-23 02:13:03,76574,2537,211,"최대 큰손 국민연금, 본격 코스닥 투자 임박? | 김성주 국민연금공단 이사장 [더 피플]"
2026-08-23 02:34:35,76574,2537,211,"최대 큰손 국민연금, 본격 코스닥 투자 임박? | 김성주 국민연금공단 이사장 [더 피플]"
2026-08-23 02:51:19,76574,2537,211,"최대 큰손 국민연금, 본격 코스닥 투자 임박? | 김성주 국민연금공단 이사장 [더 피플]"
2026-08-23 03:00:39,76574,2537,211,"최대 큰손 국민연금, 본격 코스닥 투자 임박? | 김성주 국민연금공단 이사장 [더 피플]"
2026-08-23 03:34:49,76574,2537,211,"최대 큰손 국민연금, 본격 코스닥 투자 임박? | 김성주 국민연금공단 이사장 [더 피플]"
2026-08-23 04:00:27,76574,2537,211,"최대 큰손 국민연금, 본격 코스닥 투자 임박? | 김성주 국민연금공단 이사장 [더 피플]"
2026-08-23 04:24:24,76574,2537,211,"최대 큰손 국민연금, 본격 코스닥 투자 임박? | 김성주 국민연금공단 이사장 [더 피플]"
2026-08-23 04:41:46,76574,2537,211,"최대 큰손 국민연금, 본격 코스닥 투자 임박? | 김성주 국민연금공단 이사장 [더 피플]"
2026-08-23 04:54:35,76574,2537,211,"최대 큰손 국민연금, 본격 코스닥 투자 임박? | 김성주 국민연금공단 이사장 [더 피플]"
2026-08-23 05:08:37,76574,2537,211,"최대 큰손 국민연금, 본격 코스닥 투자 임박? | 김성주 국민연금공단 이사장 [더 피플]"
2026-08-23 05:35:12,76574,2537,211,"최대 큰손 국민연금, 본격 코스닥 투자 임박? | 김성주 국민연금공단 이사장 [더 피플]"
2026-08-23 05:53:33,76574,2537,211,"최대 큰손 국민연금, 본격 코스닥 투자 임박? | 김성주 국민연금공단 이사장 [더 피플]"
2026-08-23 06:08:23,76574,2537,211,"최대 큰손 국민연금, 본격 코스닥 투자 임박? | 김성주 국민연금공단 이사장 [더 피플]"
2026-08-23 06:32:33,76574,2537,211,"최대 큰손 국민연금, 본격 코스닥 투자 임박? | 김성주 국민연금공단 이사장 [더 피플]"
2026-08-23 06:49:13,76574,2537,211,"최대 큰손 국민연금, 본격 코스닥 투자 임박? | 김성주 국민연금공단 이사장 [더 피플]"
2026-08-23 07:00:29,76574,2537,211,"최대 큰손 국민연금, 본격 코스닥 투자 임박? | 김성주 국민연금공단 이사장 [더 피플]"
2026-08-23 07:24:44,76574,2537,211,"최대 큰손 국민연금, 본격 코스닥 투자 임박? | 김성주 국민연금공단 이사장 [더 피플]"
2026-08-23 07:43:35,76574,2537,211,"최대 큰손 국민연금, 본격 코스닥 투자 임박? | 김성주 국민연금공단 이사장 [더 피플]"
2026-08-23 07:58:16,76574,2537,211,"최대 큰손 국민연금, 본격 코스닥 투자 임박? | 김성주 국민연금공단 이사장 [더 피플]"
2026-08-23 08:16:59,76574,2537,211,"최대 큰손 국민연금, 본격 코스닥 투자 임박? | 김성주 국민연금공단 이사장 [더 피플]"
2026-08-23 08:36:44,76574,2537,211,"최대 큰손 국민연금, 본격 코스닥 투자 임박? | 김성주 국민연금공단 이사장 [더 피플]"
2026-08-23 08:52:25,76574,2537,211,"최대 큰손 국민연금, 본격 코스닥 투자 임박? | 김성주 국민연금공단 이사장 [더 피플]"
2026-08-23 09:01:13,76574,2537,211,"최대 큰손 국민연금, 본격 코스닥 투자 임박? | 김성주 국민연금공단 이사장 [더 피플]"
2026-08-23 10:42:54,76574,2537,211,"최대 큰손 국민연금, 본격 코스닥 투자 임박? | 김성주 국민연금공단 이사장 [더 피플]"
2026-08-23 11:48:53,76574,2537,211,"최대 큰손 국민연금, 본격 코스닥 투자 임박? | 김성주 국민연금공단 이사장 [더 피플]"
2026-08-23 12:36:52,76574,2537,211,"최대 큰손 국민연금, 본격 코스닥 투자 임박? | 김성주 국민연금공단 이사장 [더 피플]"
2026-08-23 13:19:17,76574,2537,211,"최대 큰손 국민연금, 본격 코스닥 투자 임박? | 김성주 국민연금공단 이사장 [더 피플]"
2026-08-23 13:54:49,76574,2537,211,"최대 큰손 국민연금, 본격 코스닥 투자 임박? | 김성주 국민연금공단 이사장 [더 피플]"
2026-08-23 14:18:27,76574,2537,211,"최대 큰손 국민연금, 본격 코스닥 투자 임박? | 김성주 국민연금공단 이사장 [더 피플]"
2026-08-23 14:47:52,76574,2537,211,"최대 큰손 국민연금, 본격 코스닥 투자 임박? | 김성주 국민연금공단 이사장 [더 피플]"
2026-08-23 15:14:50,76574,2537,211,"최대 큰손 국민연금, 본격 코스닥 투자 임박? | 김성주 국민연금공단 이사장 [더 피플]"
2026-08-23 16:01:04,76574,2537,211,"최대 큰손 국민연금, 본격 코스닥 투자 임박? | 김성주 국민연금공단 이사장 [더 피플]"
2026-08-23 16:36:45,76574,2537,211,"최대 큰손 국민연금, 본격 코스닥 투자 임박? | 김성주 국민연금공단 이사장 [더 피플]"
2026-08-23 16:58:31,76574,2537,211,"최대 큰손 국민연금, 본격 코스닥 투자 임박? | 김성주 국민연금공단 이사장 [더 피플]"
2026-08-23 17:26:19,76574,2537,211,"최대 큰손 국민연금, 본격 코스닥 투자 임박? | 김성주 국민연금공단 이사장 [더 피플]"
2026-08-23 17:55:07,76574,2537,211,"최대 큰손 국민연금, 본격 코스닥 투자 임박? | 김성주 국민연금공단 이사장 [더 피플]"
2026-08-23 18:16:30,76574,2537,211,"최대 큰손 국민연금, 본격 코스닥 투자 임박? | 김성주 국민연금공단 이사장 [더 피플]"
2026-08-23 18:44:16,76574,2537,211,"최대 큰손 국민연금, 본격 코스닥 투자 임박? | 김성주 국민연금공단 이사장 [더 피플]"
2026-08-23 18:59:58,76574,2537,211,"최대 큰손 국민연금, 본격 코스닥 투자 임박? | 김성주 국민연금공단 이사장 [더 피플]"
2026-08-23 19:25:11,76574,2537,211,"최대 큰손 국민연금, 본격 코스닥 투자 임박? | 김성주 국민연금공단 이사장 [더 피플]"
2026-08-23 19:46:29,76574,2537,211,"최대 큰손 국민연금, 본격 코스닥 투자 임박? | 김성주 국민연금공단 이사장 [더 피플]"
2026-08-23 20:01:04,76574,2537,211,"최대 큰손 국민연금, 본격 코스닥 투자 임박? | 김성주 국민연금공단 이사장 [더 피플]"
2026-08-23 20:24:12,76574,2537,211,"최대 큰손 국민연금, 본격 코스닥 투자 임박? | 김성주 국민연금공단 이사장 [더 피플]"
2026-08-23 20:40:31,76574,2537,211,"최대 큰손 국민연금, 본격 코스닥 투자 임박? | 김성주 국민연금공단 이사장 [더 피플]"
2026-08-23 20:55:40,76574,2537,211,"최대 큰손 국민연금, 본격 코스닥 투자 임박? | 김성주 국민연금공단 이사장 [더 피플]"
2026-08-23 21:18:30,76574,2537,211,"최대 큰손 국민연금, 본격 코스닥 투자 임박? | 김성주 국민연금공단 이사장 [더 피플]"
2026-08-23 22:04:46,76574,2537,211,"최대 큰손 국민연금, 본격 코스닥 투자 임박? | 김성주 국민연금공단 이사장 [더 피플]"
2026-08-23 22:39:57,76574,2537,211,"최대 큰손 국민연금, 본격 코스닥 투자 임박? | 김성주 국민연금공단 이사장 [더 피플]"
2026-08-23 22:57:51,76574,2537,211,"최대 큰손 국민연금, 본격 코스닥 투자 임박? | 김성주 국민연금공단 이사장 [더 피플]"
2026-08-23 23:18:22,76574,2537,211,"최대 큰손 국민연금, 본격 코스닥 투자 임박? | 김성주 국민연금공단 이사장 [더 피플]"
2026-08-23 23:43:04,76574,2537,211,"최대 큰손 국민연금, 본격 코스닥 투자 임박? | 김성주 국민연금공단 이사장 [더 피플]"
2026-08-23 23:59:13,76574,2537,211,"최대 큰손 국민연금, 본격 코스닥 투자 임박? | 김성주 국민연금공단 이사장 [더 피플]"
2026-08-24 00:21:30,76574,2537,211,"최대 큰손 국민연금, 본격 코스닥 투자 임박? | 김성주 국민연금공단 이사장 [더 피플]"
2026-08-24 00:41:15,76574,2537,211,"최대 큰손 국민연금, 본격 코스닥 투자 임박? | 김성주 국민연금공단 이사장 [더 피플]"
2026-08-24 00:56:00,76574,2537,211,"최대 큰손 국민연금, 본격 코스닥 투자 임박? | 김성주 국민연금공단 이사장 [더 피플]"
2026-08-24 01:14:12,76574,2537,211,"최대 큰손 국민연금, 본격 코스닥 투자 임박? | 김성주 국민연금공단 이사장 [더 피플]"
2026-08-24 01:42:39,76574,2537,211,"최대 큰손 국민연금, 본격 코스닥 투자 임박? | 김성주 국민연금공단 이사장 [더 피플]"
2026-08-24 02:00:24,76574,2537,211,"최대 큰손 국민연금, 본격 코스닥 투자 임박? | 김성주 국민연금공단 이사장 [더 피플]"
2026-08-24 02:22:07,76574,2537,211,"최대 큰손 국민연금, 본격 코스닥 투자 임박? | 김성주 국민연금공단 이사장 [더 피플]"
2026-08-24 02:40:04,76574,2537,211,"최대 큰손 국민연금, 본격 코스닥 투자 임박? | 김성주 국민연금공단 이사장 [더 피플]"
2026-08-24 02:54:05,76574,2537,211,"최대 큰손 국민연금, 본격 코스닥 투자 임박? | 김성주 국민연금공단 이사장 [더 피플]"
2026-08-24 03:09:15,76574,2537,211,"최대 큰손 국민연금, 본격 코스닥 투자 임박? | 김성주 국민연금공단 이사장 [더 피플]"
2026-08-24 03:45:07,76574,2537,211,"최대 큰손 국민연금, 본격 코스닥 투자 임박? | 김성주 국민연금공단 이사장 [더 피플]"
2026-08-24 04:03:44,76574,2537,211,"최대 큰손 국민연금, 본격 코스닥 투자 임박? | 김성주 국민연금공단 이사장 [더 피플]"
2026-08-24 04:28:17,76574,2537,211,"최대 큰손 국민연금, 본격 코스닥 투자 임박? | 김성주 국민연금공단 이사장 [더 피플]"
2026-08-24 04:44:20,76574,2537,211,"최대 큰손 국민연금, 본격 코스닥 투자 임박? | 김성주 국민연금공단 이사장 [더 피플]"
2026-08-24 04:56:09,76574,2537,211,"최대 큰손 국민연금, 본격 코스닥 투자 임박? | 김성주 국민연금공단 이사장 [더 피플]"
2026-08-24 05:12:19,76574,2537,211,"최대 큰손 국민연금, 본격 코스닥 투자 임박? | 김성주 국민연금공단 이사장 [더 피플]"
2026-08-24 05:37:06,76574,2537,211,"최대 큰손 국민연금, 본격 코스닥 투자 임박? | 김성주 국민연금공단 이사장 [더 피플]"
2026-08-24 05:54:36,76574,2537,211,"최대 큰손 국민연금, 본격 코스닥 투자 임박? | 김성주 국민연금공단 이사장 [더 피플]"
2026-08-24 06:09:35,76574,2537,211,"최대 큰손 국민연금, 본격 코스닥 투자 임박? | 김성주 국민연금공단 이사장 [더 피플]"
2026-08-24 06:33:40,76574,2537,211,"최대 큰손 국민연금, 본격 코스닥 투자 임박? | 김성주 국민연금공단 이사장 [더 피플]"
2026-08-24 06:49:46,76574,2537,211,"최대 큰손 국민연금, 본격 코스닥 투자 임박? | 김성주 국민연금공단 이사장 [더 피플]"
2026-08-24 07:00:14,76574,2537,211,"최대 큰손 국민연금, 본격 코스닥 투자 임박? | 김성주 국민연금공단 이사장 [더 피플]"
2026-08-24 07:23:38,76574,2537,211,"최대 큰손 국민연금, 본격 코스닥 투자 임박? | 김성주 국민연금공단 이사장 [더 피플]"
2026-08-24 07:42:57,76574,2537,211,"최대 큰손 국민연금, 본격 코스닥 투자 임박? | 김성주 국민연금공단 이사장 [더 피플]"
2026-08-24 07:57:47,76574,2537,211,"최대 큰손 국민연금, 본격 코스닥 투자 임박? | 김성주 국민연금공단 이사장 [더 피플]"
2026-08-24 08:16:08,76574,2537,211,"최대 큰손 국민연금, 본격 코스닥 투자 임박? | 김성주 국민연금공단 이사장 [더 피플]"
2026-08-24 08:36:14,76574,2537,211,"최대 큰손 국민연금, 본격 코스닥 투자 임박? | 김성주 국민연금공단 이사장 [더 피플]"
2026-08-24 08:52:10,76574,2537,211,"최대 큰손 국민연금, 본격 코스닥 투자 임박? | 김성주 국민연금공단 이사장 [더 피플]"
2026-08-24 09:01:21,76574,2537,211,"최대 큰손 국민연금, 본격 코스닥 투자 임박? | 김성주 국민연금공단 이사장 [더 피플]"
2026-08-24 10:41:32,76574,2537,211,"최대 큰손 국민연금, 본격 코스닥 투자 임박? | 김성주 국민연금공단 이사장 [더 피플]"
2026-08-24 11:49:05,76574,2537,211,"최대 큰손 국민연금, 본격 코스닥 투자 임박? | 김성주 국민연금공단 이사장 [더 피플]"
2026-08-24 12:39:32,76574,2537,211,"최대 큰손 국민연금, 본격 코스닥 투자 임박? | 김성주 국민연금공단 이사장 [더 피플]"
2026-08-24 13:26:08,76574,2537,211,"최대 큰손 국민연금, 본격 코스닥 투자 임박? | 김성주 국민연금공단 이사장 [더 피플]"
2026-08-24 14:08:38,76574,2537,211,"최대 큰손 국민연금, 본격 코스닥 투자 임박? | 김성주 국민연금공단 이사장 [더 피플]"
2026-08-24 14:49:50,76574,2537,211,"최대 큰손 국민연금, 본격 코스닥 투자 임박? | 김성주 국민연금공단 이사장 [더 피플]"
2026-08-24 15:25:51,76574,2537,211,"최대 큰손 국민연금, 본격 코스닥 투자 임박? | 김성주 국민연금공단 이사장 [더 피플]"
2026-08-24 16:34:13,76574,2537,211,"최대 큰손 국민연금, 본격 코스닥 투자 임박? | 김성주 국민연금공단 이사장 [더 피플]"
2026-08-24 17:22:01,76574,2537,211,"최대 큰손 국민연금, 본격 코스닥 투자 임박? | 김성주 국민연금공단 이사장 [더 피플]"
2026-08-24 18:08:25,76574,2537,211,"최대 큰손 국민연금, 본격 코스닥 투자 임박? | 김성주 국민연금공단 이사장 [더 피플]"
2026-08-24 18:58:40,76574,2537,211,"최대 큰손 국민연금, 본격 코스닥 투자 임박? | 김성주 국민연금공단 이사장 [더 피플]"
2026-08-24 19:35:00,76574,2537,211,"최대 큰손 국민연금, 본격 코스닥 투자 임박? | 김성주 국민연금공단 이사장 [더 피플]"
2026-08-24 20:04:01,76574,2537,211,"최대 큰손 국민연금, 본격 코스닥 투자 임박? | 김성주 국민연금공단 이사장 [더 피플]"
2026-08-24 20:36:54,76574,2537,211,"최대 큰손 국민연금, 본격 코스닥 투자 임박? | 김성주 국민연금공단 이사장 [더 피플]"
2026-08-24 20:57:50,76574,2537,211,"최대 큰손 국민연금, 본격 코스닥 투자 임박? | 김성주 국민연금공단 이사장 [더 피플]"
2026-08-24 21:40:10,76574,2537,211,"최대 큰손 국민연금, 본격 코스닥 투자 임박? | 김성주 국민연금공단 이사장 [더 피플]"
2026-08-24 22:34:24,76574,2537,211,"최대 큰손 국민연금, 본격 코스닥 투자 임박? | 김성주 국민연금공단 이사장 [더 피플]"
2026-08-24 23:20:46,76574,2537,211,"최대 큰손 국민연금, 본격 코스닥 투자 임박? | 김성주 국민연금공단 이사장 [더 피플]"
2026-08-25 00:04:29,76574,2537,211,"최대 큰손 국민연금, 본격 코스닥 투자 임박? | 김성주 국민연금공단 이사장 [더 피플]"
2026-08-25 00:49:21,76574,2537,211,"최대 큰손 국민연금, 본격 코스닥 투자 임박? | 김성주 국민연금공단 이사장 [더 피플]"
2026-08-25 01:17:30,76574,2537,211,"최대 큰손 국민연금, 본격 코스닥 투자 임박? | 김성주 국민연금공단 이사장 [더 피플]"
2026-08-25 01:57:00,76574,2537,211,"최대 큰손 국민연금, 본격 코스닥 투자 임박? | 김성주 국민연금공단 이사장 [더 피플]"
2026-08-25 02:24:45,76574,2537,211,"최대 큰손 국민연금, 본격 코스닥 투자 임박? | 김성주 국민연금공단 이사장 [더 피플]"
2026-08-25 02:53:00,76574,2537,211,"최대 큰손 국민연금, 본격 코스닥 투자 임박? | 김성주 국민연금공단 이사장 [더 피플]"
2026-08-25 03:18:04,76574,2537,211,"최대 큰손 국민연금, 본격 코스닥 투자 임박? | 김성주 국민연금공단 이사장 [더 피플]"
2026-08-25 04:02:45,76574,2537,211,"최대 큰손 국민연금, 본격 코스닥 투자 임박? | 김성주 국민연금공단 이사장 [더 피플]"
2026-08-25 04:35:52,76574,2537,211,"최대 큰손 국민연금, 본격 코스닥 투자 임박? | 김성주 국민연금공단 이사장 [더 피플]"
2026-08-25 04:57:59,76574,2537,211,"최대 큰손 국민연금, 본격 코스닥 투자 임박? | 김성주 국민연금공단 이사장 [더 피플]"
2026-08-25 05:25:08,76574,2537,211,"최대 큰손 국민연금, 본격 코스닥 투자 임박? | 김성주 국민연금공단 이사장 [더 피플]"
2026-08-25 05:54:47,76574,2537,211,"최대 큰손 국민연금, 본격 코스닥 투자 임박? | 김성주 국민연금공단 이사장 [더 피플]"
2026-08-25 06:16:50,76574,2537,211,"최대 큰손 국민연금, 본격 코스닥 투자 임박? | 김성주 국민연금공단 이사장 [더 피플]"
2026-08-25 06:45:15,76574,2537,211,"최대 큰손 국민연금, 본격 코스닥 투자 임박? | 김성주 국민연금공단 이사장 [더 피플]"
2026-08-25 07:02:02,76574,2537,211,"최대 큰손 국민연금, 본격 코스닥 투자 임박? | 김성주 국민연금공단 이사장 [더 피플]"
2026-08-25 07:33:51,76574,2537,211,"최대 큰손 국민연금, 본격 코스닥 투자 임박? | 김성주 국민연금공단 이사장 [더 피플]"
2026-08-25 07:55:50,76574,2537,211,"최대 큰손 국민연금, 본격 코스닥 투자 임박? | 김성주 국민연금공단 이사장 [더 피플]"
2026-08-25 08:13:57,76574,2537,211,"최대 큰손 국민연금, 본격 코스닥 투자 임박? | 김성주 국민연금공단 이사장 [더 피플]"
2026-08-25 08:34:35,76574,2537,211,"최대 큰손 국민연금, 본격 코스닥 투자 임박? | 김성주 국민연금공단 이사장 [더 피플]"
2026-08-25 08:51:21,76574,2537,211,"최대 큰손 국민연금, 본격 코스닥 투자 임박? | 김성주 국민연금공단 이사장 [더 피플]"
2026-08-25 09:23:44,76574,2537,211,"최대 큰손 국민연금, 본격 코스닥 투자 임박? | 김성주 국민연금공단 이사장 [더 피플]"
2026-08-25 10:56:19,76574,2537,211,"최대 큰손 국민연금, 본격 코스닥 투자 임박? | 김성주 국민연금공단 이사장 [더 피플]"
2026-08-25 11:51:08,76574,2537,211,"최대 큰손 국민연금, 본격 코스닥 투자 임박? | 김성주 국민연금공단 이사장 [더 피플]"
2026-08-25 12:35:14,76574,2537,211,"최대 큰손 국민연금, 본격 코스닥 투자 임박? | 김성주 국민연금공단 이사장 [더 피플]"
2026-08-25 13:18:26,76574,2537,211,"최대 큰손 국민연금, 본격 코스닥 투자 임박? | 김성주 국민연금공단 이사장 [더 피플]"
2026-08-25 13:56:40,76574,2537,211,"최대 큰손 국민연금, 본격 코스닥 투자 임박? | 김성주 국민연금공단 이사장 [더 피플]"
2026-08-25 14:24:37,76574,2537,211,"최대 큰손 국민연금, 본격 코스닥 투자 임박? | 김성주 국민연금공단 이사장 [더 피플]"
2026-08-25 14:53:42,76574,2537,211,"최대 큰손 국민연금, 본격 코스닥 투자 임박? | 김성주 국민연금공단 이사장 [더 피플]"
2026-08-25 15:20:34,76574,2537,211,"최대 큰손 국민연금, 본격 코스닥 투자 임박? | 김성주 국민연금공단 이사장 [더 피플]"
2026-08-25 16:12:34,76574,2537,211,"최대 큰손 국민연금, 본격 코스닥 투자 임박? | 김성주 국민연금공단 이사장 [더 피플]"
2026-08-25 16:56:37,76574,2537,211,"최대 큰손 국민연금, 본격 코스닥 투자 임박? | 김성주 국민연금공단 이사장 [더 피플]"
2026-08-25 17:32:53,76574,2537,211,"최대 큰손 국민연금, 본격 코스닥 투자 임박? | 김성주 국민연금공단 이사장 [더 피플]"
2026-08-25 18:09:57,76574,2537,211,"최대 큰손 국민연금, 본격 코스닥 투자 임박? | 김성주 국민연금공단 이사장 [더 피플]"
2026-08-25 18:48:48,76574,2537,211,"최대 큰손 국민연금, 본격 코스닥 투자 임박? | 김성주 국민연금공단 이사장 [더 피플]"
2026-08-25 19:15:02,76574,2537,211,"최대 큰손 국민연금, 본격 코스닥 투자 임박? | 김성주 국민연금공단 이사장 [더 피플]"
2026-08-25 19:49:45,76574,2537,211,"최대 큰손 국민연금, 본격 코스닥 투자 임박? | 김성주 국민연금공단 이사장 [더 피플]"
2026-08-25 20:12:10,76574,2537,211,"최대 큰손 국민연금, 본격 코스닥 투자 임박? | 김성주 국민연금공단 이사장 [더 피플]"
2026-08-25 20:41:26,76574,2537,211,"최대 큰손 국민연금, 본격 코스닥 투자 임박? | 김성주 국민연금공단 이사장 [더 피플]"
2026-08-25 21:01:04,76574,2537,211,"최대 큰손 국민연금, 본격 코스닥 투자 임박? | 김성주 국민연금공단 이사장 [더 피플]"
2026-08-25 21:54:40,76574,2537,211,"최대 큰손 국민연금, 본격 코스닥 투자 임박? | 김성주 국민연금공단 이사장 [더 피플]"
2026-08-25 22:38:20,76574,2537,211,"최대 큰손 국민연금, 본격 코스닥 투자 임박? | 김성주 국민연금공단 이사장 [더 피플]"
2026-08-25 23:24:31,76574,2537,211,"최대 큰손 국민연금, 본격 코스닥 투자 임박? | 김성주 국민연금공단 이사장 [더 피플]"
2026-08-26 00:09:58,76574,2537,211,"최대 큰손 국민연금, 본격 코스닥 투자 임박? | 김성주 국민연금공단 이사장 [더 피플]"
2026-08-26 00:56:16,76574,2537,211,"최대 큰손 국민연금, 본격 코스닥 투자 임박? | 김성주 국민연금공단 이사장 [더 피플]"
2026-08-26 01:25:55,76574,2537,211,"최대 큰손 국민연금, 본격 코스닥 투자 임박? | 김성주 국민연금공단 이사장 [더 피플]"
2026-08-26 02:02:57,76574,2537,211,"최대 큰손 국민연금, 본격 코스닥 투자 임박? | 김성주 국민연금공단 이사장 [더 피플]"
2026-08-26 02:38:08,76574,2537,211,"최대 큰손 국민연금, 본격 코스닥 투자 임박? | 김성주 국민연금공단 이사장 [더 피플]"
2026-08-26 03:00:51,76574,2537,211,"최대 큰손 국민연금, 본격 코스닥 투자 임박? | 김성주 국민연금공단 이사장 [더 피플]"
2026-08-26 03:43:13,76574,2537,211,"최대 큰손 국민연금, 본격 코스닥 투자 임박? | 김성주 국민연금공단 이사장 [더 피플]"
2026-08-26 04:17:25,76574,2537,211,"최대 큰손 국민연금, 본격 코스닥 투자 임박? | 김성주 국민연금공단 이사장 [더 피플]"
2026-08-26 04:47:29,76574,2537,211,"최대 큰손 국민연금, 본격 코스닥 투자 임박? | 김성주 국민연금공단 이사장 [더 피플]"
2026-08-26 05:03:21,76574,2537,211,"최대 큰손 국민연금, 본격 코스닥 투자 임박? | 김성주 국민연금공단 이사장 [더 피플]"
2026-08-26 05:37:59,76574,2537,211,"최대 큰손 국민연금, 본격 코스닥 투자 임박? | 김성주 국민연금공단 이사장 [더 피플]"
2026-08-26 05:59:12,76574,2537,211,"최대 큰손 국민연금, 본격 코스닥 투자 임박? | 김성주 국민연금공단 이사장 [더 피플]"
2026-08-26 06:27:01,76574,2537,211,"최대 큰손 국민연금, 본격 코스닥 투자 임박? | 김성주 국민연금공단 이사장 [더 피플]"
2026-08-26 06:51:09,76574,2537,211,"최대 큰손 국민연금, 본격 코스닥 투자 임박? | 김성주 국민연금공단 이사장 [더 피플]"
2026-08-26 07:09:09,76574,2537,211,"최대 큰손 국민연금, 본격 코스닥 투자 임박? | 김성주 국민연금공단 이사장 [더 피플]"
2026-08-26 07:41:28,76574,2537,211,"최대 큰손 국민연금, 본격 코스닥 투자 임박? | 김성주 국민연금공단 이사장 [더 피플]"
2026-08-26 08:01:00,76574,2537,211,"최대 큰손 국민연금, 본격 코스닥 투자 임박? | 김성주 국민연금공단 이사장 [더 피플]"
2026-08-26 08:27:52,76574,2537,211,"최대 큰손 국민연금, 본격 코스닥 투자 임박? | 김성주 국민연금공단 이사장 [더 피플]"
2026-08-26 08:47:51,76574,2537,211,"최대 큰손 국민연금, 본격 코스닥 투자 임박? | 김성주 국민연금공단 이사장 [더 피플]"
2026-08-26 09:01:25,76574,2537,211,"최대 큰손 국민연금, 본격 코스닥 투자 임박? | 김성주 국민연금공단 이사장 [더 피플]"
2026-08-26 10:41:49,76574,2537,210,"최대 큰손 국민연금, 본격 코스닥 투자 임박? | 김성주 국민연금공단 이사장 [더 피플]"
2026-08-26 11:51:14,76574,2537,210,"최대 큰손 국민연금, 본격 코스닥 투자 임박? | 김성주 국민연금공단 이사장 [더 피플]"
2026-08-26 12:40:46,76574,2537,210,"최대 큰손 국민연금, 본격 코스닥 투자 임박? | 김성주 국민연금공단 이사장 [더 피플]"
2026-08-26 13:21:37,76574,2537,210,"최대 큰손 국민연금, 본격 코스닥 투자 임박? | 김성주 국민연금공단 이사장 [더 피플]"
2026-08-26 13:59:43,76574,2537,210,"최대 큰손 국민연금, 본격 코스닥 투자 임박? | 김성주 국민연금공단 이사장 [더 피플]"
2026-08-26 14:34:47,76574,2537,210,"최대 큰손 국민연금, 본격 코스닥 투자 임박? | 김성주 국민연금공단 이사장 [더 피플]"
2026-08-26 15:02:22,76574,2537,210,"최대 큰손 국민연금, 본격 코스닥 투자 임박? | 김성주 국민연금공단 이사장 [더 피플]"
2026-08-26 16:00:58,76574,2537,210,"최대 큰손 국민연금, 본격 코스닥 투자 임박? | 김성주 국민연금공단 이사장 [더 피플]"
2026-08-26 16:50:18,76574,2537,210,"최대 큰손 국민연금, 본격 코스닥 투자 임박? | 김성주 국민연금공단 이사장 [더 피플]"
2026-08-26 17:24:49,76574,2537,210,"최대 큰손 국민연금, 본격 코스닥 투자 임박? | 김성주 국민연금공단 이사장 [더 피플]"
2026-08-26 18:07:27,76574,2537,210,"최대 큰손 국민연금, 본격 코스닥 투자 임박? | 김성주 국민연금공단 이사장 [더 피플]"
2026-08-26 19:20:19,76574,2537,210,"최대 큰손 국민연금, 본격 코스닥 투자 임박? | 김성주 국민연금공단 이사장 [더 피플]"
2026-08-26 19:54:15,76574,2537,210,"최대 큰손 국민연금, 본격 코스닥 투자 임박? | 김성주 국민연금공단 이사장 [더 피플]"
2026-08-26 20:16:35,76574,2537,210,"최대 큰손 국민연금, 본격 코스닥 투자 임박? | 김성주 국민연금공단 이사장 [더 피플]"
2026-08-26 20:46:59,76574,2537,210,"최대 큰손 국민연금, 본격 코스닥 투자 임박? | 김성주 국민연금공단 이사장 [더 피플]"
2026-08-26 21:16:23,76574,2537,210,"최대 큰손 국민연금, 본격 코스닥 투자 임박? | 김성주 국민연금공단 이사장 [더 피플]"
2026-08-26 22:17:34,76574,2537,210,"최대 큰손 국민연금, 본격 코스닥 투자 임박? | 김성주 국민연금공단 이사장 [더 피플]"
2026-08-26 23:06:07,76574,2537,210,"최대 큰손 국민연금, 본격 코스닥 투자 임박? | 김성주 국민연금공단 이사장 [더 피플]"
